нов 12, 2024 2:47:54 ПО ПОДНЕ net.etfbl.org.userApp.UserApp start
SEVERE: An error occured in the main app - UserApp
javafx.fxml.LoadException: No controller specified.
/C:/Users/Bojan/MDP_Projekat_2024/UserApp/target/classes/fxmlPages/LoginPage.fxml:45

	at javafx.fxml/javafx.fxml.FXMLLoader.constructLoadException(FXMLLoader.java:2710)
	at javafx.fxml/javafx.fxml.FXMLLoader$Element.getControllerMethodHandle(FXMLLoader.java:568)
	at javafx.fxml/javafx.fxml.FXMLLoader$Element.processEventHandlerAttributes(FXMLLoader.java:610)
	at javafx.fxml/javafx.fxml.FXMLLoader$ValueElement.processEndElement(FXMLLoader.java:781)
	at javafx.fxml/javafx.fxml.FXMLLoader.processEndElement(FXMLLoader.java:2961)
	at javafx.fxml/javafx.fxml.FXMLLoader.loadImpl(FXMLLoader.java:2646)
	at javafx.fxml/javafx.fxml.FXMLLoader.loadImpl(FXMLLoader.java:2555)
	at javafx.fxml/javafx.fxml.FXMLLoader.load(FXMLLoader.java:2523)
	at net.etfbl.org.userApp.UserApp.start(UserApp.java:20)
	at javafx.graphics/com.sun.javafx.application.LauncherImpl.lambda$launchApplication1$9(LauncherImpl.java:847)
	at javafx.graphics/com.sun.javafx.application.PlatformImpl.lambda$runAndWait$12(PlatformImpl.java:484)
	at javafx.graphics/com.sun.javafx.application.PlatformImpl.lambda$runLater$10(PlatformImpl.java:457)
	at java.base/java.security.AccessController.doPrivileged(AccessController.java:399)
	at javafx.graphics/com.sun.javafx.application.PlatformImpl.lambda$runLater$11(PlatformImpl.java:456)
	at javafx.graphics/com.sun.glass.ui.InvokeLaterDispatcher$Future.run(InvokeLaterDispatcher.java:96)
	at javafx.graphics/com.sun.glass.ui.win.WinApplication._runLoop(Native Method)
	at javafx.graphics/com.sun.glass.ui.win.WinApplication.lambda$runLoop$3(WinApplication.java:184)
	at java.base/java.lang.Thread.run(Thread.java:842)

нов 12, 2024 2:58:13 ПО ПОДНЕ net.etfbl.org.userApp.UserApp start
SEVERE: An error occured in the main app - UserApp
javafx.fxml.LoadException: No controller specified.
/C:/Users/Bojan/MDP_Projekat_2024/UserApp/target/classes/fxmlPages/LoginPage.fxml:45

	at javafx.fxml/javafx.fxml.FXMLLoader.constructLoadException(FXMLLoader.java:2710)
	at javafx.fxml/javafx.fxml.FXMLLoader$Element.getControllerMethodHandle(FXMLLoader.java:568)
	at javafx.fxml/javafx.fxml.FXMLLoader$Element.processEventHandlerAttributes(FXMLLoader.java:610)
	at javafx.fxml/javafx.fxml.FXMLLoader$ValueElement.processEndElement(FXMLLoader.java:781)
	at javafx.fxml/javafx.fxml.FXMLLoader.processEndElement(FXMLLoader.java:2961)
	at javafx.fxml/javafx.fxml.FXMLLoader.loadImpl(FXMLLoader.java:2646)
	at javafx.fxml/javafx.fxml.FXMLLoader.loadImpl(FXMLLoader.java:2555)
	at javafx.fxml/javafx.fxml.FXMLLoader.load(FXMLLoader.java:2523)
	at net.etfbl.org.userApp.UserApp.start(UserApp.java:20)
	at javafx.graphics/com.sun.javafx.application.LauncherImpl.lambda$launchApplication1$9(LauncherImpl.java:847)
	at javafx.graphics/com.sun.javafx.application.PlatformImpl.lambda$runAndWait$12(PlatformImpl.java:484)
	at javafx.graphics/com.sun.javafx.application.PlatformImpl.lambda$runLater$10(PlatformImpl.java:457)
	at java.base/java.security.AccessController.doPrivileged(AccessController.java:399)
	at javafx.graphics/com.sun.javafx.application.PlatformImpl.lambda$runLater$11(PlatformImpl.java:456)
	at javafx.graphics/com.sun.glass.ui.InvokeLaterDispatcher$Future.run(InvokeLaterDispatcher.java:96)
	at javafx.graphics/com.sun.glass.ui.win.WinApplication._runLoop(Native Method)
	at javafx.graphics/com.sun.glass.ui.win.WinApplication.lambda$runLoop$3(WinApplication.java:184)
	at java.base/java.lang.Thread.run(Thread.java:842)

нов 12, 2024 2:59:32 ПО ПОДНЕ net.etfbl.org.userApp.UserApp start
SEVERE: An error occured in the main app - UserApp
javafx.fxml.LoadException: No controller specified.
/C:/Users/Bojan/MDP_Projekat_2024/UserApp/target/classes/fxmlPages/LoginPage.fxml:45

	at javafx.fxml/javafx.fxml.FXMLLoader.constructLoadException(FXMLLoader.java:2710)
	at javafx.fxml/javafx.fxml.FXMLLoader$Element.getControllerMethodHandle(FXMLLoader.java:568)
	at javafx.fxml/javafx.fxml.FXMLLoader$Element.processEventHandlerAttributes(FXMLLoader.java:610)
	at javafx.fxml/javafx.fxml.FXMLLoader$ValueElement.processEndElement(FXMLLoader.java:781)
	at javafx.fxml/javafx.fxml.FXMLLoader.processEndElement(FXMLLoader.java:2961)
	at javafx.fxml/javafx.fxml.FXMLLoader.loadImpl(FXMLLoader.java:2646)
	at javafx.fxml/javafx.fxml.FXMLLoader.loadImpl(FXMLLoader.java:2555)
	at javafx.fxml/javafx.fxml.FXMLLoader.load(FXMLLoader.java:2523)
	at net.etfbl.org.userApp.UserApp.start(UserApp.java:20)
	at javafx.graphics/com.sun.javafx.application.LauncherImpl.lambda$launchApplication1$9(LauncherImpl.java:847)
	at javafx.graphics/com.sun.javafx.application.PlatformImpl.lambda$runAndWait$12(PlatformImpl.java:484)
	at javafx.graphics/com.sun.javafx.application.PlatformImpl.lambda$runLater$10(PlatformImpl.java:457)
	at java.base/java.security.AccessController.doPrivileged(AccessController.java:399)
	at javafx.graphics/com.sun.javafx.application.PlatformImpl.lambda$runLater$11(PlatformImpl.java:456)
	at javafx.graphics/com.sun.glass.ui.InvokeLaterDispatcher$Future.run(InvokeLaterDispatcher.java:96)
	at javafx.graphics/com.sun.glass.ui.win.WinApplication._runLoop(Native Method)
	at javafx.graphics/com.sun.glass.ui.win.WinApplication.lambda$runLoop$3(WinApplication.java:184)
	at java.base/java.lang.Thread.run(Thread.java:842)

нов 12, 2024 3:04:02 ПО ПОДНЕ net.etfbl.org.userApp.UserApp start
SEVERE: An error occured in the main app - UserApp
javafx.fxml.LoadException: No controller specified.
/C:/Users/Bojan/MDP_Projekat_2024/UserApp/target/classes/fxmlPages/LoginPage.fxml:45

	at javafx.fxml/javafx.fxml.FXMLLoader.constructLoadException(FXMLLoader.java:2710)
	at javafx.fxml/javafx.fxml.FXMLLoader$Element.getControllerMethodHandle(FXMLLoader.java:568)
	at javafx.fxml/javafx.fxml.FXMLLoader$Element.processEventHandlerAttributes(FXMLLoader.java:610)
	at javafx.fxml/javafx.fxml.FXMLLoader$ValueElement.processEndElement(FXMLLoader.java:781)
	at javafx.fxml/javafx.fxml.FXMLLoader.processEndElement(FXMLLoader.java:2961)
	at javafx.fxml/javafx.fxml.FXMLLoader.loadImpl(FXMLLoader.java:2646)
	at javafx.fxml/javafx.fxml.FXMLLoader.loadImpl(FXMLLoader.java:2555)
	at javafx.fxml/javafx.fxml.FXMLLoader.load(FXMLLoader.java:2523)
	at net.etfbl.org.userApp.UserApp.start(UserApp.java:20)
	at javafx.graphics/com.sun.javafx.application.LauncherImpl.lambda$launchApplication1$9(LauncherImpl.java:847)
	at javafx.graphics/com.sun.javafx.application.PlatformImpl.lambda$runAndWait$12(PlatformImpl.java:484)
	at javafx.graphics/com.sun.javafx.application.PlatformImpl.lambda$runLater$10(PlatformImpl.java:457)
	at java.base/java.security.AccessController.doPrivileged(AccessController.java:399)
	at javafx.graphics/com.sun.javafx.application.PlatformImpl.lambda$runLater$11(PlatformImpl.java:456)
	at javafx.graphics/com.sun.glass.ui.InvokeLaterDispatcher$Future.run(InvokeLaterDispatcher.java:96)
	at javafx.graphics/com.sun.glass.ui.win.WinApplication._runLoop(Native Method)
	at javafx.graphics/com.sun.glass.ui.win.WinApplication.lambda$runLoop$3(WinApplication.java:184)
	at java.base/java.lang.Thread.run(Thread.java:842)

нов 22, 2024 8:57:07 ПРИЈЕ ПОДНЕ net.etfbl.org.userControllers.UserMainWindowController showBooks
SEVERE: 
com.fasterxml.jackson.databind.exc.UnrecognizedPropertyException: Unrecognized field "publicationYear" (class net.etfbl.org.model.Book), not marked as ignorable (7 known properties: "bookContent", "bookAuthor", "releaseDate", "coverPage", "language", "id", "bookTitle"])
 at [Source: (StringReader); line: 1, column: 140] (through reference chain: java.util.ArrayList[0]->net.etfbl.org.model.Book["publicationYear"])
	at com.fasterxml.jackson.databind.exc.UnrecognizedPropertyException.from(UnrecognizedPropertyException.java:61)
	at com.fasterxml.jackson.databind.DeserializationContext.handleUnknownProperty(DeserializationContext.java:1138)
	at com.fasterxml.jackson.databind.deser.std.StdDeserializer.handleUnknownProperty(StdDeserializer.java:2224)
	at com.fasterxml.jackson.databind.deser.BeanDeserializerBase.handleUnknownProperty(BeanDeserializerBase.java:1709)
	at com.fasterxml.jackson.databind.deser.BeanDeserializerBase.handleUnknownVanilla(BeanDeserializerBase.java:1687)
	at com.fasterxml.jackson.databind.deser.BeanDeserializer.vanillaDeserialize(BeanDeserializer.java:320)
	at com.fasterxml.jackson.databind.deser.BeanDeserializer.deserialize(BeanDeserializer.java:177)
	at com.fasterxml.jackson.databind.deser.std.CollectionDeserializer._deserializeFromArray(CollectionDeserializer.java:359)
	at com.fasterxml.jackson.databind.deser.std.CollectionDeserializer.deserialize(CollectionDeserializer.java:244)
	at com.fasterxml.jackson.databind.deser.std.CollectionDeserializer.deserialize(CollectionDeserializer.java:28)
	at com.fasterxml.jackson.databind.deser.DefaultDeserializationContext.readRootValue(DefaultDeserializationContext.java:323)
	at com.fasterxml.jackson.databind.ObjectMapper._readMapAndClose(ObjectMapper.java:4825)
	at com.fasterxml.jackson.databind.ObjectMapper.readValue(ObjectMapper.java:3772)
	at com.fasterxml.jackson.databind.ObjectMapper.readValue(ObjectMapper.java:3755)
	at net.etfbl.org.userControllers.UserMainWindowController.showBooks(UserMainWindowController.java:138)
	at net.etfbl.org.userControllers.UserMainWindowController.initialize(UserMainWindowController.java:114)
	at javafx.fxml/javafx.fxml.FXMLLoader.loadImpl(FXMLLoader.java:2662)
	at javafx.fxml/javafx.fxml.FXMLLoader.loadImpl(FXMLLoader.java:2555)
	at javafx.fxml/javafx.fxml.FXMLLoader.load(FXMLLoader.java:2523)
	at net.etfbl.org.userControllers.LoginController.login(LoginController.java:104)
	at java.base/jdk.internal.reflect.NativeMethodAccessorImpl.invoke0(Native Method)
	at java.base/jdk.internal.reflect.NativeMethodAccessorImpl.invoke(NativeMethodAccessorImpl.java:77)
	at java.base/jdk.internal.reflect.DelegatingMethodAccessorImpl.invoke(DelegatingMethodAccessorImpl.java:43)
	at java.base/java.lang.reflect.Method.invoke(Method.java:568)
	at com.sun.javafx.reflect.Trampoline.invoke(MethodUtil.java:77)
	at jdk.internal.reflect.GeneratedMethodAccessor2.invoke(Unknown Source)
	at java.base/jdk.internal.reflect.DelegatingMethodAccessorImpl.invoke(DelegatingMethodAccessorImpl.java:43)
	at java.base/java.lang.reflect.Method.invoke(Method.java:568)
	at javafx.base/com.sun.javafx.reflect.MethodUtil.invoke(MethodUtil.java:275)
	at javafx.fxml/com.sun.javafx.fxml.MethodHelper.invoke(MethodHelper.java:84)
	at javafx.fxml/javafx.fxml.FXMLLoader$MethodHandler.invoke(FXMLLoader.java:1852)
	at javafx.fxml/javafx.fxml.FXMLLoader$ControllerMethodEventHandler.handle(FXMLLoader.java:1724)
	at javafx.base/com.sun.javafx.event.CompositeEventHandler.dispatchBubblingEvent(CompositeEventHandler.java:86)
	at javafx.base/com.sun.javafx.event.EventHandlerManager.dispatchBubblingEvent(EventHandlerManager.java:234)
	at javafx.base/com.sun.javafx.event.EventHandlerManager.dispatchBubblingEvent(EventHandlerManager.java:191)
	at javafx.base/com.sun.javafx.event.CompositeEventDispatcher.dispatchBubblingEvent(CompositeEventDispatcher.java:59)
	at javafx.base/com.sun.javafx.event.BasicEventDispatcher.dispatchEvent(BasicEventDispatcher.java:58)
	at javafx.base/com.sun.javafx.event.EventDispatchChainImpl.dispatchEvent(EventDispatchChainImpl.java:114)
	at javafx.base/com.sun.javafx.event.BasicEventDispatcher.dispatchEvent(BasicEventDispatcher.java:56)
	at javafx.base/com.sun.javafx.event.EventDispatchChainImpl.dispatchEvent(EventDispatchChainImpl.java:114)
	at javafx.base/com.sun.javafx.event.BasicEventDispatcher.dispatchEvent(BasicEventDispatcher.java:56)
	at javafx.base/com.sun.javafx.event.EventDispatchChainImpl.dispatchEvent(EventDispatchChainImpl.java:114)
	at javafx.base/com.sun.javafx.event.EventUtil.fireEventImpl(EventUtil.java:74)
	at javafx.base/com.sun.javafx.event.EventUtil.fireEvent(EventUtil.java:49)
	at javafx.base/javafx.event.Event.fireEvent(Event.java:198)
	at javafx.graphics/javafx.scene.Node.fireEvent(Node.java:8792)
	at javafx.controls/javafx.scene.control.Button.fire(Button.java:203)
	at javafx.controls/com.sun.javafx.scene.control.behavior.ButtonBehavior.keyReleased(ButtonBehavior.java:163)
	at javafx.controls/com.sun.javafx.scene.control.inputmap.InputMap.handle(InputMap.java:274)
	at javafx.base/com.sun.javafx.event.CompositeEventHandler$NormalEventHandlerRecord.handleBubblingEvent(CompositeEventHandler.java:247)
	at javafx.base/com.sun.javafx.event.CompositeEventHandler.dispatchBubblingEvent(CompositeEventHandler.java:80)
	at javafx.base/com.sun.javafx.event.EventHandlerManager.dispatchBubblingEvent(EventHandlerManager.java:234)
	at javafx.base/com.sun.javafx.event.EventHandlerManager.dispatchBubblingEvent(EventHandlerManager.java:191)
	at javafx.base/com.sun.javafx.event.CompositeEventDispatcher.dispatchBubblingEvent(CompositeEventDispatcher.java:59)
	at javafx.base/com.sun.javafx.event.BasicEventDispatcher.dispatchEvent(BasicEventDispatcher.java:58)
	at javafx.base/com.sun.javafx.event.EventDispatchChainImpl.dispatchEvent(EventDispatchChainImpl.java:114)
	at javafx.base/com.sun.javafx.event.BasicEventDispatcher.dispatchEvent(BasicEventDispatcher.java:56)
	at javafx.base/com.sun.javafx.event.EventDispatchChainImpl.dispatchEvent(EventDispatchChainImpl.java:114)
	at javafx.base/com.sun.javafx.event.BasicEventDispatcher.dispatchEvent(BasicEventDispatcher.java:56)
	at javafx.base/com.sun.javafx.event.EventDispatchChainImpl.dispatchEvent(EventDispatchChainImpl.java:114)
	at javafx.base/com.sun.javafx.event.EventUtil.fireEventImpl(EventUtil.java:74)
	at javafx.base/com.sun.javafx.event.EventUtil.fireEvent(EventUtil.java:54)
	at javafx.base/javafx.event.Event.fireEvent(Event.java:198)
	at javafx.graphics/javafx.scene.Scene$KeyHandler.process(Scene.java:4105)
	at javafx.graphics/javafx.scene.Scene.processKeyEvent(Scene.java:2156)
	at javafx.graphics/javafx.scene.Scene$ScenePeerListener.keyEvent(Scene.java:2630)
	at javafx.graphics/com.sun.javafx.tk.quantum.GlassViewEventHandler$KeyEventNotification.run(GlassViewEventHandler.java:218)
	at javafx.graphics/com.sun.javafx.tk.quantum.GlassViewEventHandler$KeyEventNotification.run(GlassViewEventHandler.java:150)
	at java.base/java.security.AccessController.doPrivileged(AccessController.java:399)
	at javafx.graphics/com.sun.javafx.tk.quantum.GlassViewEventHandler.lambda$handleKeyEvent$1(GlassViewEventHandler.java:250)
	at javafx.graphics/com.sun.javafx.tk.quantum.QuantumToolkit.runWithoutRenderLock(QuantumToolkit.java:423)
	at javafx.graphics/com.sun.javafx.tk.quantum.GlassViewEventHandler.handleKeyEvent(GlassViewEventHandler.java:249)
	at javafx.graphics/com.sun.glass.ui.View.handleKeyEvent(View.java:542)
	at javafx.graphics/com.sun.glass.ui.View.notifyKey(View.java:966)
	at javafx.graphics/com.sun.glass.ui.win.WinApplication._runLoop(Native Method)
	at javafx.graphics/com.sun.glass.ui.win.WinApplication.lambda$runLoop$3(WinApplication.java:184)
	at java.base/java.lang.Thread.run(Thread.java:842)

нов 22, 2024 8:59:05 ПРИЈЕ ПОДНЕ net.etfbl.org.userControllers.UserMainWindowController showBooks
SEVERE: 
com.fasterxml.jackson.databind.exc.UnrecognizedPropertyException: Unrecognized field "publicationYear" (class net.etfbl.org.model.Book), not marked as ignorable (7 known properties: "bookContent", "bookAuthor", "releaseDate", "coverPage", "language", "id", "bookTitle"])
 at [Source: (StringReader); line: 1, column: 140] (through reference chain: java.util.ArrayList[0]->net.etfbl.org.model.Book["publicationYear"])
	at com.fasterxml.jackson.databind.exc.UnrecognizedPropertyException.from(UnrecognizedPropertyException.java:61)
	at com.fasterxml.jackson.databind.DeserializationContext.handleUnknownProperty(DeserializationContext.java:1138)
	at com.fasterxml.jackson.databind.deser.std.StdDeserializer.handleUnknownProperty(StdDeserializer.java:2224)
	at com.fasterxml.jackson.databind.deser.BeanDeserializerBase.handleUnknownProperty(BeanDeserializerBase.java:1709)
	at com.fasterxml.jackson.databind.deser.BeanDeserializerBase.handleUnknownVanilla(BeanDeserializerBase.java:1687)
	at com.fasterxml.jackson.databind.deser.BeanDeserializer.vanillaDeserialize(BeanDeserializer.java:320)
	at com.fasterxml.jackson.databind.deser.BeanDeserializer.deserialize(BeanDeserializer.java:177)
	at com.fasterxml.jackson.databind.deser.std.CollectionDeserializer._deserializeFromArray(CollectionDeserializer.java:359)
	at com.fasterxml.jackson.databind.deser.std.CollectionDeserializer.deserialize(CollectionDeserializer.java:244)
	at com.fasterxml.jackson.databind.deser.std.CollectionDeserializer.deserialize(CollectionDeserializer.java:28)
	at com.fasterxml.jackson.databind.deser.DefaultDeserializationContext.readRootValue(DefaultDeserializationContext.java:323)
	at com.fasterxml.jackson.databind.ObjectMapper._readMapAndClose(ObjectMapper.java:4825)
	at com.fasterxml.jackson.databind.ObjectMapper.readValue(ObjectMapper.java:3772)
	at com.fasterxml.jackson.databind.ObjectMapper.readValue(ObjectMapper.java:3755)
	at net.etfbl.org.userControllers.UserMainWindowController.showBooks(UserMainWindowController.java:139)
	at net.etfbl.org.userControllers.UserMainWindowController.lambda$0(UserMainWindowController.java:86)
	at javafx.graphics/com.sun.javafx.application.PlatformImpl.lambda$runLater$10(PlatformImpl.java:457)
	at java.base/java.security.AccessController.doPrivileged(AccessController.java:399)
	at javafx.graphics/com.sun.javafx.application.PlatformImpl.lambda$runLater$11(PlatformImpl.java:456)
	at javafx.graphics/com.sun.glass.ui.InvokeLaterDispatcher$Future.run(InvokeLaterDispatcher.java:96)
	at javafx.graphics/com.sun.glass.ui.win.WinApplication._enterNestedEventLoopImpl(Native Method)
	at javafx.graphics/com.sun.glass.ui.win.WinApplication._enterNestedEventLoop(WinApplication.java:211)
	at javafx.graphics/com.sun.glass.ui.Application.enterNestedEventLoop(Application.java:515)
	at javafx.graphics/com.sun.glass.ui.EventLoop.enter(EventLoop.java:107)
	at javafx.graphics/com.sun.javafx.tk.quantum.QuantumToolkit.enterNestedEventLoop(QuantumToolkit.java:630)
	at javafx.graphics/javafx.stage.Stage.showAndWait(Stage.java:469)
	at net.etfbl.org.userControllers.LoginController.login(LoginController.java:113)
	at java.base/jdk.internal.reflect.NativeMethodAccessorImpl.invoke0(Native Method)
	at java.base/jdk.internal.reflect.NativeMethodAccessorImpl.invoke(NativeMethodAccessorImpl.java:77)
	at java.base/jdk.internal.reflect.DelegatingMethodAccessorImpl.invoke(DelegatingMethodAccessorImpl.java:43)
	at java.base/java.lang.reflect.Method.invoke(Method.java:568)
	at com.sun.javafx.reflect.Trampoline.invoke(MethodUtil.java:77)
	at jdk.internal.reflect.GeneratedMethodAccessor2.invoke(Unknown Source)
	at java.base/jdk.internal.reflect.DelegatingMethodAccessorImpl.invoke(DelegatingMethodAccessorImpl.java:43)
	at java.base/java.lang.reflect.Method.invoke(Method.java:568)
	at javafx.base/com.sun.javafx.reflect.MethodUtil.invoke(MethodUtil.java:275)
	at javafx.fxml/com.sun.javafx.fxml.MethodHelper.invoke(MethodHelper.java:84)
	at javafx.fxml/javafx.fxml.FXMLLoader$MethodHandler.invoke(FXMLLoader.java:1852)
	at javafx.fxml/javafx.fxml.FXMLLoader$ControllerMethodEventHandler.handle(FXMLLoader.java:1724)
	at javafx.base/com.sun.javafx.event.CompositeEventHandler.dispatchBubblingEvent(CompositeEventHandler.java:86)
	at javafx.base/com.sun.javafx.event.EventHandlerManager.dispatchBubblingEvent(EventHandlerManager.java:234)
	at javafx.base/com.sun.javafx.event.EventHandlerManager.dispatchBubblingEvent(EventHandlerManager.java:191)
	at javafx.base/com.sun.javafx.event.CompositeEventDispatcher.dispatchBubblingEvent(CompositeEventDispatcher.java:59)
	at javafx.base/com.sun.javafx.event.BasicEventDispatcher.dispatchEvent(BasicEventDispatcher.java:58)
	at javafx.base/com.sun.javafx.event.EventDispatchChainImpl.dispatchEvent(EventDispatchChainImpl.java:114)
	at javafx.base/com.sun.javafx.event.BasicEventDispatcher.dispatchEvent(BasicEventDispatcher.java:56)
	at javafx.base/com.sun.javafx.event.EventDispatchChainImpl.dispatchEvent(EventDispatchChainImpl.java:114)
	at javafx.base/com.sun.javafx.event.BasicEventDispatcher.dispatchEvent(BasicEventDispatcher.java:56)
	at javafx.base/com.sun.javafx.event.EventDispatchChainImpl.dispatchEvent(EventDispatchChainImpl.java:114)
	at javafx.base/com.sun.javafx.event.EventUtil.fireEventImpl(EventUtil.java:74)
	at javafx.base/com.sun.javafx.event.EventUtil.fireEvent(EventUtil.java:49)
	at javafx.base/javafx.event.Event.fireEvent(Event.java:198)
	at javafx.graphics/javafx.scene.Node.fireEvent(Node.java:8792)
	at javafx.controls/javafx.scene.control.Button.fire(Button.java:203)
	at javafx.controls/com.sun.javafx.scene.control.behavior.ButtonBehavior.keyReleased(ButtonBehavior.java:163)
	at javafx.controls/com.sun.javafx.scene.control.inputmap.InputMap.handle(InputMap.java:274)
	at javafx.base/com.sun.javafx.event.CompositeEventHandler$NormalEventHandlerRecord.handleBubblingEvent(CompositeEventHandler.java:247)
	at javafx.base/com.sun.javafx.event.CompositeEventHandler.dispatchBubblingEvent(CompositeEventHandler.java:80)
	at javafx.base/com.sun.javafx.event.EventHandlerManager.dispatchBubblingEvent(EventHandlerManager.java:234)
	at javafx.base/com.sun.javafx.event.EventHandlerManager.dispatchBubblingEvent(EventHandlerManager.java:191)
	at javafx.base/com.sun.javafx.event.CompositeEventDispatcher.dispatchBubblingEvent(CompositeEventDispatcher.java:59)
	at javafx.base/com.sun.javafx.event.BasicEventDispatcher.dispatchEvent(BasicEventDispatcher.java:58)
	at javafx.base/com.sun.javafx.event.EventDispatchChainImpl.dispatchEvent(EventDispatchChainImpl.java:114)
	at javafx.base/com.sun.javafx.event.BasicEventDispatcher.dispatchEvent(BasicEventDispatcher.java:56)
	at javafx.base/com.sun.javafx.event.EventDispatchChainImpl.dispatchEvent(EventDispatchChainImpl.java:114)
	at javafx.base/com.sun.javafx.event.BasicEventDispatcher.dispatchEvent(BasicEventDispatcher.java:56)
	at javafx.base/com.sun.javafx.event.EventDispatchChainImpl.dispatchEvent(EventDispatchChainImpl.java:114)
	at javafx.base/com.sun.javafx.event.EventUtil.fireEventImpl(EventUtil.java:74)
	at javafx.base/com.sun.javafx.event.EventUtil.fireEvent(EventUtil.java:54)
	at javafx.base/javafx.event.Event.fireEvent(Event.java:198)
	at javafx.graphics/javafx.scene.Scene$KeyHandler.process(Scene.java:4105)
	at javafx.graphics/javafx.scene.Scene.processKeyEvent(Scene.java:2156)
	at javafx.graphics/javafx.scene.Scene$ScenePeerListener.keyEvent(Scene.java:2630)
	at javafx.graphics/com.sun.javafx.tk.quantum.GlassViewEventHandler$KeyEventNotification.run(GlassViewEventHandler.java:218)
	at javafx.graphics/com.sun.javafx.tk.quantum.GlassViewEventHandler$KeyEventNotification.run(GlassViewEventHandler.java:150)
	at java.base/java.security.AccessController.doPrivileged(AccessController.java:399)
	at javafx.graphics/com.sun.javafx.tk.quantum.GlassViewEventHandler.lambda$handleKeyEvent$1(GlassViewEventHandler.java:250)
	at javafx.graphics/com.sun.javafx.tk.quantum.QuantumToolkit.runWithoutRenderLock(QuantumToolkit.java:423)
	at javafx.graphics/com.sun.javafx.tk.quantum.GlassViewEventHandler.handleKeyEvent(GlassViewEventHandler.java:249)
	at javafx.graphics/com.sun.glass.ui.View.handleKeyEvent(View.java:542)
	at javafx.graphics/com.sun.glass.ui.View.notifyKey(View.java:966)
	at javafx.graphics/com.sun.glass.ui.win.WinApplication._runLoop(Native Method)
	at javafx.graphics/com.sun.glass.ui.win.WinApplication.lambda$runLoop$3(WinApplication.java:184)
	at java.base/java.lang.Thread.run(Thread.java:842)

нов 22, 2024 9:02:33 ПРИЈЕ ПОДНЕ net.etfbl.org.userControllers.UserMainWindowController showBooks
SEVERE: 
com.fasterxml.jackson.databind.exc.UnrecognizedPropertyException: Unrecognized field "publicationYear" (class net.etfbl.org.model.Book), not marked as ignorable (7 known properties: "bookContent", "bookAuthor", "coverPage", "language", "publicationDate", "id", "bookTitle"])
 at [Source: (StringReader); line: 1, column: 140] (through reference chain: java.util.ArrayList[0]->net.etfbl.org.model.Book["publicationYear"])
	at com.fasterxml.jackson.databind.exc.UnrecognizedPropertyException.from(UnrecognizedPropertyException.java:61)
	at com.fasterxml.jackson.databind.DeserializationContext.handleUnknownProperty(DeserializationContext.java:1138)
	at com.fasterxml.jackson.databind.deser.std.StdDeserializer.handleUnknownProperty(StdDeserializer.java:2224)
	at com.fasterxml.jackson.databind.deser.BeanDeserializerBase.handleUnknownProperty(BeanDeserializerBase.java:1709)
	at com.fasterxml.jackson.databind.deser.BeanDeserializerBase.handleUnknownVanilla(BeanDeserializerBase.java:1687)
	at com.fasterxml.jackson.databind.deser.BeanDeserializer.vanillaDeserialize(BeanDeserializer.java:320)
	at com.fasterxml.jackson.databind.deser.BeanDeserializer.deserialize(BeanDeserializer.java:177)
	at com.fasterxml.jackson.databind.deser.std.CollectionDeserializer._deserializeFromArray(CollectionDeserializer.java:359)
	at com.fasterxml.jackson.databind.deser.std.CollectionDeserializer.deserialize(CollectionDeserializer.java:244)
	at com.fasterxml.jackson.databind.deser.std.CollectionDeserializer.deserialize(CollectionDeserializer.java:28)
	at com.fasterxml.jackson.databind.deser.DefaultDeserializationContext.readRootValue(DefaultDeserializationContext.java:323)
	at com.fasterxml.jackson.databind.ObjectMapper._readMapAndClose(ObjectMapper.java:4825)
	at com.fasterxml.jackson.databind.ObjectMapper.readValue(ObjectMapper.java:3772)
	at com.fasterxml.jackson.databind.ObjectMapper.readValue(ObjectMapper.java:3755)
	at net.etfbl.org.userControllers.UserMainWindowController.showBooks(UserMainWindowController.java:139)
	at net.etfbl.org.userControllers.UserMainWindowController.lambda$0(UserMainWindowController.java:86)
	at javafx.graphics/com.sun.javafx.application.PlatformImpl.lambda$runLater$10(PlatformImpl.java:457)
	at java.base/java.security.AccessController.doPrivileged(AccessController.java:399)
	at javafx.graphics/com.sun.javafx.application.PlatformImpl.lambda$runLater$11(PlatformImpl.java:456)
	at javafx.graphics/com.sun.glass.ui.InvokeLaterDispatcher$Future.run(InvokeLaterDispatcher.java:96)
	at javafx.graphics/com.sun.glass.ui.win.WinApplication._enterNestedEventLoopImpl(Native Method)
	at javafx.graphics/com.sun.glass.ui.win.WinApplication._enterNestedEventLoop(WinApplication.java:211)
	at javafx.graphics/com.sun.glass.ui.Application.enterNestedEventLoop(Application.java:515)
	at javafx.graphics/com.sun.glass.ui.EventLoop.enter(EventLoop.java:107)
	at javafx.graphics/com.sun.javafx.tk.quantum.QuantumToolkit.enterNestedEventLoop(QuantumToolkit.java:630)
	at javafx.graphics/javafx.stage.Stage.showAndWait(Stage.java:469)
	at net.etfbl.org.userControllers.LoginController.login(LoginController.java:113)
	at java.base/jdk.internal.reflect.NativeMethodAccessorImpl.invoke0(Native Method)
	at java.base/jdk.internal.reflect.NativeMethodAccessorImpl.invoke(NativeMethodAccessorImpl.java:77)
	at java.base/jdk.internal.reflect.DelegatingMethodAccessorImpl.invoke(DelegatingMethodAccessorImpl.java:43)
	at java.base/java.lang.reflect.Method.invoke(Method.java:568)
	at com.sun.javafx.reflect.Trampoline.invoke(MethodUtil.java:77)
	at jdk.internal.reflect.GeneratedMethodAccessor2.invoke(Unknown Source)
	at java.base/jdk.internal.reflect.DelegatingMethodAccessorImpl.invoke(DelegatingMethodAccessorImpl.java:43)
	at java.base/java.lang.reflect.Method.invoke(Method.java:568)
	at javafx.base/com.sun.javafx.reflect.MethodUtil.invoke(MethodUtil.java:275)
	at javafx.fxml/com.sun.javafx.fxml.MethodHelper.invoke(MethodHelper.java:84)
	at javafx.fxml/javafx.fxml.FXMLLoader$MethodHandler.invoke(FXMLLoader.java:1852)
	at javafx.fxml/javafx.fxml.FXMLLoader$ControllerMethodEventHandler.handle(FXMLLoader.java:1724)
	at javafx.base/com.sun.javafx.event.CompositeEventHandler.dispatchBubblingEvent(CompositeEventHandler.java:86)
	at javafx.base/com.sun.javafx.event.EventHandlerManager.dispatchBubblingEvent(EventHandlerManager.java:234)
	at javafx.base/com.sun.javafx.event.EventHandlerManager.dispatchBubblingEvent(EventHandlerManager.java:191)
	at javafx.base/com.sun.javafx.event.CompositeEventDispatcher.dispatchBubblingEvent(CompositeEventDispatcher.java:59)
	at javafx.base/com.sun.javafx.event.BasicEventDispatcher.dispatchEvent(BasicEventDispatcher.java:58)
	at javafx.base/com.sun.javafx.event.EventDispatchChainImpl.dispatchEvent(EventDispatchChainImpl.java:114)
	at javafx.base/com.sun.javafx.event.BasicEventDispatcher.dispatchEvent(BasicEventDispatcher.java:56)
	at javafx.base/com.sun.javafx.event.EventDispatchChainImpl.dispatchEvent(EventDispatchChainImpl.java:114)
	at javafx.base/com.sun.javafx.event.BasicEventDispatcher.dispatchEvent(BasicEventDispatcher.java:56)
	at javafx.base/com.sun.javafx.event.EventDispatchChainImpl.dispatchEvent(EventDispatchChainImpl.java:114)
	at javafx.base/com.sun.javafx.event.EventUtil.fireEventImpl(EventUtil.java:74)
	at javafx.base/com.sun.javafx.event.EventUtil.fireEvent(EventUtil.java:49)
	at javafx.base/javafx.event.Event.fireEvent(Event.java:198)
	at javafx.graphics/javafx.scene.Node.fireEvent(Node.java:8792)
	at javafx.controls/javafx.scene.control.Button.fire(Button.java:203)
	at javafx.controls/com.sun.javafx.scene.control.behavior.ButtonBehavior.keyReleased(ButtonBehavior.java:163)
	at javafx.controls/com.sun.javafx.scene.control.inputmap.InputMap.handle(InputMap.java:274)
	at javafx.base/com.sun.javafx.event.CompositeEventHandler$NormalEventHandlerRecord.handleBubblingEvent(CompositeEventHandler.java:247)
	at javafx.base/com.sun.javafx.event.CompositeEventHandler.dispatchBubblingEvent(CompositeEventHandler.java:80)
	at javafx.base/com.sun.javafx.event.EventHandlerManager.dispatchBubblingEvent(EventHandlerManager.java:234)
	at javafx.base/com.sun.javafx.event.EventHandlerManager.dispatchBubblingEvent(EventHandlerManager.java:191)
	at javafx.base/com.sun.javafx.event.CompositeEventDispatcher.dispatchBubblingEvent(CompositeEventDispatcher.java:59)
	at javafx.base/com.sun.javafx.event.BasicEventDispatcher.dispatchEvent(BasicEventDispatcher.java:58)
	at javafx.base/com.sun.javafx.event.EventDispatchChainImpl.dispatchEvent(EventDispatchChainImpl.java:114)
	at javafx.base/com.sun.javafx.event.BasicEventDispatcher.dispatchEvent(BasicEventDispatcher.java:56)
	at javafx.base/com.sun.javafx.event.EventDispatchChainImpl.dispatchEvent(EventDispatchChainImpl.java:114)
	at javafx.base/com.sun.javafx.event.BasicEventDispatcher.dispatchEvent(BasicEventDispatcher.java:56)
	at javafx.base/com.sun.javafx.event.EventDispatchChainImpl.dispatchEvent(EventDispatchChainImpl.java:114)
	at javafx.base/com.sun.javafx.event.EventUtil.fireEventImpl(EventUtil.java:74)
	at javafx.base/com.sun.javafx.event.EventUtil.fireEvent(EventUtil.java:54)
	at javafx.base/javafx.event.Event.fireEvent(Event.java:198)
	at javafx.graphics/javafx.scene.Scene$KeyHandler.process(Scene.java:4105)
	at javafx.graphics/javafx.scene.Scene.processKeyEvent(Scene.java:2156)
	at javafx.graphics/javafx.scene.Scene$ScenePeerListener.keyEvent(Scene.java:2630)
	at javafx.graphics/com.sun.javafx.tk.quantum.GlassViewEventHandler$KeyEventNotification.run(GlassViewEventHandler.java:218)
	at javafx.graphics/com.sun.javafx.tk.quantum.GlassViewEventHandler$KeyEventNotification.run(GlassViewEventHandler.java:150)
	at java.base/java.security.AccessController.doPrivileged(AccessController.java:399)
	at javafx.graphics/com.sun.javafx.tk.quantum.GlassViewEventHandler.lambda$handleKeyEvent$1(GlassViewEventHandler.java:250)
	at javafx.graphics/com.sun.javafx.tk.quantum.QuantumToolkit.runWithoutRenderLock(QuantumToolkit.java:423)
	at javafx.graphics/com.sun.javafx.tk.quantum.GlassViewEventHandler.handleKeyEvent(GlassViewEventHandler.java:249)
	at javafx.graphics/com.sun.glass.ui.View.handleKeyEvent(View.java:542)
	at javafx.graphics/com.sun.glass.ui.View.notifyKey(View.java:966)
	at javafx.graphics/com.sun.glass.ui.win.WinApplication._runLoop(Native Method)
	at javafx.graphics/com.sun.glass.ui.win.WinApplication.lambda$runLoop$3(WinApplication.java:184)
	at java.base/java.lang.Thread.run(Thread.java:842)

нов 22, 2024 9:04:22 ПРИЈЕ ПОДНЕ net.etfbl.org.userControllers.UserMainWindowController showBooks
SEVERE: 
com.fasterxml.jackson.databind.exc.UnrecognizedPropertyException: Unrecognized field "publicationYear" (class net.etfbl.org.model.Book), not marked as ignorable (7 known properties: "bookContent", "bookAuthor", "coverPage", "language", "publicationDate", "id", "bookTitle"])
 at [Source: (StringReader); line: 1, column: 140] (through reference chain: java.util.ArrayList[0]->net.etfbl.org.model.Book["publicationYear"])
	at com.fasterxml.jackson.databind.exc.UnrecognizedPropertyException.from(UnrecognizedPropertyException.java:61)
	at com.fasterxml.jackson.databind.DeserializationContext.handleUnknownProperty(DeserializationContext.java:1138)
	at com.fasterxml.jackson.databind.deser.std.StdDeserializer.handleUnknownProperty(StdDeserializer.java:2224)
	at com.fasterxml.jackson.databind.deser.BeanDeserializerBase.handleUnknownProperty(BeanDeserializerBase.java:1709)
	at com.fasterxml.jackson.databind.deser.BeanDeserializerBase.handleUnknownVanilla(BeanDeserializerBase.java:1687)
	at com.fasterxml.jackson.databind.deser.BeanDeserializer.vanillaDeserialize(BeanDeserializer.java:320)
	at com.fasterxml.jackson.databind.deser.BeanDeserializer.deserialize(BeanDeserializer.java:177)
	at com.fasterxml.jackson.databind.deser.std.CollectionDeserializer._deserializeFromArray(CollectionDeserializer.java:359)
	at com.fasterxml.jackson.databind.deser.std.CollectionDeserializer.deserialize(CollectionDeserializer.java:244)
	at com.fasterxml.jackson.databind.deser.std.CollectionDeserializer.deserialize(CollectionDeserializer.java:28)
	at com.fasterxml.jackson.databind.deser.DefaultDeserializationContext.readRootValue(DefaultDeserializationContext.java:323)
	at com.fasterxml.jackson.databind.ObjectMapper._readMapAndClose(ObjectMapper.java:4825)
	at com.fasterxml.jackson.databind.ObjectMapper.readValue(ObjectMapper.java:3772)
	at com.fasterxml.jackson.databind.ObjectMapper.readValue(ObjectMapper.java:3755)
	at net.etfbl.org.userControllers.UserMainWindowController.showBooks(UserMainWindowController.java:139)
	at net.etfbl.org.userControllers.UserMainWindowController.lambda$0(UserMainWindowController.java:86)
	at javafx.graphics/com.sun.javafx.application.PlatformImpl.lambda$runLater$10(PlatformImpl.java:457)
	at java.base/java.security.AccessController.doPrivileged(AccessController.java:399)
	at javafx.graphics/com.sun.javafx.application.PlatformImpl.lambda$runLater$11(PlatformImpl.java:456)
	at javafx.graphics/com.sun.glass.ui.InvokeLaterDispatcher$Future.run(InvokeLaterDispatcher.java:96)
	at javafx.graphics/com.sun.glass.ui.win.WinApplication._enterNestedEventLoopImpl(Native Method)
	at javafx.graphics/com.sun.glass.ui.win.WinApplication._enterNestedEventLoop(WinApplication.java:211)
	at javafx.graphics/com.sun.glass.ui.Application.enterNestedEventLoop(Application.java:515)
	at javafx.graphics/com.sun.glass.ui.EventLoop.enter(EventLoop.java:107)
	at javafx.graphics/com.sun.javafx.tk.quantum.QuantumToolkit.enterNestedEventLoop(QuantumToolkit.java:630)
	at javafx.graphics/javafx.stage.Stage.showAndWait(Stage.java:469)
	at net.etfbl.org.userControllers.LoginController.login(LoginController.java:113)
	at java.base/jdk.internal.reflect.NativeMethodAccessorImpl.invoke0(Native Method)
	at java.base/jdk.internal.reflect.NativeMethodAccessorImpl.invoke(NativeMethodAccessorImpl.java:77)
	at java.base/jdk.internal.reflect.DelegatingMethodAccessorImpl.invoke(DelegatingMethodAccessorImpl.java:43)
	at java.base/java.lang.reflect.Method.invoke(Method.java:568)
	at com.sun.javafx.reflect.Trampoline.invoke(MethodUtil.java:77)
	at jdk.internal.reflect.GeneratedMethodAccessor2.invoke(Unknown Source)
	at java.base/jdk.internal.reflect.DelegatingMethodAccessorImpl.invoke(DelegatingMethodAccessorImpl.java:43)
	at java.base/java.lang.reflect.Method.invoke(Method.java:568)
	at javafx.base/com.sun.javafx.reflect.MethodUtil.invoke(MethodUtil.java:275)
	at javafx.fxml/com.sun.javafx.fxml.MethodHelper.invoke(MethodHelper.java:84)
	at javafx.fxml/javafx.fxml.FXMLLoader$MethodHandler.invoke(FXMLLoader.java:1852)
	at javafx.fxml/javafx.fxml.FXMLLoader$ControllerMethodEventHandler.handle(FXMLLoader.java:1724)
	at javafx.base/com.sun.javafx.event.CompositeEventHandler.dispatchBubblingEvent(CompositeEventHandler.java:86)
	at javafx.base/com.sun.javafx.event.EventHandlerManager.dispatchBubblingEvent(EventHandlerManager.java:234)
	at javafx.base/com.sun.javafx.event.EventHandlerManager.dispatchBubblingEvent(EventHandlerManager.java:191)
	at javafx.base/com.sun.javafx.event.CompositeEventDispatcher.dispatchBubblingEvent(CompositeEventDispatcher.java:59)
	at javafx.base/com.sun.javafx.event.BasicEventDispatcher.dispatchEvent(BasicEventDispatcher.java:58)
	at javafx.base/com.sun.javafx.event.EventDispatchChainImpl.dispatchEvent(EventDispatchChainImpl.java:114)
	at javafx.base/com.sun.javafx.event.BasicEventDispatcher.dispatchEvent(BasicEventDispatcher.java:56)
	at javafx.base/com.sun.javafx.event.EventDispatchChainImpl.dispatchEvent(EventDispatchChainImpl.java:114)
	at javafx.base/com.sun.javafx.event.BasicEventDispatcher.dispatchEvent(BasicEventDispatcher.java:56)
	at javafx.base/com.sun.javafx.event.EventDispatchChainImpl.dispatchEvent(EventDispatchChainImpl.java:114)
	at javafx.base/com.sun.javafx.event.EventUtil.fireEventImpl(EventUtil.java:74)
	at javafx.base/com.sun.javafx.event.EventUtil.fireEvent(EventUtil.java:49)
	at javafx.base/javafx.event.Event.fireEvent(Event.java:198)
	at javafx.graphics/javafx.scene.Node.fireEvent(Node.java:8792)
	at javafx.controls/javafx.scene.control.Button.fire(Button.java:203)
	at javafx.controls/com.sun.javafx.scene.control.behavior.ButtonBehavior.keyReleased(ButtonBehavior.java:163)
	at javafx.controls/com.sun.javafx.scene.control.inputmap.InputMap.handle(InputMap.java:274)
	at javafx.base/com.sun.javafx.event.CompositeEventHandler$NormalEventHandlerRecord.handleBubblingEvent(CompositeEventHandler.java:247)
	at javafx.base/com.sun.javafx.event.CompositeEventHandler.dispatchBubblingEvent(CompositeEventHandler.java:80)
	at javafx.base/com.sun.javafx.event.EventHandlerManager.dispatchBubblingEvent(EventHandlerManager.java:234)
	at javafx.base/com.sun.javafx.event.EventHandlerManager.dispatchBubblingEvent(EventHandlerManager.java:191)
	at javafx.base/com.sun.javafx.event.CompositeEventDispatcher.dispatchBubblingEvent(CompositeEventDispatcher.java:59)
	at javafx.base/com.sun.javafx.event.BasicEventDispatcher.dispatchEvent(BasicEventDispatcher.java:58)
	at javafx.base/com.sun.javafx.event.EventDispatchChainImpl.dispatchEvent(EventDispatchChainImpl.java:114)
	at javafx.base/com.sun.javafx.event.BasicEventDispatcher.dispatchEvent(BasicEventDispatcher.java:56)
	at javafx.base/com.sun.javafx.event.EventDispatchChainImpl.dispatchEvent(EventDispatchChainImpl.java:114)
	at javafx.base/com.sun.javafx.event.BasicEventDispatcher.dispatchEvent(BasicEventDispatcher.java:56)
	at javafx.base/com.sun.javafx.event.EventDispatchChainImpl.dispatchEvent(EventDispatchChainImpl.java:114)
	at javafx.base/com.sun.javafx.event.EventUtil.fireEventImpl(EventUtil.java:74)
	at javafx.base/com.sun.javafx.event.EventUtil.fireEvent(EventUtil.java:54)
	at javafx.base/javafx.event.Event.fireEvent(Event.java:198)
	at javafx.graphics/javafx.scene.Scene$KeyHandler.process(Scene.java:4105)
	at javafx.graphics/javafx.scene.Scene.processKeyEvent(Scene.java:2156)
	at javafx.graphics/javafx.scene.Scene$ScenePeerListener.keyEvent(Scene.java:2630)
	at javafx.graphics/com.sun.javafx.tk.quantum.GlassViewEventHandler$KeyEventNotification.run(GlassViewEventHandler.java:218)
	at javafx.graphics/com.sun.javafx.tk.quantum.GlassViewEventHandler$KeyEventNotification.run(GlassViewEventHandler.java:150)
	at java.base/java.security.AccessController.doPrivileged(AccessController.java:399)
	at javafx.graphics/com.sun.javafx.tk.quantum.GlassViewEventHandler.lambda$handleKeyEvent$1(GlassViewEventHandler.java:250)
	at javafx.graphics/com.sun.javafx.tk.quantum.QuantumToolkit.runWithoutRenderLock(QuantumToolkit.java:423)
	at javafx.graphics/com.sun.javafx.tk.quantum.GlassViewEventHandler.handleKeyEvent(GlassViewEventHandler.java:249)
	at javafx.graphics/com.sun.glass.ui.View.handleKeyEvent(View.java:542)
	at javafx.graphics/com.sun.glass.ui.View.notifyKey(View.java:966)
	at javafx.graphics/com.sun.glass.ui.win.WinApplication._runLoop(Native Method)
	at javafx.graphics/com.sun.glass.ui.win.WinApplication.lambda$runLoop$3(WinApplication.java:184)
	at java.base/java.lang.Thread.run(Thread.java:842)

нов 22, 2024 9:26:53 ПРИЈЕ ПОДНЕ net.etfbl.org.userControllers.UserMainWindowController showBooks
SEVERE: 
java.lang.NullPointerException: Cannot invoke "javafx.scene.control.TableView.setItems(javafx.collections.ObservableList)" because "this.tvBookTable" is null
	at net.etfbl.org.userControllers.UserMainWindowController.showBooks(UserMainWindowController.java:142)
	at net.etfbl.org.userControllers.UserMainWindowController.lambda$0(UserMainWindowController.java:86)
	at javafx.graphics/com.sun.javafx.application.PlatformImpl.lambda$runLater$10(PlatformImpl.java:457)
	at java.base/java.security.AccessController.doPrivileged(AccessController.java:399)
	at javafx.graphics/com.sun.javafx.application.PlatformImpl.lambda$runLater$11(PlatformImpl.java:456)
	at javafx.graphics/com.sun.glass.ui.InvokeLaterDispatcher$Future.run(InvokeLaterDispatcher.java:96)
	at javafx.graphics/com.sun.glass.ui.win.WinApplication._enterNestedEventLoopImpl(Native Method)
	at javafx.graphics/com.sun.glass.ui.win.WinApplication._enterNestedEventLoop(WinApplication.java:211)
	at javafx.graphics/com.sun.glass.ui.Application.enterNestedEventLoop(Application.java:515)
	at javafx.graphics/com.sun.glass.ui.EventLoop.enter(EventLoop.java:107)
	at javafx.graphics/com.sun.javafx.tk.quantum.QuantumToolkit.enterNestedEventLoop(QuantumToolkit.java:630)
	at javafx.graphics/javafx.stage.Stage.showAndWait(Stage.java:469)
	at net.etfbl.org.userControllers.LoginController.login(LoginController.java:113)
	at java.base/jdk.internal.reflect.NativeMethodAccessorImpl.invoke0(Native Method)
	at java.base/jdk.internal.reflect.NativeMethodAccessorImpl.invoke(NativeMethodAccessorImpl.java:77)
	at java.base/jdk.internal.reflect.DelegatingMethodAccessorImpl.invoke(DelegatingMethodAccessorImpl.java:43)
	at java.base/java.lang.reflect.Method.invoke(Method.java:568)
	at com.sun.javafx.reflect.Trampoline.invoke(MethodUtil.java:77)
	at jdk.internal.reflect.GeneratedMethodAccessor2.invoke(Unknown Source)
	at java.base/jdk.internal.reflect.DelegatingMethodAccessorImpl.invoke(DelegatingMethodAccessorImpl.java:43)
	at java.base/java.lang.reflect.Method.invoke(Method.java:568)
	at javafx.base/com.sun.javafx.reflect.MethodUtil.invoke(MethodUtil.java:275)
	at javafx.fxml/com.sun.javafx.fxml.MethodHelper.invoke(MethodHelper.java:84)
	at javafx.fxml/javafx.fxml.FXMLLoader$MethodHandler.invoke(FXMLLoader.java:1852)
	at javafx.fxml/javafx.fxml.FXMLLoader$ControllerMethodEventHandler.handle(FXMLLoader.java:1724)
	at javafx.base/com.sun.javafx.event.CompositeEventHandler.dispatchBubblingEvent(CompositeEventHandler.java:86)
	at javafx.base/com.sun.javafx.event.EventHandlerManager.dispatchBubblingEvent(EventHandlerManager.java:234)
	at javafx.base/com.sun.javafx.event.EventHandlerManager.dispatchBubblingEvent(EventHandlerManager.java:191)
	at javafx.base/com.sun.javafx.event.CompositeEventDispatcher.dispatchBubblingEvent(CompositeEventDispatcher.java:59)
	at javafx.base/com.sun.javafx.event.BasicEventDispatcher.dispatchEvent(BasicEventDispatcher.java:58)
	at javafx.base/com.sun.javafx.event.EventDispatchChainImpl.dispatchEvent(EventDispatchChainImpl.java:114)
	at javafx.base/com.sun.javafx.event.BasicEventDispatcher.dispatchEvent(BasicEventDispatcher.java:56)
	at javafx.base/com.sun.javafx.event.EventDispatchChainImpl.dispatchEvent(EventDispatchChainImpl.java:114)
	at javafx.base/com.sun.javafx.event.BasicEventDispatcher.dispatchEvent(BasicEventDispatcher.java:56)
	at javafx.base/com.sun.javafx.event.EventDispatchChainImpl.dispatchEvent(EventDispatchChainImpl.java:114)
	at javafx.base/com.sun.javafx.event.EventUtil.fireEventImpl(EventUtil.java:74)
	at javafx.base/com.sun.javafx.event.EventUtil.fireEvent(EventUtil.java:49)
	at javafx.base/javafx.event.Event.fireEvent(Event.java:198)
	at javafx.graphics/javafx.scene.Node.fireEvent(Node.java:8792)
	at javafx.controls/javafx.scene.control.Button.fire(Button.java:203)
	at javafx.controls/com.sun.javafx.scene.control.behavior.ButtonBehavior.keyReleased(ButtonBehavior.java:163)
	at javafx.controls/com.sun.javafx.scene.control.inputmap.InputMap.handle(InputMap.java:274)
	at javafx.base/com.sun.javafx.event.CompositeEventHandler$NormalEventHandlerRecord.handleBubblingEvent(CompositeEventHandler.java:247)
	at javafx.base/com.sun.javafx.event.CompositeEventHandler.dispatchBubblingEvent(CompositeEventHandler.java:80)
	at javafx.base/com.sun.javafx.event.EventHandlerManager.dispatchBubblingEvent(EventHandlerManager.java:234)
	at javafx.base/com.sun.javafx.event.EventHandlerManager.dispatchBubblingEvent(EventHandlerManager.java:191)
	at javafx.base/com.sun.javafx.event.CompositeEventDispatcher.dispatchBubblingEvent(CompositeEventDispatcher.java:59)
	at javafx.base/com.sun.javafx.event.BasicEventDispatcher.dispatchEvent(BasicEventDispatcher.java:58)
	at javafx.base/com.sun.javafx.event.EventDispatchChainImpl.dispatchEvent(EventDispatchChainImpl.java:114)
	at javafx.base/com.sun.javafx.event.BasicEventDispatcher.dispatchEvent(BasicEventDispatcher.java:56)
	at javafx.base/com.sun.javafx.event.EventDispatchChainImpl.dispatchEvent(EventDispatchChainImpl.java:114)
	at javafx.base/com.sun.javafx.event.BasicEventDispatcher.dispatchEvent(BasicEventDispatcher.java:56)
	at javafx.base/com.sun.javafx.event.EventDispatchChainImpl.dispatchEvent(EventDispatchChainImpl.java:114)
	at javafx.base/com.sun.javafx.event.EventUtil.fireEventImpl(EventUtil.java:74)
	at javafx.base/com.sun.javafx.event.EventUtil.fireEvent(EventUtil.java:54)
	at javafx.base/javafx.event.Event.fireEvent(Event.java:198)
	at javafx.graphics/javafx.scene.Scene$KeyHandler.process(Scene.java:4105)
	at javafx.graphics/javafx.scene.Scene.processKeyEvent(Scene.java:2156)
	at javafx.graphics/javafx.scene.Scene$ScenePeerListener.keyEvent(Scene.java:2630)
	at javafx.graphics/com.sun.javafx.tk.quantum.GlassViewEventHandler$KeyEventNotification.run(GlassViewEventHandler.java:218)
	at javafx.graphics/com.sun.javafx.tk.quantum.GlassViewEventHandler$KeyEventNotification.run(GlassViewEventHandler.java:150)
	at java.base/java.security.AccessController.doPrivileged(AccessController.java:399)
	at javafx.graphics/com.sun.javafx.tk.quantum.GlassViewEventHandler.lambda$handleKeyEvent$1(GlassViewEventHandler.java:250)
	at javafx.graphics/com.sun.javafx.tk.quantum.QuantumToolkit.runWithoutRenderLock(QuantumToolkit.java:423)
	at javafx.graphics/com.sun.javafx.tk.quantum.GlassViewEventHandler.handleKeyEvent(GlassViewEventHandler.java:249)
	at javafx.graphics/com.sun.glass.ui.View.handleKeyEvent(View.java:542)
	at javafx.graphics/com.sun.glass.ui.View.notifyKey(View.java:966)
	at javafx.graphics/com.sun.glass.ui.win.WinApplication._runLoop(Native Method)
	at javafx.graphics/com.sun.glass.ui.win.WinApplication.lambda$runLoop$3(WinApplication.java:184)
	at java.base/java.lang.Thread.run(Thread.java:842)

нов 22, 2024 9:27:56 ПРИЈЕ ПОДНЕ net.etfbl.org.userControllers.UserMainWindowController showBooks
SEVERE: 
java.lang.NullPointerException: Cannot invoke "javafx.scene.control.TableView.setItems(javafx.collections.ObservableList)" because "this.tvBookTable" is null
	at net.etfbl.org.userControllers.UserMainWindowController.showBooks(UserMainWindowController.java:142)
	at net.etfbl.org.userControllers.UserMainWindowController.initialize(UserMainWindowController.java:115)
	at javafx.fxml/javafx.fxml.FXMLLoader.loadImpl(FXMLLoader.java:2662)
	at javafx.fxml/javafx.fxml.FXMLLoader.loadImpl(FXMLLoader.java:2555)
	at javafx.fxml/javafx.fxml.FXMLLoader.load(FXMLLoader.java:2523)
	at net.etfbl.org.userControllers.LoginController.login(LoginController.java:104)
	at java.base/jdk.internal.reflect.NativeMethodAccessorImpl.invoke0(Native Method)
	at java.base/jdk.internal.reflect.NativeMethodAccessorImpl.invoke(NativeMethodAccessorImpl.java:77)
	at java.base/jdk.internal.reflect.DelegatingMethodAccessorImpl.invoke(DelegatingMethodAccessorImpl.java:43)
	at java.base/java.lang.reflect.Method.invoke(Method.java:568)
	at com.sun.javafx.reflect.Trampoline.invoke(MethodUtil.java:77)
	at jdk.internal.reflect.GeneratedMethodAccessor2.invoke(Unknown Source)
	at java.base/jdk.internal.reflect.DelegatingMethodAccessorImpl.invoke(DelegatingMethodAccessorImpl.java:43)
	at java.base/java.lang.reflect.Method.invoke(Method.java:568)
	at javafx.base/com.sun.javafx.reflect.MethodUtil.invoke(MethodUtil.java:275)
	at javafx.fxml/com.sun.javafx.fxml.MethodHelper.invoke(MethodHelper.java:84)
	at javafx.fxml/javafx.fxml.FXMLLoader$MethodHandler.invoke(FXMLLoader.java:1852)
	at javafx.fxml/javafx.fxml.FXMLLoader$ControllerMethodEventHandler.handle(FXMLLoader.java:1724)
	at javafx.base/com.sun.javafx.event.CompositeEventHandler.dispatchBubblingEvent(CompositeEventHandler.java:86)
	at javafx.base/com.sun.javafx.event.EventHandlerManager.dispatchBubblingEvent(EventHandlerManager.java:234)
	at javafx.base/com.sun.javafx.event.EventHandlerManager.dispatchBubblingEvent(EventHandlerManager.java:191)
	at javafx.base/com.sun.javafx.event.CompositeEventDispatcher.dispatchBubblingEvent(CompositeEventDispatcher.java:59)
	at javafx.base/com.sun.javafx.event.BasicEventDispatcher.dispatchEvent(BasicEventDispatcher.java:58)
	at javafx.base/com.sun.javafx.event.EventDispatchChainImpl.dispatchEvent(EventDispatchChainImpl.java:114)
	at javafx.base/com.sun.javafx.event.BasicEventDispatcher.dispatchEvent(BasicEventDispatcher.java:56)
	at javafx.base/com.sun.javafx.event.EventDispatchChainImpl.dispatchEvent(EventDispatchChainImpl.java:114)
	at javafx.base/com.sun.javafx.event.BasicEventDispatcher.dispatchEvent(BasicEventDispatcher.java:56)
	at javafx.base/com.sun.javafx.event.EventDispatchChainImpl.dispatchEvent(EventDispatchChainImpl.java:114)
	at javafx.base/com.sun.javafx.event.EventUtil.fireEventImpl(EventUtil.java:74)
	at javafx.base/com.sun.javafx.event.EventUtil.fireEvent(EventUtil.java:49)
	at javafx.base/javafx.event.Event.fireEvent(Event.java:198)
	at javafx.graphics/javafx.scene.Node.fireEvent(Node.java:8792)
	at javafx.controls/javafx.scene.control.Button.fire(Button.java:203)
	at javafx.controls/com.sun.javafx.scene.control.behavior.ButtonBehavior.keyReleased(ButtonBehavior.java:163)
	at javafx.controls/com.sun.javafx.scene.control.inputmap.InputMap.handle(InputMap.java:274)
	at javafx.base/com.sun.javafx.event.CompositeEventHandler$NormalEventHandlerRecord.handleBubblingEvent(CompositeEventHandler.java:247)
	at javafx.base/com.sun.javafx.event.CompositeEventHandler.dispatchBubblingEvent(CompositeEventHandler.java:80)
	at javafx.base/com.sun.javafx.event.EventHandlerManager.dispatchBubblingEvent(EventHandlerManager.java:234)
	at javafx.base/com.sun.javafx.event.EventHandlerManager.dispatchBubblingEvent(EventHandlerManager.java:191)
	at javafx.base/com.sun.javafx.event.CompositeEventDispatcher.dispatchBubblingEvent(CompositeEventDispatcher.java:59)
	at javafx.base/com.sun.javafx.event.BasicEventDispatcher.dispatchEvent(BasicEventDispatcher.java:58)
	at javafx.base/com.sun.javafx.event.EventDispatchChainImpl.dispatchEvent(EventDispatchChainImpl.java:114)
	at javafx.base/com.sun.javafx.event.BasicEventDispatcher.dispatchEvent(BasicEventDispatcher.java:56)
	at javafx.base/com.sun.javafx.event.EventDispatchChainImpl.dispatchEvent(EventDispatchChainImpl.java:114)
	at javafx.base/com.sun.javafx.event.BasicEventDispatcher.dispatchEvent(BasicEventDispatcher.java:56)
	at javafx.base/com.sun.javafx.event.EventDispatchChainImpl.dispatchEvent(EventDispatchChainImpl.java:114)
	at javafx.base/com.sun.javafx.event.EventUtil.fireEventImpl(EventUtil.java:74)
	at javafx.base/com.sun.javafx.event.EventUtil.fireEvent(EventUtil.java:54)
	at javafx.base/javafx.event.Event.fireEvent(Event.java:198)
	at javafx.graphics/javafx.scene.Scene$KeyHandler.process(Scene.java:4105)
	at javafx.graphics/javafx.scene.Scene.processKeyEvent(Scene.java:2156)
	at javafx.graphics/javafx.scene.Scene$ScenePeerListener.keyEvent(Scene.java:2630)
	at javafx.graphics/com.sun.javafx.tk.quantum.GlassViewEventHandler$KeyEventNotification.run(GlassViewEventHandler.java:218)
	at javafx.graphics/com.sun.javafx.tk.quantum.GlassViewEventHandler$KeyEventNotification.run(GlassViewEventHandler.java:150)
	at java.base/java.security.AccessController.doPrivileged(AccessController.java:399)
	at javafx.graphics/com.sun.javafx.tk.quantum.GlassViewEventHandler.lambda$handleKeyEvent$1(GlassViewEventHandler.java:250)
	at javafx.graphics/com.sun.javafx.tk.quantum.QuantumToolkit.runWithoutRenderLock(QuantumToolkit.java:423)
	at javafx.graphics/com.sun.javafx.tk.quantum.GlassViewEventHandler.handleKeyEvent(GlassViewEventHandler.java:249)
	at javafx.graphics/com.sun.glass.ui.View.handleKeyEvent(View.java:542)
	at javafx.graphics/com.sun.glass.ui.View.notifyKey(View.java:966)
	at javafx.graphics/com.sun.glass.ui.win.WinApplication._runLoop(Native Method)
	at javafx.graphics/com.sun.glass.ui.win.WinApplication.lambda$runLoop$3(WinApplication.java:184)
	at java.base/java.lang.Thread.run(Thread.java:842)

нов 22, 2024 10:09:41 ПРИЈЕ ПОДНЕ net.etfbl.org.userControllers.UserMainWindowController showBooks
SEVERE: 
java.lang.NullPointerException: Cannot invoke "javafx.scene.control.TableView.setItems(javafx.collections.ObservableList)" because "this.tvBookTable" is null
	at net.etfbl.org.userControllers.UserMainWindowController.showBooks(UserMainWindowController.java:209)
	at java.base/jdk.internal.reflect.NativeMethodAccessorImpl.invoke0(Native Method)
	at java.base/jdk.internal.reflect.NativeMethodAccessorImpl.invoke(NativeMethodAccessorImpl.java:77)
	at java.base/jdk.internal.reflect.DelegatingMethodAccessorImpl.invoke(DelegatingMethodAccessorImpl.java:43)
	at java.base/java.lang.reflect.Method.invoke(Method.java:568)
	at com.sun.javafx.reflect.Trampoline.invoke(MethodUtil.java:77)
	at jdk.internal.reflect.GeneratedMethodAccessor2.invoke(Unknown Source)
	at java.base/jdk.internal.reflect.DelegatingMethodAccessorImpl.invoke(DelegatingMethodAccessorImpl.java:43)
	at java.base/java.lang.reflect.Method.invoke(Method.java:568)
	at javafx.base/com.sun.javafx.reflect.MethodUtil.invoke(MethodUtil.java:275)
	at javafx.fxml/com.sun.javafx.fxml.MethodHelper.invoke(MethodHelper.java:84)
	at javafx.fxml/javafx.fxml.FXMLLoader$MethodHandler.invoke(FXMLLoader.java:1852)
	at javafx.fxml/javafx.fxml.FXMLLoader$ControllerMethodEventHandler.handle(FXMLLoader.java:1724)
	at javafx.base/com.sun.javafx.event.CompositeEventHandler.dispatchBubblingEvent(CompositeEventHandler.java:86)
	at javafx.base/com.sun.javafx.event.EventHandlerManager.dispatchBubblingEvent(EventHandlerManager.java:234)
	at javafx.base/com.sun.javafx.event.EventHandlerManager.dispatchBubblingEvent(EventHandlerManager.java:191)
	at javafx.base/com.sun.javafx.event.CompositeEventDispatcher.dispatchBubblingEvent(CompositeEventDispatcher.java:59)
	at javafx.base/com.sun.javafx.event.BasicEventDispatcher.dispatchEvent(BasicEventDispatcher.java:58)
	at javafx.base/com.sun.javafx.event.EventDispatchChainImpl.dispatchEvent(EventDispatchChainImpl.java:114)
	at javafx.base/com.sun.javafx.event.BasicEventDispatcher.dispatchEvent(BasicEventDispatcher.java:56)
	at javafx.base/com.sun.javafx.event.EventDispatchChainImpl.dispatchEvent(EventDispatchChainImpl.java:114)
	at javafx.base/com.sun.javafx.event.BasicEventDispatcher.dispatchEvent(BasicEventDispatcher.java:56)
	at javafx.base/com.sun.javafx.event.EventDispatchChainImpl.dispatchEvent(EventDispatchChainImpl.java:114)
	at javafx.base/com.sun.javafx.event.EventUtil.fireEventImpl(EventUtil.java:74)
	at javafx.base/com.sun.javafx.event.EventUtil.fireEvent(EventUtil.java:49)
	at javafx.base/javafx.event.Event.fireEvent(Event.java:198)
	at javafx.graphics/javafx.scene.Node.fireEvent(Node.java:8792)
	at javafx.controls/javafx.scene.control.Button.fire(Button.java:203)
	at javafx.controls/com.sun.javafx.scene.control.behavior.ButtonBehavior.mouseReleased(ButtonBehavior.java:208)
	at javafx.controls/com.sun.javafx.scene.control.inputmap.InputMap.handle(InputMap.java:274)
	at javafx.base/com.sun.javafx.event.CompositeEventHandler$NormalEventHandlerRecord.handleBubblingEvent(CompositeEventHandler.java:247)
	at javafx.base/com.sun.javafx.event.CompositeEventHandler.dispatchBubblingEvent(CompositeEventHandler.java:80)
	at javafx.base/com.sun.javafx.event.EventHandlerManager.dispatchBubblingEvent(EventHandlerManager.java:234)
	at javafx.base/com.sun.javafx.event.EventHandlerManager.dispatchBubblingEvent(EventHandlerManager.java:191)
	at javafx.base/com.sun.javafx.event.CompositeEventDispatcher.dispatchBubblingEvent(CompositeEventDispatcher.java:59)
	at javafx.base/com.sun.javafx.event.BasicEventDispatcher.dispatchEvent(BasicEventDispatcher.java:58)
	at javafx.base/com.sun.javafx.event.EventDispatchChainImpl.dispatchEvent(EventDispatchChainImpl.java:114)
	at javafx.base/com.sun.javafx.event.BasicEventDispatcher.dispatchEvent(BasicEventDispatcher.java:56)
	at javafx.base/com.sun.javafx.event.EventDispatchChainImpl.dispatchEvent(EventDispatchChainImpl.java:114)
	at javafx.base/com.sun.javafx.event.BasicEventDispatcher.dispatchEvent(BasicEventDispatcher.java:56)
	at javafx.base/com.sun.javafx.event.EventDispatchChainImpl.dispatchEvent(EventDispatchChainImpl.java:114)
	at javafx.base/com.sun.javafx.event.EventUtil.fireEventImpl(EventUtil.java:74)
	at javafx.base/com.sun.javafx.event.EventUtil.fireEvent(EventUtil.java:54)
	at javafx.base/javafx.event.Event.fireEvent(Event.java:198)
	at javafx.graphics/javafx.scene.Scene$MouseHandler.process(Scene.java:3897)
	at javafx.graphics/javafx.scene.Scene.processMouseEvent(Scene.java:1878)
	at javafx.graphics/javafx.scene.Scene$ScenePeerListener.mouseEvent(Scene.java:2623)
	at javafx.graphics/com.sun.javafx.tk.quantum.GlassViewEventHandler$MouseEventNotification.run(GlassViewEventHandler.java:411)
	at javafx.graphics/com.sun.javafx.tk.quantum.GlassViewEventHandler$MouseEventNotification.run(GlassViewEventHandler.java:301)
	at java.base/java.security.AccessController.doPrivileged(AccessController.java:399)
	at javafx.graphics/com.sun.javafx.tk.quantum.GlassViewEventHandler.lambda$handleMouseEvent$2(GlassViewEventHandler.java:450)
	at javafx.graphics/com.sun.javafx.tk.quantum.QuantumToolkit.runWithoutRenderLock(QuantumToolkit.java:423)
	at javafx.graphics/com.sun.javafx.tk.quantum.GlassViewEventHandler.handleMouseEvent(GlassViewEventHandler.java:449)
	at javafx.graphics/com.sun.glass.ui.View.handleMouseEvent(View.java:551)
	at javafx.graphics/com.sun.glass.ui.View.notifyMouse(View.java:937)
	at javafx.graphics/com.sun.glass.ui.win.WinApplication._runLoop(Native Method)
	at javafx.graphics/com.sun.glass.ui.win.WinApplication.lambda$runLoop$3(WinApplication.java:184)
	at java.base/java.lang.Thread.run(Thread.java:842)

нов 22, 2024 10:10:22 ПРИЈЕ ПОДНЕ net.etfbl.org.userControllers.UserMainWindowController showBooks
SEVERE: 
java.lang.NullPointerException: Cannot invoke "javafx.scene.control.TableView.setItems(javafx.collections.ObservableList)" because "this.tvBookTable" is null
	at net.etfbl.org.userControllers.UserMainWindowController.showBooks(UserMainWindowController.java:213)
	at java.base/jdk.internal.reflect.NativeMethodAccessorImpl.invoke0(Native Method)
	at java.base/jdk.internal.reflect.NativeMethodAccessorImpl.invoke(NativeMethodAccessorImpl.java:77)
	at java.base/jdk.internal.reflect.DelegatingMethodAccessorImpl.invoke(DelegatingMethodAccessorImpl.java:43)
	at java.base/java.lang.reflect.Method.invoke(Method.java:568)
	at com.sun.javafx.reflect.Trampoline.invoke(MethodUtil.java:77)
	at jdk.internal.reflect.GeneratedMethodAccessor2.invoke(Unknown Source)
	at java.base/jdk.internal.reflect.DelegatingMethodAccessorImpl.invoke(DelegatingMethodAccessorImpl.java:43)
	at java.base/java.lang.reflect.Method.invoke(Method.java:568)
	at javafx.base/com.sun.javafx.reflect.MethodUtil.invoke(MethodUtil.java:275)
	at javafx.fxml/com.sun.javafx.fxml.MethodHelper.invoke(MethodHelper.java:84)
	at javafx.fxml/javafx.fxml.FXMLLoader$MethodHandler.invoke(FXMLLoader.java:1852)
	at javafx.fxml/javafx.fxml.FXMLLoader$ControllerMethodEventHandler.handle(FXMLLoader.java:1724)
	at javafx.base/com.sun.javafx.event.CompositeEventHandler.dispatchBubblingEvent(CompositeEventHandler.java:86)
	at javafx.base/com.sun.javafx.event.EventHandlerManager.dispatchBubblingEvent(EventHandlerManager.java:234)
	at javafx.base/com.sun.javafx.event.EventHandlerManager.dispatchBubblingEvent(EventHandlerManager.java:191)
	at javafx.base/com.sun.javafx.event.CompositeEventDispatcher.dispatchBubblingEvent(CompositeEventDispatcher.java:59)
	at javafx.base/com.sun.javafx.event.BasicEventDispatcher.dispatchEvent(BasicEventDispatcher.java:58)
	at javafx.base/com.sun.javafx.event.EventDispatchChainImpl.dispatchEvent(EventDispatchChainImpl.java:114)
	at javafx.base/com.sun.javafx.event.BasicEventDispatcher.dispatchEvent(BasicEventDispatcher.java:56)
	at javafx.base/com.sun.javafx.event.EventDispatchChainImpl.dispatchEvent(EventDispatchChainImpl.java:114)
	at javafx.base/com.sun.javafx.event.BasicEventDispatcher.dispatchEvent(BasicEventDispatcher.java:56)
	at javafx.base/com.sun.javafx.event.EventDispatchChainImpl.dispatchEvent(EventDispatchChainImpl.java:114)
	at javafx.base/com.sun.javafx.event.EventUtil.fireEventImpl(EventUtil.java:74)
	at javafx.base/com.sun.javafx.event.EventUtil.fireEvent(EventUtil.java:49)
	at javafx.base/javafx.event.Event.fireEvent(Event.java:198)
	at javafx.graphics/javafx.scene.Node.fireEvent(Node.java:8792)
	at javafx.controls/javafx.scene.control.Button.fire(Button.java:203)
	at javafx.controls/com.sun.javafx.scene.control.behavior.ButtonBehavior.mouseReleased(ButtonBehavior.java:208)
	at javafx.controls/com.sun.javafx.scene.control.inputmap.InputMap.handle(InputMap.java:274)
	at javafx.base/com.sun.javafx.event.CompositeEventHandler$NormalEventHandlerRecord.handleBubblingEvent(CompositeEventHandler.java:247)
	at javafx.base/com.sun.javafx.event.CompositeEventHandler.dispatchBubblingEvent(CompositeEventHandler.java:80)
	at javafx.base/com.sun.javafx.event.EventHandlerManager.dispatchBubblingEvent(EventHandlerManager.java:234)
	at javafx.base/com.sun.javafx.event.EventHandlerManager.dispatchBubblingEvent(EventHandlerManager.java:191)
	at javafx.base/com.sun.javafx.event.CompositeEventDispatcher.dispatchBubblingEvent(CompositeEventDispatcher.java:59)
	at javafx.base/com.sun.javafx.event.BasicEventDispatcher.dispatchEvent(BasicEventDispatcher.java:58)
	at javafx.base/com.sun.javafx.event.EventDispatchChainImpl.dispatchEvent(EventDispatchChainImpl.java:114)
	at javafx.base/com.sun.javafx.event.BasicEventDispatcher.dispatchEvent(BasicEventDispatcher.java:56)
	at javafx.base/com.sun.javafx.event.EventDispatchChainImpl.dispatchEvent(EventDispatchChainImpl.java:114)
	at javafx.base/com.sun.javafx.event.BasicEventDispatcher.dispatchEvent(BasicEventDispatcher.java:56)
	at javafx.base/com.sun.javafx.event.EventDispatchChainImpl.dispatchEvent(EventDispatchChainImpl.java:114)
	at javafx.base/com.sun.javafx.event.EventUtil.fireEventImpl(EventUtil.java:74)
	at javafx.base/com.sun.javafx.event.EventUtil.fireEvent(EventUtil.java:54)
	at javafx.base/javafx.event.Event.fireEvent(Event.java:198)
	at javafx.graphics/javafx.scene.Scene$MouseHandler.process(Scene.java:3897)
	at javafx.graphics/javafx.scene.Scene.processMouseEvent(Scene.java:1878)
	at javafx.graphics/javafx.scene.Scene$ScenePeerListener.mouseEvent(Scene.java:2623)
	at javafx.graphics/com.sun.javafx.tk.quantum.GlassViewEventHandler$MouseEventNotification.run(GlassViewEventHandler.java:411)
	at javafx.graphics/com.sun.javafx.tk.quantum.GlassViewEventHandler$MouseEventNotification.run(GlassViewEventHandler.java:301)
	at java.base/java.security.AccessController.doPrivileged(AccessController.java:399)
	at javafx.graphics/com.sun.javafx.tk.quantum.GlassViewEventHandler.lambda$handleMouseEvent$2(GlassViewEventHandler.java:450)
	at javafx.graphics/com.sun.javafx.tk.quantum.QuantumToolkit.runWithoutRenderLock(QuantumToolkit.java:423)
	at javafx.graphics/com.sun.javafx.tk.quantum.GlassViewEventHandler.handleMouseEvent(GlassViewEventHandler.java:449)
	at javafx.graphics/com.sun.glass.ui.View.handleMouseEvent(View.java:551)
	at javafx.graphics/com.sun.glass.ui.View.notifyMouse(View.java:937)
	at javafx.graphics/com.sun.glass.ui.win.WinApplication._runLoop(Native Method)
	at javafx.graphics/com.sun.glass.ui.win.WinApplication.lambda$runLoop$3(WinApplication.java:184)
	at java.base/java.lang.Thread.run(Thread.java:842)

нов 22, 2024 10:12:26 ПРИЈЕ ПОДНЕ net.etfbl.org.userControllers.UserMainWindowController showBooks
SEVERE: 
java.lang.NullPointerException: Cannot invoke "javafx.scene.control.TableView.setItems(javafx.collections.ObservableList)" because "this.tvBookTable" is null
	at net.etfbl.org.userControllers.UserMainWindowController.showBooks(UserMainWindowController.java:213)
	at java.base/jdk.internal.reflect.NativeMethodAccessorImpl.invoke0(Native Method)
	at java.base/jdk.internal.reflect.NativeMethodAccessorImpl.invoke(NativeMethodAccessorImpl.java:77)
	at java.base/jdk.internal.reflect.DelegatingMethodAccessorImpl.invoke(DelegatingMethodAccessorImpl.java:43)
	at java.base/java.lang.reflect.Method.invoke(Method.java:568)
	at com.sun.javafx.reflect.Trampoline.invoke(MethodUtil.java:77)
	at jdk.internal.reflect.GeneratedMethodAccessor2.invoke(Unknown Source)
	at java.base/jdk.internal.reflect.DelegatingMethodAccessorImpl.invoke(DelegatingMethodAccessorImpl.java:43)
	at java.base/java.lang.reflect.Method.invoke(Method.java:568)
	at javafx.base/com.sun.javafx.reflect.MethodUtil.invoke(MethodUtil.java:275)
	at javafx.fxml/com.sun.javafx.fxml.MethodHelper.invoke(MethodHelper.java:84)
	at javafx.fxml/javafx.fxml.FXMLLoader$MethodHandler.invoke(FXMLLoader.java:1852)
	at javafx.fxml/javafx.fxml.FXMLLoader$ControllerMethodEventHandler.handle(FXMLLoader.java:1724)
	at javafx.base/com.sun.javafx.event.CompositeEventHandler.dispatchBubblingEvent(CompositeEventHandler.java:86)
	at javafx.base/com.sun.javafx.event.EventHandlerManager.dispatchBubblingEvent(EventHandlerManager.java:234)
	at javafx.base/com.sun.javafx.event.EventHandlerManager.dispatchBubblingEvent(EventHandlerManager.java:191)
	at javafx.base/com.sun.javafx.event.CompositeEventDispatcher.dispatchBubblingEvent(CompositeEventDispatcher.java:59)
	at javafx.base/com.sun.javafx.event.BasicEventDispatcher.dispatchEvent(BasicEventDispatcher.java:58)
	at javafx.base/com.sun.javafx.event.EventDispatchChainImpl.dispatchEvent(EventDispatchChainImpl.java:114)
	at javafx.base/com.sun.javafx.event.BasicEventDispatcher.dispatchEvent(BasicEventDispatcher.java:56)
	at javafx.base/com.sun.javafx.event.EventDispatchChainImpl.dispatchEvent(EventDispatchChainImpl.java:114)
	at javafx.base/com.sun.javafx.event.BasicEventDispatcher.dispatchEvent(BasicEventDispatcher.java:56)
	at javafx.base/com.sun.javafx.event.EventDispatchChainImpl.dispatchEvent(EventDispatchChainImpl.java:114)
	at javafx.base/com.sun.javafx.event.EventUtil.fireEventImpl(EventUtil.java:74)
	at javafx.base/com.sun.javafx.event.EventUtil.fireEvent(EventUtil.java:49)
	at javafx.base/javafx.event.Event.fireEvent(Event.java:198)
	at javafx.graphics/javafx.scene.Node.fireEvent(Node.java:8792)
	at javafx.controls/javafx.scene.control.Button.fire(Button.java:203)
	at javafx.controls/com.sun.javafx.scene.control.behavior.ButtonBehavior.mouseReleased(ButtonBehavior.java:208)
	at javafx.controls/com.sun.javafx.scene.control.inputmap.InputMap.handle(InputMap.java:274)
	at javafx.base/com.sun.javafx.event.CompositeEventHandler$NormalEventHandlerRecord.handleBubblingEvent(CompositeEventHandler.java:247)
	at javafx.base/com.sun.javafx.event.CompositeEventHandler.dispatchBubblingEvent(CompositeEventHandler.java:80)
	at javafx.base/com.sun.javafx.event.EventHandlerManager.dispatchBubblingEvent(EventHandlerManager.java:234)
	at javafx.base/com.sun.javafx.event.EventHandlerManager.dispatchBubblingEvent(EventHandlerManager.java:191)
	at javafx.base/com.sun.javafx.event.CompositeEventDispatcher.dispatchBubblingEvent(CompositeEventDispatcher.java:59)
	at javafx.base/com.sun.javafx.event.BasicEventDispatcher.dispatchEvent(BasicEventDispatcher.java:58)
	at javafx.base/com.sun.javafx.event.EventDispatchChainImpl.dispatchEvent(EventDispatchChainImpl.java:114)
	at javafx.base/com.sun.javafx.event.BasicEventDispatcher.dispatchEvent(BasicEventDispatcher.java:56)
	at javafx.base/com.sun.javafx.event.EventDispatchChainImpl.dispatchEvent(EventDispatchChainImpl.java:114)
	at javafx.base/com.sun.javafx.event.BasicEventDispatcher.dispatchEvent(BasicEventDispatcher.java:56)
	at javafx.base/com.sun.javafx.event.EventDispatchChainImpl.dispatchEvent(EventDispatchChainImpl.java:114)
	at javafx.base/com.sun.javafx.event.EventUtil.fireEventImpl(EventUtil.java:74)
	at javafx.base/com.sun.javafx.event.EventUtil.fireEvent(EventUtil.java:54)
	at javafx.base/javafx.event.Event.fireEvent(Event.java:198)
	at javafx.graphics/javafx.scene.Scene$MouseHandler.process(Scene.java:3897)
	at javafx.graphics/javafx.scene.Scene.processMouseEvent(Scene.java:1878)
	at javafx.graphics/javafx.scene.Scene$ScenePeerListener.mouseEvent(Scene.java:2623)
	at javafx.graphics/com.sun.javafx.tk.quantum.GlassViewEventHandler$MouseEventNotification.run(GlassViewEventHandler.java:411)
	at javafx.graphics/com.sun.javafx.tk.quantum.GlassViewEventHandler$MouseEventNotification.run(GlassViewEventHandler.java:301)
	at java.base/java.security.AccessController.doPrivileged(AccessController.java:399)
	at javafx.graphics/com.sun.javafx.tk.quantum.GlassViewEventHandler.lambda$handleMouseEvent$2(GlassViewEventHandler.java:450)
	at javafx.graphics/com.sun.javafx.tk.quantum.QuantumToolkit.runWithoutRenderLock(QuantumToolkit.java:423)
	at javafx.graphics/com.sun.javafx.tk.quantum.GlassViewEventHandler.handleMouseEvent(GlassViewEventHandler.java:449)
	at javafx.graphics/com.sun.glass.ui.View.handleMouseEvent(View.java:551)
	at javafx.graphics/com.sun.glass.ui.View.notifyMouse(View.java:937)
	at javafx.graphics/com.sun.glass.ui.win.WinApplication._runLoop(Native Method)
	at javafx.graphics/com.sun.glass.ui.win.WinApplication.lambda$runLoop$3(WinApplication.java:184)
	at java.base/java.lang.Thread.run(Thread.java:842)

нов 22, 2024 10:14:44 ПРИЈЕ ПОДНЕ net.etfbl.org.userControllers.UserMainWindowController showBooks
SEVERE: 
java.lang.NullPointerException: Cannot invoke "javafx.scene.control.TableView.setItems(javafx.collections.ObservableList)" because "this.tvBookTable" is null
	at net.etfbl.org.userControllers.UserMainWindowController.showBooks(UserMainWindowController.java:213)
	at java.base/jdk.internal.reflect.NativeMethodAccessorImpl.invoke0(Native Method)
	at java.base/jdk.internal.reflect.NativeMethodAccessorImpl.invoke(NativeMethodAccessorImpl.java:77)
	at java.base/jdk.internal.reflect.DelegatingMethodAccessorImpl.invoke(DelegatingMethodAccessorImpl.java:43)
	at java.base/java.lang.reflect.Method.invoke(Method.java:568)
	at com.sun.javafx.reflect.Trampoline.invoke(MethodUtil.java:77)
	at jdk.internal.reflect.GeneratedMethodAccessor2.invoke(Unknown Source)
	at java.base/jdk.internal.reflect.DelegatingMethodAccessorImpl.invoke(DelegatingMethodAccessorImpl.java:43)
	at java.base/java.lang.reflect.Method.invoke(Method.java:568)
	at javafx.base/com.sun.javafx.reflect.MethodUtil.invoke(MethodUtil.java:275)
	at javafx.fxml/com.sun.javafx.fxml.MethodHelper.invoke(MethodHelper.java:84)
	at javafx.fxml/javafx.fxml.FXMLLoader$MethodHandler.invoke(FXMLLoader.java:1852)
	at javafx.fxml/javafx.fxml.FXMLLoader$ControllerMethodEventHandler.handle(FXMLLoader.java:1724)
	at javafx.base/com.sun.javafx.event.CompositeEventHandler.dispatchBubblingEvent(CompositeEventHandler.java:86)
	at javafx.base/com.sun.javafx.event.EventHandlerManager.dispatchBubblingEvent(EventHandlerManager.java:234)
	at javafx.base/com.sun.javafx.event.EventHandlerManager.dispatchBubblingEvent(EventHandlerManager.java:191)
	at javafx.base/com.sun.javafx.event.CompositeEventDispatcher.dispatchBubblingEvent(CompositeEventDispatcher.java:59)
	at javafx.base/com.sun.javafx.event.BasicEventDispatcher.dispatchEvent(BasicEventDispatcher.java:58)
	at javafx.base/com.sun.javafx.event.EventDispatchChainImpl.dispatchEvent(EventDispatchChainImpl.java:114)
	at javafx.base/com.sun.javafx.event.BasicEventDispatcher.dispatchEvent(BasicEventDispatcher.java:56)
	at javafx.base/com.sun.javafx.event.EventDispatchChainImpl.dispatchEvent(EventDispatchChainImpl.java:114)
	at javafx.base/com.sun.javafx.event.BasicEventDispatcher.dispatchEvent(BasicEventDispatcher.java:56)
	at javafx.base/com.sun.javafx.event.EventDispatchChainImpl.dispatchEvent(EventDispatchChainImpl.java:114)
	at javafx.base/com.sun.javafx.event.EventUtil.fireEventImpl(EventUtil.java:74)
	at javafx.base/com.sun.javafx.event.EventUtil.fireEvent(EventUtil.java:49)
	at javafx.base/javafx.event.Event.fireEvent(Event.java:198)
	at javafx.graphics/javafx.scene.Node.fireEvent(Node.java:8792)
	at javafx.controls/javafx.scene.control.Button.fire(Button.java:203)
	at javafx.controls/com.sun.javafx.scene.control.behavior.ButtonBehavior.mouseReleased(ButtonBehavior.java:208)
	at javafx.controls/com.sun.javafx.scene.control.inputmap.InputMap.handle(InputMap.java:274)
	at javafx.base/com.sun.javafx.event.CompositeEventHandler$NormalEventHandlerRecord.handleBubblingEvent(CompositeEventHandler.java:247)
	at javafx.base/com.sun.javafx.event.CompositeEventHandler.dispatchBubblingEvent(CompositeEventHandler.java:80)
	at javafx.base/com.sun.javafx.event.EventHandlerManager.dispatchBubblingEvent(EventHandlerManager.java:234)
	at javafx.base/com.sun.javafx.event.EventHandlerManager.dispatchBubblingEvent(EventHandlerManager.java:191)
	at javafx.base/com.sun.javafx.event.CompositeEventDispatcher.dispatchBubblingEvent(CompositeEventDispatcher.java:59)
	at javafx.base/com.sun.javafx.event.BasicEventDispatcher.dispatchEvent(BasicEventDispatcher.java:58)
	at javafx.base/com.sun.javafx.event.EventDispatchChainImpl.dispatchEvent(EventDispatchChainImpl.java:114)
	at javafx.base/com.sun.javafx.event.BasicEventDispatcher.dispatchEvent(BasicEventDispatcher.java:56)
	at javafx.base/com.sun.javafx.event.EventDispatchChainImpl.dispatchEvent(EventDispatchChainImpl.java:114)
	at javafx.base/com.sun.javafx.event.BasicEventDispatcher.dispatchEvent(BasicEventDispatcher.java:56)
	at javafx.base/com.sun.javafx.event.EventDispatchChainImpl.dispatchEvent(EventDispatchChainImpl.java:114)
	at javafx.base/com.sun.javafx.event.EventUtil.fireEventImpl(EventUtil.java:74)
	at javafx.base/com.sun.javafx.event.EventUtil.fireEvent(EventUtil.java:54)
	at javafx.base/javafx.event.Event.fireEvent(Event.java:198)
	at javafx.graphics/javafx.scene.Scene$MouseHandler.process(Scene.java:3897)
	at javafx.graphics/javafx.scene.Scene.processMouseEvent(Scene.java:1878)
	at javafx.graphics/javafx.scene.Scene$ScenePeerListener.mouseEvent(Scene.java:2623)
	at javafx.graphics/com.sun.javafx.tk.quantum.GlassViewEventHandler$MouseEventNotification.run(GlassViewEventHandler.java:411)
	at javafx.graphics/com.sun.javafx.tk.quantum.GlassViewEventHandler$MouseEventNotification.run(GlassViewEventHandler.java:301)
	at java.base/java.security.AccessController.doPrivileged(AccessController.java:399)
	at javafx.graphics/com.sun.javafx.tk.quantum.GlassViewEventHandler.lambda$handleMouseEvent$2(GlassViewEventHandler.java:450)
	at javafx.graphics/com.sun.javafx.tk.quantum.QuantumToolkit.runWithoutRenderLock(QuantumToolkit.java:423)
	at javafx.graphics/com.sun.javafx.tk.quantum.GlassViewEventHandler.handleMouseEvent(GlassViewEventHandler.java:449)
	at javafx.graphics/com.sun.glass.ui.View.handleMouseEvent(View.java:551)
	at javafx.graphics/com.sun.glass.ui.View.notifyMouse(View.java:937)
	at javafx.graphics/com.sun.glass.ui.win.WinApplication._runLoop(Native Method)
	at javafx.graphics/com.sun.glass.ui.win.WinApplication.lambda$runLoop$3(WinApplication.java:184)
	at java.base/java.lang.Thread.run(Thread.java:842)

нов 25, 2024 9:53:32 ПРИЈЕ ПОДНЕ net.etfbl.org.userControllers.UserMainWindowController createOrder
SEVERE: 
javafx.fxml.LoadException: 
/C:/Users/Bojan/MDP_Projekat_2024/UserApp/target/classes/fxmlPages/SuggestionsPage.fxml:11

	at javafx.fxml/javafx.fxml.FXMLLoader.constructLoadException(FXMLLoader.java:2714)
	at javafx.fxml/javafx.fxml.FXMLLoader$ValueElement.processAttribute(FXMLLoader.java:933)
	at javafx.fxml/javafx.fxml.FXMLLoader$InstanceDeclarationElement.processAttribute(FXMLLoader.java:981)
	at javafx.fxml/javafx.fxml.FXMLLoader$Element.processStartElement(FXMLLoader.java:230)
	at javafx.fxml/javafx.fxml.FXMLLoader$ValueElement.processStartElement(FXMLLoader.java:755)
	at javafx.fxml/javafx.fxml.FXMLLoader.processStartElement(FXMLLoader.java:2845)
	at javafx.fxml/javafx.fxml.FXMLLoader.loadImpl(FXMLLoader.java:2641)
	at javafx.fxml/javafx.fxml.FXMLLoader.loadImpl(FXMLLoader.java:2555)
	at javafx.fxml/javafx.fxml.FXMLLoader.load(FXMLLoader.java:2523)
	at net.etfbl.org.userControllers.UserMainWindowController.createOrder(UserMainWindowController.java:329)
	at java.base/jdk.internal.reflect.NativeMethodAccessorImpl.invoke0(Native Method)
	at java.base/jdk.internal.reflect.NativeMethodAccessorImpl.invoke(NativeMethodAccessorImpl.java:77)
	at java.base/jdk.internal.reflect.DelegatingMethodAccessorImpl.invoke(DelegatingMethodAccessorImpl.java:43)
	at java.base/java.lang.reflect.Method.invoke(Method.java:568)
	at com.sun.javafx.reflect.Trampoline.invoke(MethodUtil.java:77)
	at jdk.internal.reflect.GeneratedMethodAccessor2.invoke(Unknown Source)
	at java.base/jdk.internal.reflect.DelegatingMethodAccessorImpl.invoke(DelegatingMethodAccessorImpl.java:43)
	at java.base/java.lang.reflect.Method.invoke(Method.java:568)
	at javafx.base/com.sun.javafx.reflect.MethodUtil.invoke(MethodUtil.java:275)
	at javafx.fxml/com.sun.javafx.fxml.MethodHelper.invoke(MethodHelper.java:84)
	at javafx.fxml/javafx.fxml.FXMLLoader$MethodHandler.invoke(FXMLLoader.java:1852)
	at javafx.fxml/javafx.fxml.FXMLLoader$ControllerMethodEventHandler.handle(FXMLLoader.java:1724)
	at javafx.base/com.sun.javafx.event.CompositeEventHandler.dispatchBubblingEvent(CompositeEventHandler.java:86)
	at javafx.base/com.sun.javafx.event.EventHandlerManager.dispatchBubblingEvent(EventHandlerManager.java:234)
	at javafx.base/com.sun.javafx.event.EventHandlerManager.dispatchBubblingEvent(EventHandlerManager.java:191)
	at javafx.base/com.sun.javafx.event.CompositeEventDispatcher.dispatchBubblingEvent(CompositeEventDispatcher.java:59)
	at javafx.base/com.sun.javafx.event.BasicEventDispatcher.dispatchEvent(BasicEventDispatcher.java:58)
	at javafx.base/com.sun.javafx.event.EventDispatchChainImpl.dispatchEvent(EventDispatchChainImpl.java:114)
	at javafx.base/com.sun.javafx.event.BasicEventDispatcher.dispatchEvent(BasicEventDispatcher.java:56)
	at javafx.base/com.sun.javafx.event.EventDispatchChainImpl.dispatchEvent(EventDispatchChainImpl.java:114)
	at javafx.base/com.sun.javafx.event.BasicEventDispatcher.dispatchEvent(BasicEventDispatcher.java:56)
	at javafx.base/com.sun.javafx.event.EventDispatchChainImpl.dispatchEvent(EventDispatchChainImpl.java:114)
	at javafx.base/com.sun.javafx.event.EventUtil.fireEventImpl(EventUtil.java:74)
	at javafx.base/com.sun.javafx.event.EventUtil.fireEvent(EventUtil.java:49)
	at javafx.base/javafx.event.Event.fireEvent(Event.java:198)
	at javafx.graphics/javafx.scene.Node.fireEvent(Node.java:8792)
	at javafx.controls/javafx.scene.control.Button.fire(Button.java:203)
	at javafx.controls/com.sun.javafx.scene.control.behavior.ButtonBehavior.mouseReleased(ButtonBehavior.java:208)
	at javafx.controls/com.sun.javafx.scene.control.inputmap.InputMap.handle(InputMap.java:274)
	at javafx.base/com.sun.javafx.event.CompositeEventHandler$NormalEventHandlerRecord.handleBubblingEvent(CompositeEventHandler.java:247)
	at javafx.base/com.sun.javafx.event.CompositeEventHandler.dispatchBubblingEvent(CompositeEventHandler.java:80)
	at javafx.base/com.sun.javafx.event.EventHandlerManager.dispatchBubblingEvent(EventHandlerManager.java:234)
	at javafx.base/com.sun.javafx.event.EventHandlerManager.dispatchBubblingEvent(EventHandlerManager.java:191)
	at javafx.base/com.sun.javafx.event.CompositeEventDispatcher.dispatchBubblingEvent(CompositeEventDispatcher.java:59)
	at javafx.base/com.sun.javafx.event.BasicEventDispatcher.dispatchEvent(BasicEventDispatcher.java:58)
	at javafx.base/com.sun.javafx.event.EventDispatchChainImpl.dispatchEvent(EventDispatchChainImpl.java:114)
	at javafx.base/com.sun.javafx.event.BasicEventDispatcher.dispatchEvent(BasicEventDispatcher.java:56)
	at javafx.base/com.sun.javafx.event.EventDispatchChainImpl.dispatchEvent(EventDispatchChainImpl.java:114)
	at javafx.base/com.sun.javafx.event.BasicEventDispatcher.dispatchEvent(BasicEventDispatcher.java:56)
	at javafx.base/com.sun.javafx.event.EventDispatchChainImpl.dispatchEvent(EventDispatchChainImpl.java:114)
	at javafx.base/com.sun.javafx.event.EventUtil.fireEventImpl(EventUtil.java:74)
	at javafx.base/com.sun.javafx.event.EventUtil.fireEvent(EventUtil.java:54)
	at javafx.base/javafx.event.Event.fireEvent(Event.java:198)
	at javafx.graphics/javafx.scene.Scene$MouseHandler.process(Scene.java:3897)
	at javafx.graphics/javafx.scene.Scene.processMouseEvent(Scene.java:1878)
	at javafx.graphics/javafx.scene.Scene$ScenePeerListener.mouseEvent(Scene.java:2623)
	at javafx.graphics/com.sun.javafx.tk.quantum.GlassViewEventHandler$MouseEventNotification.run(GlassViewEventHandler.java:411)
	at javafx.graphics/com.sun.javafx.tk.quantum.GlassViewEventHandler$MouseEventNotification.run(GlassViewEventHandler.java:301)
	at java.base/java.security.AccessController.doPrivileged(AccessController.java:399)
	at javafx.graphics/com.sun.javafx.tk.quantum.GlassViewEventHandler.lambda$handleMouseEvent$2(GlassViewEventHandler.java:450)
	at javafx.graphics/com.sun.javafx.tk.quantum.QuantumToolkit.runWithoutRenderLock(QuantumToolkit.java:423)
	at javafx.graphics/com.sun.javafx.tk.quantum.GlassViewEventHandler.handleMouseEvent(GlassViewEventHandler.java:449)
	at javafx.graphics/com.sun.glass.ui.View.handleMouseEvent(View.java:551)
	at javafx.graphics/com.sun.glass.ui.View.notifyMouse(View.java:937)
	at javafx.graphics/com.sun.glass.ui.win.WinApplication._runLoop(Native Method)
	at javafx.graphics/com.sun.glass.ui.win.WinApplication.lambda$runLoop$3(WinApplication.java:184)
	at java.base/java.lang.Thread.run(Thread.java:842)
Caused by: java.lang.ClassNotFoundException: net.etfbl.org.userControllers.SuggestionsController 
	at java.base/jdk.internal.loader.BuiltinClassLoader.loadClass(BuiltinClassLoader.java:641)
	at java.base/jdk.internal.loader.ClassLoaders$AppClassLoader.loadClass(ClassLoaders.java:188)
	at java.base/java.lang.ClassLoader.loadClass(ClassLoader.java:525)
	at javafx.fxml/javafx.fxml.FXMLLoader$ValueElement.processAttribute(FXMLLoader.java:931)
	... 65 more

нов 25, 2024 9:53:36 ПРИЈЕ ПОДНЕ net.etfbl.org.userControllers.UserMainWindowController createOrder
SEVERE: 
javafx.fxml.LoadException: 
/C:/Users/Bojan/MDP_Projekat_2024/UserApp/target/classes/fxmlPages/SuggestionsPage.fxml:11

	at javafx.fxml/javafx.fxml.FXMLLoader.constructLoadException(FXMLLoader.java:2714)
	at javafx.fxml/javafx.fxml.FXMLLoader$ValueElement.processAttribute(FXMLLoader.java:933)
	at javafx.fxml/javafx.fxml.FXMLLoader$InstanceDeclarationElement.processAttribute(FXMLLoader.java:981)
	at javafx.fxml/javafx.fxml.FXMLLoader$Element.processStartElement(FXMLLoader.java:230)
	at javafx.fxml/javafx.fxml.FXMLLoader$ValueElement.processStartElement(FXMLLoader.java:755)
	at javafx.fxml/javafx.fxml.FXMLLoader.processStartElement(FXMLLoader.java:2845)
	at javafx.fxml/javafx.fxml.FXMLLoader.loadImpl(FXMLLoader.java:2641)
	at javafx.fxml/javafx.fxml.FXMLLoader.loadImpl(FXMLLoader.java:2555)
	at javafx.fxml/javafx.fxml.FXMLLoader.load(FXMLLoader.java:2523)
	at net.etfbl.org.userControllers.UserMainWindowController.createOrder(UserMainWindowController.java:329)
	at java.base/jdk.internal.reflect.NativeMethodAccessorImpl.invoke0(Native Method)
	at java.base/jdk.internal.reflect.NativeMethodAccessorImpl.invoke(NativeMethodAccessorImpl.java:77)
	at java.base/jdk.internal.reflect.DelegatingMethodAccessorImpl.invoke(DelegatingMethodAccessorImpl.java:43)
	at java.base/java.lang.reflect.Method.invoke(Method.java:568)
	at com.sun.javafx.reflect.Trampoline.invoke(MethodUtil.java:77)
	at jdk.internal.reflect.GeneratedMethodAccessor2.invoke(Unknown Source)
	at java.base/jdk.internal.reflect.DelegatingMethodAccessorImpl.invoke(DelegatingMethodAccessorImpl.java:43)
	at java.base/java.lang.reflect.Method.invoke(Method.java:568)
	at javafx.base/com.sun.javafx.reflect.MethodUtil.invoke(MethodUtil.java:275)
	at javafx.fxml/com.sun.javafx.fxml.MethodHelper.invoke(MethodHelper.java:84)
	at javafx.fxml/javafx.fxml.FXMLLoader$MethodHandler.invoke(FXMLLoader.java:1852)
	at javafx.fxml/javafx.fxml.FXMLLoader$ControllerMethodEventHandler.handle(FXMLLoader.java:1724)
	at javafx.base/com.sun.javafx.event.CompositeEventHandler.dispatchBubblingEvent(CompositeEventHandler.java:86)
	at javafx.base/com.sun.javafx.event.EventHandlerManager.dispatchBubblingEvent(EventHandlerManager.java:234)
	at javafx.base/com.sun.javafx.event.EventHandlerManager.dispatchBubblingEvent(EventHandlerManager.java:191)
	at javafx.base/com.sun.javafx.event.CompositeEventDispatcher.dispatchBubblingEvent(CompositeEventDispatcher.java:59)
	at javafx.base/com.sun.javafx.event.BasicEventDispatcher.dispatchEvent(BasicEventDispatcher.java:58)
	at javafx.base/com.sun.javafx.event.EventDispatchChainImpl.dispatchEvent(EventDispatchChainImpl.java:114)
	at javafx.base/com.sun.javafx.event.BasicEventDispatcher.dispatchEvent(BasicEventDispatcher.java:56)
	at javafx.base/com.sun.javafx.event.EventDispatchChainImpl.dispatchEvent(EventDispatchChainImpl.java:114)
	at javafx.base/com.sun.javafx.event.BasicEventDispatcher.dispatchEvent(BasicEventDispatcher.java:56)
	at javafx.base/com.sun.javafx.event.EventDispatchChainImpl.dispatchEvent(EventDispatchChainImpl.java:114)
	at javafx.base/com.sun.javafx.event.EventUtil.fireEventImpl(EventUtil.java:74)
	at javafx.base/com.sun.javafx.event.EventUtil.fireEvent(EventUtil.java:49)
	at javafx.base/javafx.event.Event.fireEvent(Event.java:198)
	at javafx.graphics/javafx.scene.Node.fireEvent(Node.java:8792)
	at javafx.controls/javafx.scene.control.Button.fire(Button.java:203)
	at javafx.controls/com.sun.javafx.scene.control.behavior.ButtonBehavior.mouseReleased(ButtonBehavior.java:208)
	at javafx.controls/com.sun.javafx.scene.control.inputmap.InputMap.handle(InputMap.java:274)
	at javafx.base/com.sun.javafx.event.CompositeEventHandler$NormalEventHandlerRecord.handleBubblingEvent(CompositeEventHandler.java:247)
	at javafx.base/com.sun.javafx.event.CompositeEventHandler.dispatchBubblingEvent(CompositeEventHandler.java:80)
	at javafx.base/com.sun.javafx.event.EventHandlerManager.dispatchBubblingEvent(EventHandlerManager.java:234)
	at javafx.base/com.sun.javafx.event.EventHandlerManager.dispatchBubblingEvent(EventHandlerManager.java:191)
	at javafx.base/com.sun.javafx.event.CompositeEventDispatcher.dispatchBubblingEvent(CompositeEventDispatcher.java:59)
	at javafx.base/com.sun.javafx.event.BasicEventDispatcher.dispatchEvent(BasicEventDispatcher.java:58)
	at javafx.base/com.sun.javafx.event.EventDispatchChainImpl.dispatchEvent(EventDispatchChainImpl.java:114)
	at javafx.base/com.sun.javafx.event.BasicEventDispatcher.dispatchEvent(BasicEventDispatcher.java:56)
	at javafx.base/com.sun.javafx.event.EventDispatchChainImpl.dispatchEvent(EventDispatchChainImpl.java:114)
	at javafx.base/com.sun.javafx.event.BasicEventDispatcher.dispatchEvent(BasicEventDispatcher.java:56)
	at javafx.base/com.sun.javafx.event.EventDispatchChainImpl.dispatchEvent(EventDispatchChainImpl.java:114)
	at javafx.base/com.sun.javafx.event.EventUtil.fireEventImpl(EventUtil.java:74)
	at javafx.base/com.sun.javafx.event.EventUtil.fireEvent(EventUtil.java:54)
	at javafx.base/javafx.event.Event.fireEvent(Event.java:198)
	at javafx.graphics/javafx.scene.Scene$MouseHandler.process(Scene.java:3897)
	at javafx.graphics/javafx.scene.Scene.processMouseEvent(Scene.java:1878)
	at javafx.graphics/javafx.scene.Scene$ScenePeerListener.mouseEvent(Scene.java:2623)
	at javafx.graphics/com.sun.javafx.tk.quantum.GlassViewEventHandler$MouseEventNotification.run(GlassViewEventHandler.java:411)
	at javafx.graphics/com.sun.javafx.tk.quantum.GlassViewEventHandler$MouseEventNotification.run(GlassViewEventHandler.java:301)
	at java.base/java.security.AccessController.doPrivileged(AccessController.java:399)
	at javafx.graphics/com.sun.javafx.tk.quantum.GlassViewEventHandler.lambda$handleMouseEvent$2(GlassViewEventHandler.java:450)
	at javafx.graphics/com.sun.javafx.tk.quantum.QuantumToolkit.runWithoutRenderLock(QuantumToolkit.java:423)
	at javafx.graphics/com.sun.javafx.tk.quantum.GlassViewEventHandler.handleMouseEvent(GlassViewEventHandler.java:449)
	at javafx.graphics/com.sun.glass.ui.View.handleMouseEvent(View.java:551)
	at javafx.graphics/com.sun.glass.ui.View.notifyMouse(View.java:937)
	at javafx.graphics/com.sun.glass.ui.win.WinApplication._runLoop(Native Method)
	at javafx.graphics/com.sun.glass.ui.win.WinApplication.lambda$runLoop$3(WinApplication.java:184)
	at java.base/java.lang.Thread.run(Thread.java:842)
Caused by: java.lang.ClassNotFoundException: net.etfbl.org.userControllers.SuggestionsController 
	at java.base/jdk.internal.loader.BuiltinClassLoader.loadClass(BuiltinClassLoader.java:641)
	at java.base/jdk.internal.loader.ClassLoaders$AppClassLoader.loadClass(ClassLoaders.java:188)
	at java.base/java.lang.ClassLoader.loadClass(ClassLoader.java:525)
	at javafx.fxml/javafx.fxml.FXMLLoader$ValueElement.processAttribute(FXMLLoader.java:931)
	... 65 more

нов 25, 2024 9:54:45 ПРИЈЕ ПОДНЕ net.etfbl.org.userControllers.UserMainWindowController createOrder
SEVERE: 
javafx.fxml.LoadException: 
/C:/Users/Bojan/MDP_Projekat_2024/UserApp/target/classes/fxmlPages/SuggestionsPage.fxml:11

	at javafx.fxml/javafx.fxml.FXMLLoader.constructLoadException(FXMLLoader.java:2714)
	at javafx.fxml/javafx.fxml.FXMLLoader$ValueElement.processAttribute(FXMLLoader.java:933)
	at javafx.fxml/javafx.fxml.FXMLLoader$InstanceDeclarationElement.processAttribute(FXMLLoader.java:981)
	at javafx.fxml/javafx.fxml.FXMLLoader$Element.processStartElement(FXMLLoader.java:230)
	at javafx.fxml/javafx.fxml.FXMLLoader$ValueElement.processStartElement(FXMLLoader.java:755)
	at javafx.fxml/javafx.fxml.FXMLLoader.processStartElement(FXMLLoader.java:2845)
	at javafx.fxml/javafx.fxml.FXMLLoader.loadImpl(FXMLLoader.java:2641)
	at javafx.fxml/javafx.fxml.FXMLLoader.loadImpl(FXMLLoader.java:2555)
	at javafx.fxml/javafx.fxml.FXMLLoader.load(FXMLLoader.java:2523)
	at net.etfbl.org.userControllers.UserMainWindowController.createOrder(UserMainWindowController.java:329)
	at java.base/jdk.internal.reflect.NativeMethodAccessorImpl.invoke0(Native Method)
	at java.base/jdk.internal.reflect.NativeMethodAccessorImpl.invoke(NativeMethodAccessorImpl.java:77)
	at java.base/jdk.internal.reflect.DelegatingMethodAccessorImpl.invoke(DelegatingMethodAccessorImpl.java:43)
	at java.base/java.lang.reflect.Method.invoke(Method.java:568)
	at com.sun.javafx.reflect.Trampoline.invoke(MethodUtil.java:77)
	at jdk.internal.reflect.GeneratedMethodAccessor2.invoke(Unknown Source)
	at java.base/jdk.internal.reflect.DelegatingMethodAccessorImpl.invoke(DelegatingMethodAccessorImpl.java:43)
	at java.base/java.lang.reflect.Method.invoke(Method.java:568)
	at javafx.base/com.sun.javafx.reflect.MethodUtil.invoke(MethodUtil.java:275)
	at javafx.fxml/com.sun.javafx.fxml.MethodHelper.invoke(MethodHelper.java:84)
	at javafx.fxml/javafx.fxml.FXMLLoader$MethodHandler.invoke(FXMLLoader.java:1852)
	at javafx.fxml/javafx.fxml.FXMLLoader$ControllerMethodEventHandler.handle(FXMLLoader.java:1724)
	at javafx.base/com.sun.javafx.event.CompositeEventHandler.dispatchBubblingEvent(CompositeEventHandler.java:86)
	at javafx.base/com.sun.javafx.event.EventHandlerManager.dispatchBubblingEvent(EventHandlerManager.java:234)
	at javafx.base/com.sun.javafx.event.EventHandlerManager.dispatchBubblingEvent(EventHandlerManager.java:191)
	at javafx.base/com.sun.javafx.event.CompositeEventDispatcher.dispatchBubblingEvent(CompositeEventDispatcher.java:59)
	at javafx.base/com.sun.javafx.event.BasicEventDispatcher.dispatchEvent(BasicEventDispatcher.java:58)
	at javafx.base/com.sun.javafx.event.EventDispatchChainImpl.dispatchEvent(EventDispatchChainImpl.java:114)
	at javafx.base/com.sun.javafx.event.BasicEventDispatcher.dispatchEvent(BasicEventDispatcher.java:56)
	at javafx.base/com.sun.javafx.event.EventDispatchChainImpl.dispatchEvent(EventDispatchChainImpl.java:114)
	at javafx.base/com.sun.javafx.event.BasicEventDispatcher.dispatchEvent(BasicEventDispatcher.java:56)
	at javafx.base/com.sun.javafx.event.EventDispatchChainImpl.dispatchEvent(EventDispatchChainImpl.java:114)
	at javafx.base/com.sun.javafx.event.EventUtil.fireEventImpl(EventUtil.java:74)
	at javafx.base/com.sun.javafx.event.EventUtil.fireEvent(EventUtil.java:49)
	at javafx.base/javafx.event.Event.fireEvent(Event.java:198)
	at javafx.graphics/javafx.scene.Node.fireEvent(Node.java:8792)
	at javafx.controls/javafx.scene.control.Button.fire(Button.java:203)
	at javafx.controls/com.sun.javafx.scene.control.behavior.ButtonBehavior.mouseReleased(ButtonBehavior.java:208)
	at javafx.controls/com.sun.javafx.scene.control.inputmap.InputMap.handle(InputMap.java:274)
	at javafx.base/com.sun.javafx.event.CompositeEventHandler$NormalEventHandlerRecord.handleBubblingEvent(CompositeEventHandler.java:247)
	at javafx.base/com.sun.javafx.event.CompositeEventHandler.dispatchBubblingEvent(CompositeEventHandler.java:80)
	at javafx.base/com.sun.javafx.event.EventHandlerManager.dispatchBubblingEvent(EventHandlerManager.java:234)
	at javafx.base/com.sun.javafx.event.EventHandlerManager.dispatchBubblingEvent(EventHandlerManager.java:191)
	at javafx.base/com.sun.javafx.event.CompositeEventDispatcher.dispatchBubblingEvent(CompositeEventDispatcher.java:59)
	at javafx.base/com.sun.javafx.event.BasicEventDispatcher.dispatchEvent(BasicEventDispatcher.java:58)
	at javafx.base/com.sun.javafx.event.EventDispatchChainImpl.dispatchEvent(EventDispatchChainImpl.java:114)
	at javafx.base/com.sun.javafx.event.BasicEventDispatcher.dispatchEvent(BasicEventDispatcher.java:56)
	at javafx.base/com.sun.javafx.event.EventDispatchChainImpl.dispatchEvent(EventDispatchChainImpl.java:114)
	at javafx.base/com.sun.javafx.event.BasicEventDispatcher.dispatchEvent(BasicEventDispatcher.java:56)
	at javafx.base/com.sun.javafx.event.EventDispatchChainImpl.dispatchEvent(EventDispatchChainImpl.java:114)
	at javafx.base/com.sun.javafx.event.EventUtil.fireEventImpl(EventUtil.java:74)
	at javafx.base/com.sun.javafx.event.EventUtil.fireEvent(EventUtil.java:54)
	at javafx.base/javafx.event.Event.fireEvent(Event.java:198)
	at javafx.graphics/javafx.scene.Scene$MouseHandler.process(Scene.java:3897)
	at javafx.graphics/javafx.scene.Scene.processMouseEvent(Scene.java:1878)
	at javafx.graphics/javafx.scene.Scene$ScenePeerListener.mouseEvent(Scene.java:2623)
	at javafx.graphics/com.sun.javafx.tk.quantum.GlassViewEventHandler$MouseEventNotification.run(GlassViewEventHandler.java:411)
	at javafx.graphics/com.sun.javafx.tk.quantum.GlassViewEventHandler$MouseEventNotification.run(GlassViewEventHandler.java:301)
	at java.base/java.security.AccessController.doPrivileged(AccessController.java:399)
	at javafx.graphics/com.sun.javafx.tk.quantum.GlassViewEventHandler.lambda$handleMouseEvent$2(GlassViewEventHandler.java:450)
	at javafx.graphics/com.sun.javafx.tk.quantum.QuantumToolkit.runWithoutRenderLock(QuantumToolkit.java:423)
	at javafx.graphics/com.sun.javafx.tk.quantum.GlassViewEventHandler.handleMouseEvent(GlassViewEventHandler.java:449)
	at javafx.graphics/com.sun.glass.ui.View.handleMouseEvent(View.java:551)
	at javafx.graphics/com.sun.glass.ui.View.notifyMouse(View.java:937)
	at javafx.graphics/com.sun.glass.ui.win.WinApplication._runLoop(Native Method)
	at javafx.graphics/com.sun.glass.ui.win.WinApplication.lambda$runLoop$3(WinApplication.java:184)
	at java.base/java.lang.Thread.run(Thread.java:842)
Caused by: java.lang.ClassNotFoundException: net.etfbl.org.userControllers.SuggestionsController 
	at java.base/jdk.internal.loader.BuiltinClassLoader.loadClass(BuiltinClassLoader.java:641)
	at java.base/jdk.internal.loader.ClassLoaders$AppClassLoader.loadClass(ClassLoaders.java:188)
	at java.base/java.lang.ClassLoader.loadClass(ClassLoader.java:525)
	at javafx.fxml/javafx.fxml.FXMLLoader$ValueElement.processAttribute(FXMLLoader.java:931)
	... 65 more

нов 25, 2024 9:54:46 ПРИЈЕ ПОДНЕ net.etfbl.org.userControllers.UserMainWindowController createOrder
SEVERE: 
javafx.fxml.LoadException: 
/C:/Users/Bojan/MDP_Projekat_2024/UserApp/target/classes/fxmlPages/SuggestionsPage.fxml:11

	at javafx.fxml/javafx.fxml.FXMLLoader.constructLoadException(FXMLLoader.java:2714)
	at javafx.fxml/javafx.fxml.FXMLLoader$ValueElement.processAttribute(FXMLLoader.java:933)
	at javafx.fxml/javafx.fxml.FXMLLoader$InstanceDeclarationElement.processAttribute(FXMLLoader.java:981)
	at javafx.fxml/javafx.fxml.FXMLLoader$Element.processStartElement(FXMLLoader.java:230)
	at javafx.fxml/javafx.fxml.FXMLLoader$ValueElement.processStartElement(FXMLLoader.java:755)
	at javafx.fxml/javafx.fxml.FXMLLoader.processStartElement(FXMLLoader.java:2845)
	at javafx.fxml/javafx.fxml.FXMLLoader.loadImpl(FXMLLoader.java:2641)
	at javafx.fxml/javafx.fxml.FXMLLoader.loadImpl(FXMLLoader.java:2555)
	at javafx.fxml/javafx.fxml.FXMLLoader.load(FXMLLoader.java:2523)
	at net.etfbl.org.userControllers.UserMainWindowController.createOrder(UserMainWindowController.java:329)
	at java.base/jdk.internal.reflect.NativeMethodAccessorImpl.invoke0(Native Method)
	at java.base/jdk.internal.reflect.NativeMethodAccessorImpl.invoke(NativeMethodAccessorImpl.java:77)
	at java.base/jdk.internal.reflect.DelegatingMethodAccessorImpl.invoke(DelegatingMethodAccessorImpl.java:43)
	at java.base/java.lang.reflect.Method.invoke(Method.java:568)
	at com.sun.javafx.reflect.Trampoline.invoke(MethodUtil.java:77)
	at jdk.internal.reflect.GeneratedMethodAccessor2.invoke(Unknown Source)
	at java.base/jdk.internal.reflect.DelegatingMethodAccessorImpl.invoke(DelegatingMethodAccessorImpl.java:43)
	at java.base/java.lang.reflect.Method.invoke(Method.java:568)
	at javafx.base/com.sun.javafx.reflect.MethodUtil.invoke(MethodUtil.java:275)
	at javafx.fxml/com.sun.javafx.fxml.MethodHelper.invoke(MethodHelper.java:84)
	at javafx.fxml/javafx.fxml.FXMLLoader$MethodHandler.invoke(FXMLLoader.java:1852)
	at javafx.fxml/javafx.fxml.FXMLLoader$ControllerMethodEventHandler.handle(FXMLLoader.java:1724)
	at javafx.base/com.sun.javafx.event.CompositeEventHandler.dispatchBubblingEvent(CompositeEventHandler.java:86)
	at javafx.base/com.sun.javafx.event.EventHandlerManager.dispatchBubblingEvent(EventHandlerManager.java:234)
	at javafx.base/com.sun.javafx.event.EventHandlerManager.dispatchBubblingEvent(EventHandlerManager.java:191)
	at javafx.base/com.sun.javafx.event.CompositeEventDispatcher.dispatchBubblingEvent(CompositeEventDispatcher.java:59)
	at javafx.base/com.sun.javafx.event.BasicEventDispatcher.dispatchEvent(BasicEventDispatcher.java:58)
	at javafx.base/com.sun.javafx.event.EventDispatchChainImpl.dispatchEvent(EventDispatchChainImpl.java:114)
	at javafx.base/com.sun.javafx.event.BasicEventDispatcher.dispatchEvent(BasicEventDispatcher.java:56)
	at javafx.base/com.sun.javafx.event.EventDispatchChainImpl.dispatchEvent(EventDispatchChainImpl.java:114)
	at javafx.base/com.sun.javafx.event.BasicEventDispatcher.dispatchEvent(BasicEventDispatcher.java:56)
	at javafx.base/com.sun.javafx.event.EventDispatchChainImpl.dispatchEvent(EventDispatchChainImpl.java:114)
	at javafx.base/com.sun.javafx.event.EventUtil.fireEventImpl(EventUtil.java:74)
	at javafx.base/com.sun.javafx.event.EventUtil.fireEvent(EventUtil.java:49)
	at javafx.base/javafx.event.Event.fireEvent(Event.java:198)
	at javafx.graphics/javafx.scene.Node.fireEvent(Node.java:8792)
	at javafx.controls/javafx.scene.control.Button.fire(Button.java:203)
	at javafx.controls/com.sun.javafx.scene.control.behavior.ButtonBehavior.mouseReleased(ButtonBehavior.java:208)
	at javafx.controls/com.sun.javafx.scene.control.inputmap.InputMap.handle(InputMap.java:274)
	at javafx.base/com.sun.javafx.event.CompositeEventHandler$NormalEventHandlerRecord.handleBubblingEvent(CompositeEventHandler.java:247)
	at javafx.base/com.sun.javafx.event.CompositeEventHandler.dispatchBubblingEvent(CompositeEventHandler.java:80)
	at javafx.base/com.sun.javafx.event.EventHandlerManager.dispatchBubblingEvent(EventHandlerManager.java:234)
	at javafx.base/com.sun.javafx.event.EventHandlerManager.dispatchBubblingEvent(EventHandlerManager.java:191)
	at javafx.base/com.sun.javafx.event.CompositeEventDispatcher.dispatchBubblingEvent(CompositeEventDispatcher.java:59)
	at javafx.base/com.sun.javafx.event.BasicEventDispatcher.dispatchEvent(BasicEventDispatcher.java:58)
	at javafx.base/com.sun.javafx.event.EventDispatchChainImpl.dispatchEvent(EventDispatchChainImpl.java:114)
	at javafx.base/com.sun.javafx.event.BasicEventDispatcher.dispatchEvent(BasicEventDispatcher.java:56)
	at javafx.base/com.sun.javafx.event.EventDispatchChainImpl.dispatchEvent(EventDispatchChainImpl.java:114)
	at javafx.base/com.sun.javafx.event.BasicEventDispatcher.dispatchEvent(BasicEventDispatcher.java:56)
	at javafx.base/com.sun.javafx.event.EventDispatchChainImpl.dispatchEvent(EventDispatchChainImpl.java:114)
	at javafx.base/com.sun.javafx.event.EventUtil.fireEventImpl(EventUtil.java:74)
	at javafx.base/com.sun.javafx.event.EventUtil.fireEvent(EventUtil.java:54)
	at javafx.base/javafx.event.Event.fireEvent(Event.java:198)
	at javafx.graphics/javafx.scene.Scene$MouseHandler.process(Scene.java:3897)
	at javafx.graphics/javafx.scene.Scene.processMouseEvent(Scene.java:1878)
	at javafx.graphics/javafx.scene.Scene$ScenePeerListener.mouseEvent(Scene.java:2623)
	at javafx.graphics/com.sun.javafx.tk.quantum.GlassViewEventHandler$MouseEventNotification.run(GlassViewEventHandler.java:411)
	at javafx.graphics/com.sun.javafx.tk.quantum.GlassViewEventHandler$MouseEventNotification.run(GlassViewEventHandler.java:301)
	at java.base/java.security.AccessController.doPrivileged(AccessController.java:399)
	at javafx.graphics/com.sun.javafx.tk.quantum.GlassViewEventHandler.lambda$handleMouseEvent$2(GlassViewEventHandler.java:450)
	at javafx.graphics/com.sun.javafx.tk.quantum.QuantumToolkit.runWithoutRenderLock(QuantumToolkit.java:423)
	at javafx.graphics/com.sun.javafx.tk.quantum.GlassViewEventHandler.handleMouseEvent(GlassViewEventHandler.java:449)
	at javafx.graphics/com.sun.glass.ui.View.handleMouseEvent(View.java:551)
	at javafx.graphics/com.sun.glass.ui.View.notifyMouse(View.java:937)
	at javafx.graphics/com.sun.glass.ui.win.WinApplication._runLoop(Native Method)
	at javafx.graphics/com.sun.glass.ui.win.WinApplication.lambda$runLoop$3(WinApplication.java:184)
	at java.base/java.lang.Thread.run(Thread.java:842)
Caused by: java.lang.ClassNotFoundException: net.etfbl.org.userControllers.SuggestionsController 
	at java.base/jdk.internal.loader.BuiltinClassLoader.loadClass(BuiltinClassLoader.java:641)
	at java.base/jdk.internal.loader.ClassLoaders$AppClassLoader.loadClass(ClassLoaders.java:188)
	at java.base/java.lang.ClassLoader.loadClass(ClassLoader.java:525)
	at javafx.fxml/javafx.fxml.FXMLLoader$ValueElement.processAttribute(FXMLLoader.java:931)
	... 65 more

нов 25, 2024 9:56:31 ПРИЈЕ ПОДНЕ net.etfbl.org.userControllers.UserMainWindowController createOrder
SEVERE: 
java.lang.IllegalStateException: Location is not set.
	at javafx.fxml/javafx.fxml.FXMLLoader.loadImpl(FXMLLoader.java:2548)
	at javafx.fxml/javafx.fxml.FXMLLoader.load(FXMLLoader.java:2523)
	at net.etfbl.org.userControllers.UserMainWindowController.createOrder(UserMainWindowController.java:329)
	at java.base/jdk.internal.reflect.NativeMethodAccessorImpl.invoke0(Native Method)
	at java.base/jdk.internal.reflect.NativeMethodAccessorImpl.invoke(NativeMethodAccessorImpl.java:77)
	at java.base/jdk.internal.reflect.DelegatingMethodAccessorImpl.invoke(DelegatingMethodAccessorImpl.java:43)
	at java.base/java.lang.reflect.Method.invoke(Method.java:568)
	at com.sun.javafx.reflect.Trampoline.invoke(MethodUtil.java:77)
	at jdk.internal.reflect.GeneratedMethodAccessor2.invoke(Unknown Source)
	at java.base/jdk.internal.reflect.DelegatingMethodAccessorImpl.invoke(DelegatingMethodAccessorImpl.java:43)
	at java.base/java.lang.reflect.Method.invoke(Method.java:568)
	at javafx.base/com.sun.javafx.reflect.MethodUtil.invoke(MethodUtil.java:275)
	at javafx.fxml/com.sun.javafx.fxml.MethodHelper.invoke(MethodHelper.java:84)
	at javafx.fxml/javafx.fxml.FXMLLoader$MethodHandler.invoke(FXMLLoader.java:1852)
	at javafx.fxml/javafx.fxml.FXMLLoader$ControllerMethodEventHandler.handle(FXMLLoader.java:1724)
	at javafx.base/com.sun.javafx.event.CompositeEventHandler.dispatchBubblingEvent(CompositeEventHandler.java:86)
	at javafx.base/com.sun.javafx.event.EventHandlerManager.dispatchBubblingEvent(EventHandlerManager.java:234)
	at javafx.base/com.sun.javafx.event.EventHandlerManager.dispatchBubblingEvent(EventHandlerManager.java:191)
	at javafx.base/com.sun.javafx.event.CompositeEventDispatcher.dispatchBubblingEvent(CompositeEventDispatcher.java:59)
	at javafx.base/com.sun.javafx.event.BasicEventDispatcher.dispatchEvent(BasicEventDispatcher.java:58)
	at javafx.base/com.sun.javafx.event.EventDispatchChainImpl.dispatchEvent(EventDispatchChainImpl.java:114)
	at javafx.base/com.sun.javafx.event.BasicEventDispatcher.dispatchEvent(BasicEventDispatcher.java:56)
	at javafx.base/com.sun.javafx.event.EventDispatchChainImpl.dispatchEvent(EventDispatchChainImpl.java:114)
	at javafx.base/com.sun.javafx.event.BasicEventDispatcher.dispatchEvent(BasicEventDispatcher.java:56)
	at javafx.base/com.sun.javafx.event.EventDispatchChainImpl.dispatchEvent(EventDispatchChainImpl.java:114)
	at javafx.base/com.sun.javafx.event.EventUtil.fireEventImpl(EventUtil.java:74)
	at javafx.base/com.sun.javafx.event.EventUtil.fireEvent(EventUtil.java:49)
	at javafx.base/javafx.event.Event.fireEvent(Event.java:198)
	at javafx.graphics/javafx.scene.Node.fireEvent(Node.java:8792)
	at javafx.controls/javafx.scene.control.Button.fire(Button.java:203)
	at javafx.controls/com.sun.javafx.scene.control.behavior.ButtonBehavior.mouseReleased(ButtonBehavior.java:208)
	at javafx.controls/com.sun.javafx.scene.control.inputmap.InputMap.handle(InputMap.java:274)
	at javafx.base/com.sun.javafx.event.CompositeEventHandler$NormalEventHandlerRecord.handleBubblingEvent(CompositeEventHandler.java:247)
	at javafx.base/com.sun.javafx.event.CompositeEventHandler.dispatchBubblingEvent(CompositeEventHandler.java:80)
	at javafx.base/com.sun.javafx.event.EventHandlerManager.dispatchBubblingEvent(EventHandlerManager.java:234)
	at javafx.base/com.sun.javafx.event.EventHandlerManager.dispatchBubblingEvent(EventHandlerManager.java:191)
	at javafx.base/com.sun.javafx.event.CompositeEventDispatcher.dispatchBubblingEvent(CompositeEventDispatcher.java:59)
	at javafx.base/com.sun.javafx.event.BasicEventDispatcher.dispatchEvent(BasicEventDispatcher.java:58)
	at javafx.base/com.sun.javafx.event.EventDispatchChainImpl.dispatchEvent(EventDispatchChainImpl.java:114)
	at javafx.base/com.sun.javafx.event.BasicEventDispatcher.dispatchEvent(BasicEventDispatcher.java:56)
	at javafx.base/com.sun.javafx.event.EventDispatchChainImpl.dispatchEvent(EventDispatchChainImpl.java:114)
	at javafx.base/com.sun.javafx.event.BasicEventDispatcher.dispatchEvent(BasicEventDispatcher.java:56)
	at javafx.base/com.sun.javafx.event.EventDispatchChainImpl.dispatchEvent(EventDispatchChainImpl.java:114)
	at javafx.base/com.sun.javafx.event.EventUtil.fireEventImpl(EventUtil.java:74)
	at javafx.base/com.sun.javafx.event.EventUtil.fireEvent(EventUtil.java:54)
	at javafx.base/javafx.event.Event.fireEvent(Event.java:198)
	at javafx.graphics/javafx.scene.Scene$MouseHandler.process(Scene.java:3897)
	at javafx.graphics/javafx.scene.Scene.processMouseEvent(Scene.java:1878)
	at javafx.graphics/javafx.scene.Scene$ScenePeerListener.mouseEvent(Scene.java:2623)
	at javafx.graphics/com.sun.javafx.tk.quantum.GlassViewEventHandler$MouseEventNotification.run(GlassViewEventHandler.java:411)
	at javafx.graphics/com.sun.javafx.tk.quantum.GlassViewEventHandler$MouseEventNotification.run(GlassViewEventHandler.java:301)
	at java.base/java.security.AccessController.doPrivileged(AccessController.java:399)
	at javafx.graphics/com.sun.javafx.tk.quantum.GlassViewEventHandler.lambda$handleMouseEvent$2(GlassViewEventHandler.java:450)
	at javafx.graphics/com.sun.javafx.tk.quantum.QuantumToolkit.runWithoutRenderLock(QuantumToolkit.java:423)
	at javafx.graphics/com.sun.javafx.tk.quantum.GlassViewEventHandler.handleMouseEvent(GlassViewEventHandler.java:449)
	at javafx.graphics/com.sun.glass.ui.View.handleMouseEvent(View.java:551)
	at javafx.graphics/com.sun.glass.ui.View.notifyMouse(View.java:937)
	at javafx.graphics/com.sun.glass.ui.win.WinApplication._runLoop(Native Method)
	at javafx.graphics/com.sun.glass.ui.win.WinApplication.lambda$runLoop$3(WinApplication.java:184)
	at java.base/java.lang.Thread.run(Thread.java:842)

нов 25, 2024 9:56:31 ПРИЈЕ ПОДНЕ net.etfbl.org.userControllers.UserMainWindowController createOrder
SEVERE: 
java.lang.IllegalStateException: Location is not set.
	at javafx.fxml/javafx.fxml.FXMLLoader.loadImpl(FXMLLoader.java:2548)
	at javafx.fxml/javafx.fxml.FXMLLoader.load(FXMLLoader.java:2523)
	at net.etfbl.org.userControllers.UserMainWindowController.createOrder(UserMainWindowController.java:329)
	at java.base/jdk.internal.reflect.NativeMethodAccessorImpl.invoke0(Native Method)
	at java.base/jdk.internal.reflect.NativeMethodAccessorImpl.invoke(NativeMethodAccessorImpl.java:77)
	at java.base/jdk.internal.reflect.DelegatingMethodAccessorImpl.invoke(DelegatingMethodAccessorImpl.java:43)
	at java.base/java.lang.reflect.Method.invoke(Method.java:568)
	at com.sun.javafx.reflect.Trampoline.invoke(MethodUtil.java:77)
	at jdk.internal.reflect.GeneratedMethodAccessor2.invoke(Unknown Source)
	at java.base/jdk.internal.reflect.DelegatingMethodAccessorImpl.invoke(DelegatingMethodAccessorImpl.java:43)
	at java.base/java.lang.reflect.Method.invoke(Method.java:568)
	at javafx.base/com.sun.javafx.reflect.MethodUtil.invoke(MethodUtil.java:275)
	at javafx.fxml/com.sun.javafx.fxml.MethodHelper.invoke(MethodHelper.java:84)
	at javafx.fxml/javafx.fxml.FXMLLoader$MethodHandler.invoke(FXMLLoader.java:1852)
	at javafx.fxml/javafx.fxml.FXMLLoader$ControllerMethodEventHandler.handle(FXMLLoader.java:1724)
	at javafx.base/com.sun.javafx.event.CompositeEventHandler.dispatchBubblingEvent(CompositeEventHandler.java:86)
	at javafx.base/com.sun.javafx.event.EventHandlerManager.dispatchBubblingEvent(EventHandlerManager.java:234)
	at javafx.base/com.sun.javafx.event.EventHandlerManager.dispatchBubblingEvent(EventHandlerManager.java:191)
	at javafx.base/com.sun.javafx.event.CompositeEventDispatcher.dispatchBubblingEvent(CompositeEventDispatcher.java:59)
	at javafx.base/com.sun.javafx.event.BasicEventDispatcher.dispatchEvent(BasicEventDispatcher.java:58)
	at javafx.base/com.sun.javafx.event.EventDispatchChainImpl.dispatchEvent(EventDispatchChainImpl.java:114)
	at javafx.base/com.sun.javafx.event.BasicEventDispatcher.dispatchEvent(BasicEventDispatcher.java:56)
	at javafx.base/com.sun.javafx.event.EventDispatchChainImpl.dispatchEvent(EventDispatchChainImpl.java:114)
	at javafx.base/com.sun.javafx.event.BasicEventDispatcher.dispatchEvent(BasicEventDispatcher.java:56)
	at javafx.base/com.sun.javafx.event.EventDispatchChainImpl.dispatchEvent(EventDispatchChainImpl.java:114)
	at javafx.base/com.sun.javafx.event.EventUtil.fireEventImpl(EventUtil.java:74)
	at javafx.base/com.sun.javafx.event.EventUtil.fireEvent(EventUtil.java:49)
	at javafx.base/javafx.event.Event.fireEvent(Event.java:198)
	at javafx.graphics/javafx.scene.Node.fireEvent(Node.java:8792)
	at javafx.controls/javafx.scene.control.Button.fire(Button.java:203)
	at javafx.controls/com.sun.javafx.scene.control.behavior.ButtonBehavior.mouseReleased(ButtonBehavior.java:208)
	at javafx.controls/com.sun.javafx.scene.control.inputmap.InputMap.handle(InputMap.java:274)
	at javafx.base/com.sun.javafx.event.CompositeEventHandler$NormalEventHandlerRecord.handleBubblingEvent(CompositeEventHandler.java:247)
	at javafx.base/com.sun.javafx.event.CompositeEventHandler.dispatchBubblingEvent(CompositeEventHandler.java:80)
	at javafx.base/com.sun.javafx.event.EventHandlerManager.dispatchBubblingEvent(EventHandlerManager.java:234)
	at javafx.base/com.sun.javafx.event.EventHandlerManager.dispatchBubblingEvent(EventHandlerManager.java:191)
	at javafx.base/com.sun.javafx.event.CompositeEventDispatcher.dispatchBubblingEvent(CompositeEventDispatcher.java:59)
	at javafx.base/com.sun.javafx.event.BasicEventDispatcher.dispatchEvent(BasicEventDispatcher.java:58)
	at javafx.base/com.sun.javafx.event.EventDispatchChainImpl.dispatchEvent(EventDispatchChainImpl.java:114)
	at javafx.base/com.sun.javafx.event.BasicEventDispatcher.dispatchEvent(BasicEventDispatcher.java:56)
	at javafx.base/com.sun.javafx.event.EventDispatchChainImpl.dispatchEvent(EventDispatchChainImpl.java:114)
	at javafx.base/com.sun.javafx.event.BasicEventDispatcher.dispatchEvent(BasicEventDispatcher.java:56)
	at javafx.base/com.sun.javafx.event.EventDispatchChainImpl.dispatchEvent(EventDispatchChainImpl.java:114)
	at javafx.base/com.sun.javafx.event.EventUtil.fireEventImpl(EventUtil.java:74)
	at javafx.base/com.sun.javafx.event.EventUtil.fireEvent(EventUtil.java:54)
	at javafx.base/javafx.event.Event.fireEvent(Event.java:198)
	at javafx.graphics/javafx.scene.Scene$MouseHandler.process(Scene.java:3897)
	at javafx.graphics/javafx.scene.Scene.processMouseEvent(Scene.java:1878)
	at javafx.graphics/javafx.scene.Scene$ScenePeerListener.mouseEvent(Scene.java:2623)
	at javafx.graphics/com.sun.javafx.tk.quantum.GlassViewEventHandler$MouseEventNotification.run(GlassViewEventHandler.java:411)
	at javafx.graphics/com.sun.javafx.tk.quantum.GlassViewEventHandler$MouseEventNotification.run(GlassViewEventHandler.java:301)
	at java.base/java.security.AccessController.doPrivileged(AccessController.java:399)
	at javafx.graphics/com.sun.javafx.tk.quantum.GlassViewEventHandler.lambda$handleMouseEvent$2(GlassViewEventHandler.java:450)
	at javafx.graphics/com.sun.javafx.tk.quantum.QuantumToolkit.runWithoutRenderLock(QuantumToolkit.java:423)
	at javafx.graphics/com.sun.javafx.tk.quantum.GlassViewEventHandler.handleMouseEvent(GlassViewEventHandler.java:449)
	at javafx.graphics/com.sun.glass.ui.View.handleMouseEvent(View.java:551)
	at javafx.graphics/com.sun.glass.ui.View.notifyMouse(View.java:937)
	at javafx.graphics/com.sun.glass.ui.win.WinApplication._runLoop(Native Method)
	at javafx.graphics/com.sun.glass.ui.win.WinApplication.lambda$runLoop$3(WinApplication.java:184)
	at java.base/java.lang.Thread.run(Thread.java:842)

нов 25, 2024 9:56:31 ПРИЈЕ ПОДНЕ net.etfbl.org.userControllers.UserMainWindowController createOrder
SEVERE: 
java.lang.IllegalStateException: Location is not set.
	at javafx.fxml/javafx.fxml.FXMLLoader.loadImpl(FXMLLoader.java:2548)
	at javafx.fxml/javafx.fxml.FXMLLoader.load(FXMLLoader.java:2523)
	at net.etfbl.org.userControllers.UserMainWindowController.createOrder(UserMainWindowController.java:329)
	at java.base/jdk.internal.reflect.NativeMethodAccessorImpl.invoke0(Native Method)
	at java.base/jdk.internal.reflect.NativeMethodAccessorImpl.invoke(NativeMethodAccessorImpl.java:77)
	at java.base/jdk.internal.reflect.DelegatingMethodAccessorImpl.invoke(DelegatingMethodAccessorImpl.java:43)
	at java.base/java.lang.reflect.Method.invoke(Method.java:568)
	at com.sun.javafx.reflect.Trampoline.invoke(MethodUtil.java:77)
	at jdk.internal.reflect.GeneratedMethodAccessor2.invoke(Unknown Source)
	at java.base/jdk.internal.reflect.DelegatingMethodAccessorImpl.invoke(DelegatingMethodAccessorImpl.java:43)
	at java.base/java.lang.reflect.Method.invoke(Method.java:568)
	at javafx.base/com.sun.javafx.reflect.MethodUtil.invoke(MethodUtil.java:275)
	at javafx.fxml/com.sun.javafx.fxml.MethodHelper.invoke(MethodHelper.java:84)
	at javafx.fxml/javafx.fxml.FXMLLoader$MethodHandler.invoke(FXMLLoader.java:1852)
	at javafx.fxml/javafx.fxml.FXMLLoader$ControllerMethodEventHandler.handle(FXMLLoader.java:1724)
	at javafx.base/com.sun.javafx.event.CompositeEventHandler.dispatchBubblingEvent(CompositeEventHandler.java:86)
	at javafx.base/com.sun.javafx.event.EventHandlerManager.dispatchBubblingEvent(EventHandlerManager.java:234)
	at javafx.base/com.sun.javafx.event.EventHandlerManager.dispatchBubblingEvent(EventHandlerManager.java:191)
	at javafx.base/com.sun.javafx.event.CompositeEventDispatcher.dispatchBubblingEvent(CompositeEventDispatcher.java:59)
	at javafx.base/com.sun.javafx.event.BasicEventDispatcher.dispatchEvent(BasicEventDispatcher.java:58)
	at javafx.base/com.sun.javafx.event.EventDispatchChainImpl.dispatchEvent(EventDispatchChainImpl.java:114)
	at javafx.base/com.sun.javafx.event.BasicEventDispatcher.dispatchEvent(BasicEventDispatcher.java:56)
	at javafx.base/com.sun.javafx.event.EventDispatchChainImpl.dispatchEvent(EventDispatchChainImpl.java:114)
	at javafx.base/com.sun.javafx.event.BasicEventDispatcher.dispatchEvent(BasicEventDispatcher.java:56)
	at javafx.base/com.sun.javafx.event.EventDispatchChainImpl.dispatchEvent(EventDispatchChainImpl.java:114)
	at javafx.base/com.sun.javafx.event.EventUtil.fireEventImpl(EventUtil.java:74)
	at javafx.base/com.sun.javafx.event.EventUtil.fireEvent(EventUtil.java:49)
	at javafx.base/javafx.event.Event.fireEvent(Event.java:198)
	at javafx.graphics/javafx.scene.Node.fireEvent(Node.java:8792)
	at javafx.controls/javafx.scene.control.Button.fire(Button.java:203)
	at javafx.controls/com.sun.javafx.scene.control.behavior.ButtonBehavior.mouseReleased(ButtonBehavior.java:208)
	at javafx.controls/com.sun.javafx.scene.control.inputmap.InputMap.handle(InputMap.java:274)
	at javafx.base/com.sun.javafx.event.CompositeEventHandler$NormalEventHandlerRecord.handleBubblingEvent(CompositeEventHandler.java:247)
	at javafx.base/com.sun.javafx.event.CompositeEventHandler.dispatchBubblingEvent(CompositeEventHandler.java:80)
	at javafx.base/com.sun.javafx.event.EventHandlerManager.dispatchBubblingEvent(EventHandlerManager.java:234)
	at javafx.base/com.sun.javafx.event.EventHandlerManager.dispatchBubblingEvent(EventHandlerManager.java:191)
	at javafx.base/com.sun.javafx.event.CompositeEventDispatcher.dispatchBubblingEvent(CompositeEventDispatcher.java:59)
	at javafx.base/com.sun.javafx.event.BasicEventDispatcher.dispatchEvent(BasicEventDispatcher.java:58)
	at javafx.base/com.sun.javafx.event.EventDispatchChainImpl.dispatchEvent(EventDispatchChainImpl.java:114)
	at javafx.base/com.sun.javafx.event.BasicEventDispatcher.dispatchEvent(BasicEventDispatcher.java:56)
	at javafx.base/com.sun.javafx.event.EventDispatchChainImpl.dispatchEvent(EventDispatchChainImpl.java:114)
	at javafx.base/com.sun.javafx.event.BasicEventDispatcher.dispatchEvent(BasicEventDispatcher.java:56)
	at javafx.base/com.sun.javafx.event.EventDispatchChainImpl.dispatchEvent(EventDispatchChainImpl.java:114)
	at javafx.base/com.sun.javafx.event.EventUtil.fireEventImpl(EventUtil.java:74)
	at javafx.base/com.sun.javafx.event.EventUtil.fireEvent(EventUtil.java:54)
	at javafx.base/javafx.event.Event.fireEvent(Event.java:198)
	at javafx.graphics/javafx.scene.Scene$MouseHandler.process(Scene.java:3897)
	at javafx.graphics/javafx.scene.Scene.processMouseEvent(Scene.java:1878)
	at javafx.graphics/javafx.scene.Scene$ScenePeerListener.mouseEvent(Scene.java:2623)
	at javafx.graphics/com.sun.javafx.tk.quantum.GlassViewEventHandler$MouseEventNotification.run(GlassViewEventHandler.java:411)
	at javafx.graphics/com.sun.javafx.tk.quantum.GlassViewEventHandler$MouseEventNotification.run(GlassViewEventHandler.java:301)
	at java.base/java.security.AccessController.doPrivileged(AccessController.java:399)
	at javafx.graphics/com.sun.javafx.tk.quantum.GlassViewEventHandler.lambda$handleMouseEvent$2(GlassViewEventHandler.java:450)
	at javafx.graphics/com.sun.javafx.tk.quantum.QuantumToolkit.runWithoutRenderLock(QuantumToolkit.java:423)
	at javafx.graphics/com.sun.javafx.tk.quantum.GlassViewEventHandler.handleMouseEvent(GlassViewEventHandler.java:449)
	at javafx.graphics/com.sun.glass.ui.View.handleMouseEvent(View.java:551)
	at javafx.graphics/com.sun.glass.ui.View.notifyMouse(View.java:937)
	at javafx.graphics/com.sun.glass.ui.win.WinApplication._runLoop(Native Method)
	at javafx.graphics/com.sun.glass.ui.win.WinApplication.lambda$runLoop$3(WinApplication.java:184)
	at java.base/java.lang.Thread.run(Thread.java:842)

нов 25, 2024 9:56:32 ПРИЈЕ ПОДНЕ net.etfbl.org.userControllers.UserMainWindowController createOrder
SEVERE: 
java.lang.IllegalStateException: Location is not set.
	at javafx.fxml/javafx.fxml.FXMLLoader.loadImpl(FXMLLoader.java:2548)
	at javafx.fxml/javafx.fxml.FXMLLoader.load(FXMLLoader.java:2523)
	at net.etfbl.org.userControllers.UserMainWindowController.createOrder(UserMainWindowController.java:329)
	at java.base/jdk.internal.reflect.NativeMethodAccessorImpl.invoke0(Native Method)
	at java.base/jdk.internal.reflect.NativeMethodAccessorImpl.invoke(NativeMethodAccessorImpl.java:77)
	at java.base/jdk.internal.reflect.DelegatingMethodAccessorImpl.invoke(DelegatingMethodAccessorImpl.java:43)
	at java.base/java.lang.reflect.Method.invoke(Method.java:568)
	at com.sun.javafx.reflect.Trampoline.invoke(MethodUtil.java:77)
	at jdk.internal.reflect.GeneratedMethodAccessor2.invoke(Unknown Source)
	at java.base/jdk.internal.reflect.DelegatingMethodAccessorImpl.invoke(DelegatingMethodAccessorImpl.java:43)
	at java.base/java.lang.reflect.Method.invoke(Method.java:568)
	at javafx.base/com.sun.javafx.reflect.MethodUtil.invoke(MethodUtil.java:275)
	at javafx.fxml/com.sun.javafx.fxml.MethodHelper.invoke(MethodHelper.java:84)
	at javafx.fxml/javafx.fxml.FXMLLoader$MethodHandler.invoke(FXMLLoader.java:1852)
	at javafx.fxml/javafx.fxml.FXMLLoader$ControllerMethodEventHandler.handle(FXMLLoader.java:1724)
	at javafx.base/com.sun.javafx.event.CompositeEventHandler.dispatchBubblingEvent(CompositeEventHandler.java:86)
	at javafx.base/com.sun.javafx.event.EventHandlerManager.dispatchBubblingEvent(EventHandlerManager.java:234)
	at javafx.base/com.sun.javafx.event.EventHandlerManager.dispatchBubblingEvent(EventHandlerManager.java:191)
	at javafx.base/com.sun.javafx.event.CompositeEventDispatcher.dispatchBubblingEvent(CompositeEventDispatcher.java:59)
	at javafx.base/com.sun.javafx.event.BasicEventDispatcher.dispatchEvent(BasicEventDispatcher.java:58)
	at javafx.base/com.sun.javafx.event.EventDispatchChainImpl.dispatchEvent(EventDispatchChainImpl.java:114)
	at javafx.base/com.sun.javafx.event.BasicEventDispatcher.dispatchEvent(BasicEventDispatcher.java:56)
	at javafx.base/com.sun.javafx.event.EventDispatchChainImpl.dispatchEvent(EventDispatchChainImpl.java:114)
	at javafx.base/com.sun.javafx.event.BasicEventDispatcher.dispatchEvent(BasicEventDispatcher.java:56)
	at javafx.base/com.sun.javafx.event.EventDispatchChainImpl.dispatchEvent(EventDispatchChainImpl.java:114)
	at javafx.base/com.sun.javafx.event.EventUtil.fireEventImpl(EventUtil.java:74)
	at javafx.base/com.sun.javafx.event.EventUtil.fireEvent(EventUtil.java:49)
	at javafx.base/javafx.event.Event.fireEvent(Event.java:198)
	at javafx.graphics/javafx.scene.Node.fireEvent(Node.java:8792)
	at javafx.controls/javafx.scene.control.Button.fire(Button.java:203)
	at javafx.controls/com.sun.javafx.scene.control.behavior.ButtonBehavior.mouseReleased(ButtonBehavior.java:208)
	at javafx.controls/com.sun.javafx.scene.control.inputmap.InputMap.handle(InputMap.java:274)
	at javafx.base/com.sun.javafx.event.CompositeEventHandler$NormalEventHandlerRecord.handleBubblingEvent(CompositeEventHandler.java:247)
	at javafx.base/com.sun.javafx.event.CompositeEventHandler.dispatchBubblingEvent(CompositeEventHandler.java:80)
	at javafx.base/com.sun.javafx.event.EventHandlerManager.dispatchBubblingEvent(EventHandlerManager.java:234)
	at javafx.base/com.sun.javafx.event.EventHandlerManager.dispatchBubblingEvent(EventHandlerManager.java:191)
	at javafx.base/com.sun.javafx.event.CompositeEventDispatcher.dispatchBubblingEvent(CompositeEventDispatcher.java:59)
	at javafx.base/com.sun.javafx.event.BasicEventDispatcher.dispatchEvent(BasicEventDispatcher.java:58)
	at javafx.base/com.sun.javafx.event.EventDispatchChainImpl.dispatchEvent(EventDispatchChainImpl.java:114)
	at javafx.base/com.sun.javafx.event.BasicEventDispatcher.dispatchEvent(BasicEventDispatcher.java:56)
	at javafx.base/com.sun.javafx.event.EventDispatchChainImpl.dispatchEvent(EventDispatchChainImpl.java:114)
	at javafx.base/com.sun.javafx.event.BasicEventDispatcher.dispatchEvent(BasicEventDispatcher.java:56)
	at javafx.base/com.sun.javafx.event.EventDispatchChainImpl.dispatchEvent(EventDispatchChainImpl.java:114)
	at javafx.base/com.sun.javafx.event.EventUtil.fireEventImpl(EventUtil.java:74)
	at javafx.base/com.sun.javafx.event.EventUtil.fireEvent(EventUtil.java:54)
	at javafx.base/javafx.event.Event.fireEvent(Event.java:198)
	at javafx.graphics/javafx.scene.Scene$MouseHandler.process(Scene.java:3897)
	at javafx.graphics/javafx.scene.Scene.processMouseEvent(Scene.java:1878)
	at javafx.graphics/javafx.scene.Scene$ScenePeerListener.mouseEvent(Scene.java:2623)
	at javafx.graphics/com.sun.javafx.tk.quantum.GlassViewEventHandler$MouseEventNotification.run(GlassViewEventHandler.java:411)
	at javafx.graphics/com.sun.javafx.tk.quantum.GlassViewEventHandler$MouseEventNotification.run(GlassViewEventHandler.java:301)
	at java.base/java.security.AccessController.doPrivileged(AccessController.java:399)
	at javafx.graphics/com.sun.javafx.tk.quantum.GlassViewEventHandler.lambda$handleMouseEvent$2(GlassViewEventHandler.java:450)
	at javafx.graphics/com.sun.javafx.tk.quantum.QuantumToolkit.runWithoutRenderLock(QuantumToolkit.java:423)
	at javafx.graphics/com.sun.javafx.tk.quantum.GlassViewEventHandler.handleMouseEvent(GlassViewEventHandler.java:449)
	at javafx.graphics/com.sun.glass.ui.View.handleMouseEvent(View.java:551)
	at javafx.graphics/com.sun.glass.ui.View.notifyMouse(View.java:937)
	at javafx.graphics/com.sun.glass.ui.win.WinApplication._runLoop(Native Method)
	at javafx.graphics/com.sun.glass.ui.win.WinApplication.lambda$runLoop$3(WinApplication.java:184)
	at java.base/java.lang.Thread.run(Thread.java:842)

нов 25, 2024 11:02:28 ПРИЈЕ ПОДНЕ net.etfbl.org.userControllers.LoginController login
SEVERE: An error occurred while establishing the connection.
java.net.ConnectException: Connection refused: connect
	at java.base/sun.nio.ch.Net.connect0(Native Method)
	at java.base/sun.nio.ch.Net.connect(Net.java:579)
	at java.base/sun.nio.ch.Net.connect(Net.java:568)
	at java.base/sun.nio.ch.NioSocketImpl.connect(NioSocketImpl.java:593)
	at java.base/java.net.Socket.connect(Socket.java:633)
	at java.base/java.net.Socket.connect(Socket.java:583)
	at java.base/sun.net.NetworkClient.doConnect(NetworkClient.java:183)
	at java.base/sun.net.www.http.HttpClient.openServer(HttpClient.java:534)
	at java.base/sun.net.www.http.HttpClient.openServer(HttpClient.java:639)
	at java.base/sun.net.www.http.HttpClient.<init>(HttpClient.java:282)
	at java.base/sun.net.www.http.HttpClient.New(HttpClient.java:387)
	at java.base/sun.net.www.http.HttpClient.New(HttpClient.java:409)
	at java.base/sun.net.www.protocol.http.HttpURLConnection.getNewHttpClient(HttpURLConnection.java:1323)
	at java.base/sun.net.www.protocol.http.HttpURLConnection.plainConnect0(HttpURLConnection.java:1256)
	at java.base/sun.net.www.protocol.http.HttpURLConnection.plainConnect(HttpURLConnection.java:1142)
	at java.base/sun.net.www.protocol.http.HttpURLConnection.connect(HttpURLConnection.java:1071)
	at java.base/sun.net.www.protocol.http.HttpURLConnection.getOutputStream0(HttpURLConnection.java:1465)
	at java.base/sun.net.www.protocol.http.HttpURLConnection.getOutputStream(HttpURLConnection.java:1436)
	at net.etfbl.org.userControllers.LoginController.login(LoginController.java:100)
	at java.base/jdk.internal.reflect.NativeMethodAccessorImpl.invoke0(Native Method)
	at java.base/jdk.internal.reflect.NativeMethodAccessorImpl.invoke(NativeMethodAccessorImpl.java:77)
	at java.base/jdk.internal.reflect.DelegatingMethodAccessorImpl.invoke(DelegatingMethodAccessorImpl.java:43)
	at java.base/java.lang.reflect.Method.invoke(Method.java:568)
	at com.sun.javafx.reflect.Trampoline.invoke(MethodUtil.java:77)
	at jdk.internal.reflect.GeneratedMethodAccessor2.invoke(Unknown Source)
	at java.base/jdk.internal.reflect.DelegatingMethodAccessorImpl.invoke(DelegatingMethodAccessorImpl.java:43)
	at java.base/java.lang.reflect.Method.invoke(Method.java:568)
	at javafx.base/com.sun.javafx.reflect.MethodUtil.invoke(MethodUtil.java:275)
	at javafx.fxml/com.sun.javafx.fxml.MethodHelper.invoke(MethodHelper.java:84)
	at javafx.fxml/javafx.fxml.FXMLLoader$MethodHandler.invoke(FXMLLoader.java:1852)
	at javafx.fxml/javafx.fxml.FXMLLoader$ControllerMethodEventHandler.handle(FXMLLoader.java:1724)
	at javafx.base/com.sun.javafx.event.CompositeEventHandler.dispatchBubblingEvent(CompositeEventHandler.java:86)
	at javafx.base/com.sun.javafx.event.EventHandlerManager.dispatchBubblingEvent(EventHandlerManager.java:234)
	at javafx.base/com.sun.javafx.event.EventHandlerManager.dispatchBubblingEvent(EventHandlerManager.java:191)
	at javafx.base/com.sun.javafx.event.CompositeEventDispatcher.dispatchBubblingEvent(CompositeEventDispatcher.java:59)
	at javafx.base/com.sun.javafx.event.BasicEventDispatcher.dispatchEvent(BasicEventDispatcher.java:58)
	at javafx.base/com.sun.javafx.event.EventDispatchChainImpl.dispatchEvent(EventDispatchChainImpl.java:114)
	at javafx.base/com.sun.javafx.event.BasicEventDispatcher.dispatchEvent(BasicEventDispatcher.java:56)
	at javafx.base/com.sun.javafx.event.EventDispatchChainImpl.dispatchEvent(EventDispatchChainImpl.java:114)
	at javafx.base/com.sun.javafx.event.BasicEventDispatcher.dispatchEvent(BasicEventDispatcher.java:56)
	at javafx.base/com.sun.javafx.event.EventDispatchChainImpl.dispatchEvent(EventDispatchChainImpl.java:114)
	at javafx.base/com.sun.javafx.event.EventUtil.fireEventImpl(EventUtil.java:74)
	at javafx.base/com.sun.javafx.event.EventUtil.fireEvent(EventUtil.java:49)
	at javafx.base/javafx.event.Event.fireEvent(Event.java:198)
	at javafx.graphics/javafx.scene.Node.fireEvent(Node.java:8792)
	at javafx.controls/javafx.scene.control.Button.fire(Button.java:203)
	at javafx.controls/com.sun.javafx.scene.control.behavior.ButtonBehavior.keyReleased(ButtonBehavior.java:163)
	at javafx.controls/com.sun.javafx.scene.control.inputmap.InputMap.handle(InputMap.java:274)
	at javafx.base/com.sun.javafx.event.CompositeEventHandler$NormalEventHandlerRecord.handleBubblingEvent(CompositeEventHandler.java:247)
	at javafx.base/com.sun.javafx.event.CompositeEventHandler.dispatchBubblingEvent(CompositeEventHandler.java:80)
	at javafx.base/com.sun.javafx.event.EventHandlerManager.dispatchBubblingEvent(EventHandlerManager.java:234)
	at javafx.base/com.sun.javafx.event.EventHandlerManager.dispatchBubblingEvent(EventHandlerManager.java:191)
	at javafx.base/com.sun.javafx.event.CompositeEventDispatcher.dispatchBubblingEvent(CompositeEventDispatcher.java:59)
	at javafx.base/com.sun.javafx.event.BasicEventDispatcher.dispatchEvent(BasicEventDispatcher.java:58)
	at javafx.base/com.sun.javafx.event.EventDispatchChainImpl.dispatchEvent(EventDispatchChainImpl.java:114)
	at javafx.base/com.sun.javafx.event.BasicEventDispatcher.dispatchEvent(BasicEventDispatcher.java:56)
	at javafx.base/com.sun.javafx.event.EventDispatchChainImpl.dispatchEvent(EventDispatchChainImpl.java:114)
	at javafx.base/com.sun.javafx.event.BasicEventDispatcher.dispatchEvent(BasicEventDispatcher.java:56)
	at javafx.base/com.sun.javafx.event.EventDispatchChainImpl.dispatchEvent(EventDispatchChainImpl.java:114)
	at javafx.base/com.sun.javafx.event.EventUtil.fireEventImpl(EventUtil.java:74)
	at javafx.base/com.sun.javafx.event.EventUtil.fireEvent(EventUtil.java:54)
	at javafx.base/javafx.event.Event.fireEvent(Event.java:198)
	at javafx.graphics/javafx.scene.Scene$KeyHandler.process(Scene.java:4105)
	at javafx.graphics/javafx.scene.Scene.processKeyEvent(Scene.java:2156)
	at javafx.graphics/javafx.scene.Scene$ScenePeerListener.keyEvent(Scene.java:2630)
	at javafx.graphics/com.sun.javafx.tk.quantum.GlassViewEventHandler$KeyEventNotification.run(GlassViewEventHandler.java:218)
	at javafx.graphics/com.sun.javafx.tk.quantum.GlassViewEventHandler$KeyEventNotification.run(GlassViewEventHandler.java:150)
	at java.base/java.security.AccessController.doPrivileged(AccessController.java:399)
	at javafx.graphics/com.sun.javafx.tk.quantum.GlassViewEventHandler.lambda$handleKeyEvent$1(GlassViewEventHandler.java:250)
	at javafx.graphics/com.sun.javafx.tk.quantum.QuantumToolkit.runWithoutRenderLock(QuantumToolkit.java:423)
	at javafx.graphics/com.sun.javafx.tk.quantum.GlassViewEventHandler.handleKeyEvent(GlassViewEventHandler.java:249)
	at javafx.graphics/com.sun.glass.ui.View.handleKeyEvent(View.java:542)
	at javafx.graphics/com.sun.glass.ui.View.notifyKey(View.java:966)
	at javafx.graphics/com.sun.glass.ui.win.WinApplication._runLoop(Native Method)
	at javafx.graphics/com.sun.glass.ui.win.WinApplication.lambda$runLoop$3(WinApplication.java:184)
	at java.base/java.lang.Thread.run(Thread.java:842)

нов 25, 2024 11:02:31 ПРИЈЕ ПОДНЕ net.etfbl.org.userControllers.LoginController login
SEVERE: An error occurred while establishing the connection.
java.net.ConnectException: Connection refused: connect
	at java.base/sun.nio.ch.Net.connect0(Native Method)
	at java.base/sun.nio.ch.Net.connect(Net.java:579)
	at java.base/sun.nio.ch.Net.connect(Net.java:568)
	at java.base/sun.nio.ch.NioSocketImpl.connect(NioSocketImpl.java:593)
	at java.base/java.net.Socket.connect(Socket.java:633)
	at java.base/java.net.Socket.connect(Socket.java:583)
	at java.base/sun.net.NetworkClient.doConnect(NetworkClient.java:183)
	at java.base/sun.net.www.http.HttpClient.openServer(HttpClient.java:534)
	at java.base/sun.net.www.http.HttpClient.openServer(HttpClient.java:639)
	at java.base/sun.net.www.http.HttpClient.<init>(HttpClient.java:282)
	at java.base/sun.net.www.http.HttpClient.New(HttpClient.java:387)
	at java.base/sun.net.www.http.HttpClient.New(HttpClient.java:409)
	at java.base/sun.net.www.protocol.http.HttpURLConnection.getNewHttpClient(HttpURLConnection.java:1323)
	at java.base/sun.net.www.protocol.http.HttpURLConnection.plainConnect0(HttpURLConnection.java:1256)
	at java.base/sun.net.www.protocol.http.HttpURLConnection.plainConnect(HttpURLConnection.java:1142)
	at java.base/sun.net.www.protocol.http.HttpURLConnection.connect(HttpURLConnection.java:1071)
	at java.base/sun.net.www.protocol.http.HttpURLConnection.getOutputStream0(HttpURLConnection.java:1465)
	at java.base/sun.net.www.protocol.http.HttpURLConnection.getOutputStream(HttpURLConnection.java:1436)
	at net.etfbl.org.userControllers.LoginController.login(LoginController.java:100)
	at java.base/jdk.internal.reflect.NativeMethodAccessorImpl.invoke0(Native Method)
	at java.base/jdk.internal.reflect.NativeMethodAccessorImpl.invoke(NativeMethodAccessorImpl.java:77)
	at java.base/jdk.internal.reflect.DelegatingMethodAccessorImpl.invoke(DelegatingMethodAccessorImpl.java:43)
	at java.base/java.lang.reflect.Method.invoke(Method.java:568)
	at com.sun.javafx.reflect.Trampoline.invoke(MethodUtil.java:77)
	at jdk.internal.reflect.GeneratedMethodAccessor2.invoke(Unknown Source)
	at java.base/jdk.internal.reflect.DelegatingMethodAccessorImpl.invoke(DelegatingMethodAccessorImpl.java:43)
	at java.base/java.lang.reflect.Method.invoke(Method.java:568)
	at javafx.base/com.sun.javafx.reflect.MethodUtil.invoke(MethodUtil.java:275)
	at javafx.fxml/com.sun.javafx.fxml.MethodHelper.invoke(MethodHelper.java:84)
	at javafx.fxml/javafx.fxml.FXMLLoader$MethodHandler.invoke(FXMLLoader.java:1852)
	at javafx.fxml/javafx.fxml.FXMLLoader$ControllerMethodEventHandler.handle(FXMLLoader.java:1724)
	at javafx.base/com.sun.javafx.event.CompositeEventHandler.dispatchBubblingEvent(CompositeEventHandler.java:86)
	at javafx.base/com.sun.javafx.event.EventHandlerManager.dispatchBubblingEvent(EventHandlerManager.java:234)
	at javafx.base/com.sun.javafx.event.EventHandlerManager.dispatchBubblingEvent(EventHandlerManager.java:191)
	at javafx.base/com.sun.javafx.event.CompositeEventDispatcher.dispatchBubblingEvent(CompositeEventDispatcher.java:59)
	at javafx.base/com.sun.javafx.event.BasicEventDispatcher.dispatchEvent(BasicEventDispatcher.java:58)
	at javafx.base/com.sun.javafx.event.EventDispatchChainImpl.dispatchEvent(EventDispatchChainImpl.java:114)
	at javafx.base/com.sun.javafx.event.BasicEventDispatcher.dispatchEvent(BasicEventDispatcher.java:56)
	at javafx.base/com.sun.javafx.event.EventDispatchChainImpl.dispatchEvent(EventDispatchChainImpl.java:114)
	at javafx.base/com.sun.javafx.event.BasicEventDispatcher.dispatchEvent(BasicEventDispatcher.java:56)
	at javafx.base/com.sun.javafx.event.EventDispatchChainImpl.dispatchEvent(EventDispatchChainImpl.java:114)
	at javafx.base/com.sun.javafx.event.EventUtil.fireEventImpl(EventUtil.java:74)
	at javafx.base/com.sun.javafx.event.EventUtil.fireEvent(EventUtil.java:49)
	at javafx.base/javafx.event.Event.fireEvent(Event.java:198)
	at javafx.graphics/javafx.scene.Node.fireEvent(Node.java:8792)
	at javafx.controls/javafx.scene.control.Button.fire(Button.java:203)
	at javafx.controls/com.sun.javafx.scene.control.behavior.ButtonBehavior.mouseReleased(ButtonBehavior.java:208)
	at javafx.controls/com.sun.javafx.scene.control.inputmap.InputMap.handle(InputMap.java:274)
	at javafx.base/com.sun.javafx.event.CompositeEventHandler$NormalEventHandlerRecord.handleBubblingEvent(CompositeEventHandler.java:247)
	at javafx.base/com.sun.javafx.event.CompositeEventHandler.dispatchBubblingEvent(CompositeEventHandler.java:80)
	at javafx.base/com.sun.javafx.event.EventHandlerManager.dispatchBubblingEvent(EventHandlerManager.java:234)
	at javafx.base/com.sun.javafx.event.EventHandlerManager.dispatchBubblingEvent(EventHandlerManager.java:191)
	at javafx.base/com.sun.javafx.event.CompositeEventDispatcher.dispatchBubblingEvent(CompositeEventDispatcher.java:59)
	at javafx.base/com.sun.javafx.event.BasicEventDispatcher.dispatchEvent(BasicEventDispatcher.java:58)
	at javafx.base/com.sun.javafx.event.EventDispatchChainImpl.dispatchEvent(EventDispatchChainImpl.java:114)
	at javafx.base/com.sun.javafx.event.BasicEventDispatcher.dispatchEvent(BasicEventDispatcher.java:56)
	at javafx.base/com.sun.javafx.event.EventDispatchChainImpl.dispatchEvent(EventDispatchChainImpl.java:114)
	at javafx.base/com.sun.javafx.event.BasicEventDispatcher.dispatchEvent(BasicEventDispatcher.java:56)
	at javafx.base/com.sun.javafx.event.EventDispatchChainImpl.dispatchEvent(EventDispatchChainImpl.java:114)
	at javafx.base/com.sun.javafx.event.EventUtil.fireEventImpl(EventUtil.java:74)
	at javafx.base/com.sun.javafx.event.EventUtil.fireEvent(EventUtil.java:54)
	at javafx.base/javafx.event.Event.fireEvent(Event.java:198)
	at javafx.graphics/javafx.scene.Scene$MouseHandler.process(Scene.java:3897)
	at javafx.graphics/javafx.scene.Scene.processMouseEvent(Scene.java:1878)
	at javafx.graphics/javafx.scene.Scene$ScenePeerListener.mouseEvent(Scene.java:2623)
	at javafx.graphics/com.sun.javafx.tk.quantum.GlassViewEventHandler$MouseEventNotification.run(GlassViewEventHandler.java:411)
	at javafx.graphics/com.sun.javafx.tk.quantum.GlassViewEventHandler$MouseEventNotification.run(GlassViewEventHandler.java:301)
	at java.base/java.security.AccessController.doPrivileged(AccessController.java:399)
	at javafx.graphics/com.sun.javafx.tk.quantum.GlassViewEventHandler.lambda$handleMouseEvent$2(GlassViewEventHandler.java:450)
	at javafx.graphics/com.sun.javafx.tk.quantum.QuantumToolkit.runWithoutRenderLock(QuantumToolkit.java:423)
	at javafx.graphics/com.sun.javafx.tk.quantum.GlassViewEventHandler.handleMouseEvent(GlassViewEventHandler.java:449)
	at javafx.graphics/com.sun.glass.ui.View.handleMouseEvent(View.java:551)
	at javafx.graphics/com.sun.glass.ui.View.notifyMouse(View.java:937)
	at javafx.graphics/com.sun.glass.ui.win.WinApplication._runLoop(Native Method)
	at javafx.graphics/com.sun.glass.ui.win.WinApplication.lambda$runLoop$3(WinApplication.java:184)
	at java.base/java.lang.Thread.run(Thread.java:842)

нов 25, 2024 5:38:59 ПО ПОДНЕ net.etfbl.org.userControllers.ChatController initialize
SEVERE: 
java.lang.NullPointerException: Cannot invoke "javafx.collections.ObservableList.add(Object)" because "this.obsUsers" is null
	at net.etfbl.org.userControllers.ChatController.initialize(ChatController.java:79)
	at javafx.fxml/javafx.fxml.FXMLLoader.loadImpl(FXMLLoader.java:2662)
	at javafx.fxml/javafx.fxml.FXMLLoader.loadImpl(FXMLLoader.java:2555)
	at javafx.fxml/javafx.fxml.FXMLLoader.load(FXMLLoader.java:2523)
	at net.etfbl.org.userControllers.UserMainWindowController.openChatDIalog(UserMainWindowController.java:365)
	at java.base/jdk.internal.reflect.NativeMethodAccessorImpl.invoke0(Native Method)
	at java.base/jdk.internal.reflect.NativeMethodAccessorImpl.invoke(NativeMethodAccessorImpl.java:77)
	at java.base/jdk.internal.reflect.DelegatingMethodAccessorImpl.invoke(DelegatingMethodAccessorImpl.java:43)
	at java.base/java.lang.reflect.Method.invoke(Method.java:568)
	at com.sun.javafx.reflect.Trampoline.invoke(MethodUtil.java:77)
	at jdk.internal.reflect.GeneratedMethodAccessor2.invoke(Unknown Source)
	at java.base/jdk.internal.reflect.DelegatingMethodAccessorImpl.invoke(DelegatingMethodAccessorImpl.java:43)
	at java.base/java.lang.reflect.Method.invoke(Method.java:568)
	at javafx.base/com.sun.javafx.reflect.MethodUtil.invoke(MethodUtil.java:275)
	at javafx.fxml/com.sun.javafx.fxml.MethodHelper.invoke(MethodHelper.java:84)
	at javafx.fxml/javafx.fxml.FXMLLoader$MethodHandler.invoke(FXMLLoader.java:1852)
	at javafx.fxml/javafx.fxml.FXMLLoader$ControllerMethodEventHandler.handle(FXMLLoader.java:1724)
	at javafx.base/com.sun.javafx.event.CompositeEventHandler.dispatchBubblingEvent(CompositeEventHandler.java:86)
	at javafx.base/com.sun.javafx.event.EventHandlerManager.dispatchBubblingEvent(EventHandlerManager.java:234)
	at javafx.base/com.sun.javafx.event.EventHandlerManager.dispatchBubblingEvent(EventHandlerManager.java:191)
	at javafx.base/com.sun.javafx.event.CompositeEventDispatcher.dispatchBubblingEvent(CompositeEventDispatcher.java:59)
	at javafx.base/com.sun.javafx.event.BasicEventDispatcher.dispatchEvent(BasicEventDispatcher.java:58)
	at javafx.base/com.sun.javafx.event.EventDispatchChainImpl.dispatchEvent(EventDispatchChainImpl.java:114)
	at javafx.base/com.sun.javafx.event.BasicEventDispatcher.dispatchEvent(BasicEventDispatcher.java:56)
	at javafx.base/com.sun.javafx.event.EventDispatchChainImpl.dispatchEvent(EventDispatchChainImpl.java:114)
	at javafx.base/com.sun.javafx.event.BasicEventDispatcher.dispatchEvent(BasicEventDispatcher.java:56)
	at javafx.base/com.sun.javafx.event.EventDispatchChainImpl.dispatchEvent(EventDispatchChainImpl.java:114)
	at javafx.base/com.sun.javafx.event.EventUtil.fireEventImpl(EventUtil.java:74)
	at javafx.base/com.sun.javafx.event.EventUtil.fireEvent(EventUtil.java:49)
	at javafx.base/javafx.event.Event.fireEvent(Event.java:198)
	at javafx.graphics/javafx.scene.Node.fireEvent(Node.java:8792)
	at javafx.controls/javafx.scene.control.Button.fire(Button.java:203)
	at javafx.controls/com.sun.javafx.scene.control.behavior.ButtonBehavior.mouseReleased(ButtonBehavior.java:208)
	at javafx.controls/com.sun.javafx.scene.control.inputmap.InputMap.handle(InputMap.java:274)
	at javafx.base/com.sun.javafx.event.CompositeEventHandler$NormalEventHandlerRecord.handleBubblingEvent(CompositeEventHandler.java:247)
	at javafx.base/com.sun.javafx.event.CompositeEventHandler.dispatchBubblingEvent(CompositeEventHandler.java:80)
	at javafx.base/com.sun.javafx.event.EventHandlerManager.dispatchBubblingEvent(EventHandlerManager.java:234)
	at javafx.base/com.sun.javafx.event.EventHandlerManager.dispatchBubblingEvent(EventHandlerManager.java:191)
	at javafx.base/com.sun.javafx.event.CompositeEventDispatcher.dispatchBubblingEvent(CompositeEventDispatcher.java:59)
	at javafx.base/com.sun.javafx.event.BasicEventDispatcher.dispatchEvent(BasicEventDispatcher.java:58)
	at javafx.base/com.sun.javafx.event.EventDispatchChainImpl.dispatchEvent(EventDispatchChainImpl.java:114)
	at javafx.base/com.sun.javafx.event.BasicEventDispatcher.dispatchEvent(BasicEventDispatcher.java:56)
	at javafx.base/com.sun.javafx.event.EventDispatchChainImpl.dispatchEvent(EventDispatchChainImpl.java:114)
	at javafx.base/com.sun.javafx.event.BasicEventDispatcher.dispatchEvent(BasicEventDispatcher.java:56)
	at javafx.base/com.sun.javafx.event.EventDispatchChainImpl.dispatchEvent(EventDispatchChainImpl.java:114)
	at javafx.base/com.sun.javafx.event.EventUtil.fireEventImpl(EventUtil.java:74)
	at javafx.base/com.sun.javafx.event.EventUtil.fireEvent(EventUtil.java:54)
	at javafx.base/javafx.event.Event.fireEvent(Event.java:198)
	at javafx.graphics/javafx.scene.Scene$MouseHandler.process(Scene.java:3897)
	at javafx.graphics/javafx.scene.Scene.processMouseEvent(Scene.java:1878)
	at javafx.graphics/javafx.scene.Scene$ScenePeerListener.mouseEvent(Scene.java:2623)
	at javafx.graphics/com.sun.javafx.tk.quantum.GlassViewEventHandler$MouseEventNotification.run(GlassViewEventHandler.java:411)
	at javafx.graphics/com.sun.javafx.tk.quantum.GlassViewEventHandler$MouseEventNotification.run(GlassViewEventHandler.java:301)
	at java.base/java.security.AccessController.doPrivileged(AccessController.java:399)
	at javafx.graphics/com.sun.javafx.tk.quantum.GlassViewEventHandler.lambda$handleMouseEvent$2(GlassViewEventHandler.java:450)
	at javafx.graphics/com.sun.javafx.tk.quantum.QuantumToolkit.runWithoutRenderLock(QuantumToolkit.java:423)
	at javafx.graphics/com.sun.javafx.tk.quantum.GlassViewEventHandler.handleMouseEvent(GlassViewEventHandler.java:449)
	at javafx.graphics/com.sun.glass.ui.View.handleMouseEvent(View.java:551)
	at javafx.graphics/com.sun.glass.ui.View.notifyMouse(View.java:937)
	at javafx.graphics/com.sun.glass.ui.win.WinApplication._runLoop(Native Method)
	at javafx.graphics/com.sun.glass.ui.win.WinApplication.lambda$runLoop$3(WinApplication.java:184)
	at java.base/java.lang.Thread.run(Thread.java:842)

нов 25, 2024 5:42:06 ПО ПОДНЕ net.etfbl.org.userControllers.ChatController initialize
SEVERE: 
java.lang.NullPointerException: Cannot invoke "javafx.collections.ObservableList.add(Object)" because "this.obsUsers" is null
	at net.etfbl.org.userControllers.ChatController.initialize(ChatController.java:78)
	at javafx.fxml/javafx.fxml.FXMLLoader.loadImpl(FXMLLoader.java:2662)
	at javafx.fxml/javafx.fxml.FXMLLoader.loadImpl(FXMLLoader.java:2555)
	at javafx.fxml/javafx.fxml.FXMLLoader.load(FXMLLoader.java:2523)
	at net.etfbl.org.userControllers.UserMainWindowController.openChatDIalog(UserMainWindowController.java:365)
	at java.base/jdk.internal.reflect.NativeMethodAccessorImpl.invoke0(Native Method)
	at java.base/jdk.internal.reflect.NativeMethodAccessorImpl.invoke(NativeMethodAccessorImpl.java:77)
	at java.base/jdk.internal.reflect.DelegatingMethodAccessorImpl.invoke(DelegatingMethodAccessorImpl.java:43)
	at java.base/java.lang.reflect.Method.invoke(Method.java:568)
	at com.sun.javafx.reflect.Trampoline.invoke(MethodUtil.java:77)
	at jdk.internal.reflect.GeneratedMethodAccessor2.invoke(Unknown Source)
	at java.base/jdk.internal.reflect.DelegatingMethodAccessorImpl.invoke(DelegatingMethodAccessorImpl.java:43)
	at java.base/java.lang.reflect.Method.invoke(Method.java:568)
	at javafx.base/com.sun.javafx.reflect.MethodUtil.invoke(MethodUtil.java:275)
	at javafx.fxml/com.sun.javafx.fxml.MethodHelper.invoke(MethodHelper.java:84)
	at javafx.fxml/javafx.fxml.FXMLLoader$MethodHandler.invoke(FXMLLoader.java:1852)
	at javafx.fxml/javafx.fxml.FXMLLoader$ControllerMethodEventHandler.handle(FXMLLoader.java:1724)
	at javafx.base/com.sun.javafx.event.CompositeEventHandler.dispatchBubblingEvent(CompositeEventHandler.java:86)
	at javafx.base/com.sun.javafx.event.EventHandlerManager.dispatchBubblingEvent(EventHandlerManager.java:234)
	at javafx.base/com.sun.javafx.event.EventHandlerManager.dispatchBubblingEvent(EventHandlerManager.java:191)
	at javafx.base/com.sun.javafx.event.CompositeEventDispatcher.dispatchBubblingEvent(CompositeEventDispatcher.java:59)
	at javafx.base/com.sun.javafx.event.BasicEventDispatcher.dispatchEvent(BasicEventDispatcher.java:58)
	at javafx.base/com.sun.javafx.event.EventDispatchChainImpl.dispatchEvent(EventDispatchChainImpl.java:114)
	at javafx.base/com.sun.javafx.event.BasicEventDispatcher.dispatchEvent(BasicEventDispatcher.java:56)
	at javafx.base/com.sun.javafx.event.EventDispatchChainImpl.dispatchEvent(EventDispatchChainImpl.java:114)
	at javafx.base/com.sun.javafx.event.BasicEventDispatcher.dispatchEvent(BasicEventDispatcher.java:56)
	at javafx.base/com.sun.javafx.event.EventDispatchChainImpl.dispatchEvent(EventDispatchChainImpl.java:114)
	at javafx.base/com.sun.javafx.event.EventUtil.fireEventImpl(EventUtil.java:74)
	at javafx.base/com.sun.javafx.event.EventUtil.fireEvent(EventUtil.java:49)
	at javafx.base/javafx.event.Event.fireEvent(Event.java:198)
	at javafx.graphics/javafx.scene.Node.fireEvent(Node.java:8792)
	at javafx.controls/javafx.scene.control.Button.fire(Button.java:203)
	at javafx.controls/com.sun.javafx.scene.control.behavior.ButtonBehavior.mouseReleased(ButtonBehavior.java:208)
	at javafx.controls/com.sun.javafx.scene.control.inputmap.InputMap.handle(InputMap.java:274)
	at javafx.base/com.sun.javafx.event.CompositeEventHandler$NormalEventHandlerRecord.handleBubblingEvent(CompositeEventHandler.java:247)
	at javafx.base/com.sun.javafx.event.CompositeEventHandler.dispatchBubblingEvent(CompositeEventHandler.java:80)
	at javafx.base/com.sun.javafx.event.EventHandlerManager.dispatchBubblingEvent(EventHandlerManager.java:234)
	at javafx.base/com.sun.javafx.event.EventHandlerManager.dispatchBubblingEvent(EventHandlerManager.java:191)
	at javafx.base/com.sun.javafx.event.CompositeEventDispatcher.dispatchBubblingEvent(CompositeEventDispatcher.java:59)
	at javafx.base/com.sun.javafx.event.BasicEventDispatcher.dispatchEvent(BasicEventDispatcher.java:58)
	at javafx.base/com.sun.javafx.event.EventDispatchChainImpl.dispatchEvent(EventDispatchChainImpl.java:114)
	at javafx.base/com.sun.javafx.event.BasicEventDispatcher.dispatchEvent(BasicEventDispatcher.java:56)
	at javafx.base/com.sun.javafx.event.EventDispatchChainImpl.dispatchEvent(EventDispatchChainImpl.java:114)
	at javafx.base/com.sun.javafx.event.BasicEventDispatcher.dispatchEvent(BasicEventDispatcher.java:56)
	at javafx.base/com.sun.javafx.event.EventDispatchChainImpl.dispatchEvent(EventDispatchChainImpl.java:114)
	at javafx.base/com.sun.javafx.event.EventUtil.fireEventImpl(EventUtil.java:74)
	at javafx.base/com.sun.javafx.event.EventUtil.fireEvent(EventUtil.java:54)
	at javafx.base/javafx.event.Event.fireEvent(Event.java:198)
	at javafx.graphics/javafx.scene.Scene$MouseHandler.process(Scene.java:3897)
	at javafx.graphics/javafx.scene.Scene.processMouseEvent(Scene.java:1878)
	at javafx.graphics/javafx.scene.Scene$ScenePeerListener.mouseEvent(Scene.java:2623)
	at javafx.graphics/com.sun.javafx.tk.quantum.GlassViewEventHandler$MouseEventNotification.run(GlassViewEventHandler.java:411)
	at javafx.graphics/com.sun.javafx.tk.quantum.GlassViewEventHandler$MouseEventNotification.run(GlassViewEventHandler.java:301)
	at java.base/java.security.AccessController.doPrivileged(AccessController.java:399)
	at javafx.graphics/com.sun.javafx.tk.quantum.GlassViewEventHandler.lambda$handleMouseEvent$2(GlassViewEventHandler.java:450)
	at javafx.graphics/com.sun.javafx.tk.quantum.QuantumToolkit.runWithoutRenderLock(QuantumToolkit.java:423)
	at javafx.graphics/com.sun.javafx.tk.quantum.GlassViewEventHandler.handleMouseEvent(GlassViewEventHandler.java:449)
	at javafx.graphics/com.sun.glass.ui.View.handleMouseEvent(View.java:551)
	at javafx.graphics/com.sun.glass.ui.View.notifyMouse(View.java:937)
	at javafx.graphics/com.sun.glass.ui.win.WinApplication._runLoop(Native Method)
	at javafx.graphics/com.sun.glass.ui.win.WinApplication.lambda$runLoop$3(WinApplication.java:184)
	at java.base/java.lang.Thread.run(Thread.java:842)

нов 25, 2024 6:43:31 ПО ПОДНЕ net.etfbl.org.userControllers.UserMainWindowController openChatDIalog
SEVERE: 
javafx.fxml.LoadException: Root value already specified.
/C:/Users/Bojan/MDP_Projekat_2024/UserApp/target/classes/fxmlPages/ChatPage.fxml
/C:/Users/Bojan/MDP_Projekat_2024/UserApp/target/classes/fxmlPages/ChatPage.fxml

	at javafx.fxml/javafx.fxml.FXMLLoader.constructLoadException(FXMLLoader.java:2710)
	at javafx.fxml/javafx.fxml.FXMLLoader.createElement(FXMLLoader.java:2893)
	at javafx.fxml/javafx.fxml.FXMLLoader.processStartElement(FXMLLoader.java:2842)
	at javafx.fxml/javafx.fxml.FXMLLoader.loadImpl(FXMLLoader.java:2641)
	at javafx.fxml/javafx.fxml.FXMLLoader.loadImpl(FXMLLoader.java:2555)
	at javafx.fxml/javafx.fxml.FXMLLoader.load(FXMLLoader.java:2523)
	at net.etfbl.org.userControllers.UserMainWindowController.openChatDIalog(UserMainWindowController.java:367)
	at java.base/jdk.internal.reflect.NativeMethodAccessorImpl.invoke0(Native Method)
	at java.base/jdk.internal.reflect.NativeMethodAccessorImpl.invoke(NativeMethodAccessorImpl.java:77)
	at java.base/jdk.internal.reflect.DelegatingMethodAccessorImpl.invoke(DelegatingMethodAccessorImpl.java:43)
	at java.base/java.lang.reflect.Method.invoke(Method.java:568)
	at com.sun.javafx.reflect.Trampoline.invoke(MethodUtil.java:77)
	at jdk.internal.reflect.GeneratedMethodAccessor2.invoke(Unknown Source)
	at java.base/jdk.internal.reflect.DelegatingMethodAccessorImpl.invoke(DelegatingMethodAccessorImpl.java:43)
	at java.base/java.lang.reflect.Method.invoke(Method.java:568)
	at javafx.base/com.sun.javafx.reflect.MethodUtil.invoke(MethodUtil.java:275)
	at javafx.fxml/com.sun.javafx.fxml.MethodHelper.invoke(MethodHelper.java:84)
	at javafx.fxml/javafx.fxml.FXMLLoader$MethodHandler.invoke(FXMLLoader.java:1852)
	at javafx.fxml/javafx.fxml.FXMLLoader$ControllerMethodEventHandler.handle(FXMLLoader.java:1724)
	at javafx.base/com.sun.javafx.event.CompositeEventHandler.dispatchBubblingEvent(CompositeEventHandler.java:86)
	at javafx.base/com.sun.javafx.event.EventHandlerManager.dispatchBubblingEvent(EventHandlerManager.java:234)
	at javafx.base/com.sun.javafx.event.EventHandlerManager.dispatchBubblingEvent(EventHandlerManager.java:191)
	at javafx.base/com.sun.javafx.event.CompositeEventDispatcher.dispatchBubblingEvent(CompositeEventDispatcher.java:59)
	at javafx.base/com.sun.javafx.event.BasicEventDispatcher.dispatchEvent(BasicEventDispatcher.java:58)
	at javafx.base/com.sun.javafx.event.EventDispatchChainImpl.dispatchEvent(EventDispatchChainImpl.java:114)
	at javafx.base/com.sun.javafx.event.BasicEventDispatcher.dispatchEvent(BasicEventDispatcher.java:56)
	at javafx.base/com.sun.javafx.event.EventDispatchChainImpl.dispatchEvent(EventDispatchChainImpl.java:114)
	at javafx.base/com.sun.javafx.event.BasicEventDispatcher.dispatchEvent(BasicEventDispatcher.java:56)
	at javafx.base/com.sun.javafx.event.EventDispatchChainImpl.dispatchEvent(EventDispatchChainImpl.java:114)
	at javafx.base/com.sun.javafx.event.EventUtil.fireEventImpl(EventUtil.java:74)
	at javafx.base/com.sun.javafx.event.EventUtil.fireEvent(EventUtil.java:49)
	at javafx.base/javafx.event.Event.fireEvent(Event.java:198)
	at javafx.graphics/javafx.scene.Node.fireEvent(Node.java:8792)
	at javafx.controls/javafx.scene.control.Button.fire(Button.java:203)
	at javafx.controls/com.sun.javafx.scene.control.behavior.ButtonBehavior.mouseReleased(ButtonBehavior.java:208)
	at javafx.controls/com.sun.javafx.scene.control.inputmap.InputMap.handle(InputMap.java:274)
	at javafx.base/com.sun.javafx.event.CompositeEventHandler$NormalEventHandlerRecord.handleBubblingEvent(CompositeEventHandler.java:247)
	at javafx.base/com.sun.javafx.event.CompositeEventHandler.dispatchBubblingEvent(CompositeEventHandler.java:80)
	at javafx.base/com.sun.javafx.event.EventHandlerManager.dispatchBubblingEvent(EventHandlerManager.java:234)
	at javafx.base/com.sun.javafx.event.EventHandlerManager.dispatchBubblingEvent(EventHandlerManager.java:191)
	at javafx.base/com.sun.javafx.event.CompositeEventDispatcher.dispatchBubblingEvent(CompositeEventDispatcher.java:59)
	at javafx.base/com.sun.javafx.event.BasicEventDispatcher.dispatchEvent(BasicEventDispatcher.java:58)
	at javafx.base/com.sun.javafx.event.EventDispatchChainImpl.dispatchEvent(EventDispatchChainImpl.java:114)
	at javafx.base/com.sun.javafx.event.BasicEventDispatcher.dispatchEvent(BasicEventDispatcher.java:56)
	at javafx.base/com.sun.javafx.event.EventDispatchChainImpl.dispatchEvent(EventDispatchChainImpl.java:114)
	at javafx.base/com.sun.javafx.event.BasicEventDispatcher.dispatchEvent(BasicEventDispatcher.java:56)
	at javafx.base/com.sun.javafx.event.EventDispatchChainImpl.dispatchEvent(EventDispatchChainImpl.java:114)
	at javafx.base/com.sun.javafx.event.EventUtil.fireEventImpl(EventUtil.java:74)
	at javafx.base/com.sun.javafx.event.EventUtil.fireEvent(EventUtil.java:54)
	at javafx.base/javafx.event.Event.fireEvent(Event.java:198)
	at javafx.graphics/javafx.scene.Scene$MouseHandler.process(Scene.java:3897)
	at javafx.graphics/javafx.scene.Scene.processMouseEvent(Scene.java:1878)
	at javafx.graphics/javafx.scene.Scene$ScenePeerListener.mouseEvent(Scene.java:2623)
	at javafx.graphics/com.sun.javafx.tk.quantum.GlassViewEventHandler$MouseEventNotification.run(GlassViewEventHandler.java:411)
	at javafx.graphics/com.sun.javafx.tk.quantum.GlassViewEventHandler$MouseEventNotification.run(GlassViewEventHandler.java:301)
	at java.base/java.security.AccessController.doPrivileged(AccessController.java:399)
	at javafx.graphics/com.sun.javafx.tk.quantum.GlassViewEventHandler.lambda$handleMouseEvent$2(GlassViewEventHandler.java:450)
	at javafx.graphics/com.sun.javafx.tk.quantum.QuantumToolkit.runWithoutRenderLock(QuantumToolkit.java:423)
	at javafx.graphics/com.sun.javafx.tk.quantum.GlassViewEventHandler.handleMouseEvent(GlassViewEventHandler.java:449)
	at javafx.graphics/com.sun.glass.ui.View.handleMouseEvent(View.java:551)
	at javafx.graphics/com.sun.glass.ui.View.notifyMouse(View.java:937)
	at javafx.graphics/com.sun.glass.ui.win.WinApplication._runLoop(Native Method)
	at javafx.graphics/com.sun.glass.ui.win.WinApplication.lambda$runLoop$3(WinApplication.java:184)
	at java.base/java.lang.Thread.run(Thread.java:842)

нов 25, 2024 6:43:33 ПО ПОДНЕ net.etfbl.org.userControllers.UserMainWindowController openChatDIalog
SEVERE: 
javafx.fxml.LoadException: Root value already specified.
/C:/Users/Bojan/MDP_Projekat_2024/UserApp/target/classes/fxmlPages/ChatPage.fxml
/C:/Users/Bojan/MDP_Projekat_2024/UserApp/target/classes/fxmlPages/ChatPage.fxml

	at javafx.fxml/javafx.fxml.FXMLLoader.constructLoadException(FXMLLoader.java:2710)
	at javafx.fxml/javafx.fxml.FXMLLoader.createElement(FXMLLoader.java:2893)
	at javafx.fxml/javafx.fxml.FXMLLoader.processStartElement(FXMLLoader.java:2842)
	at javafx.fxml/javafx.fxml.FXMLLoader.loadImpl(FXMLLoader.java:2641)
	at javafx.fxml/javafx.fxml.FXMLLoader.loadImpl(FXMLLoader.java:2555)
	at javafx.fxml/javafx.fxml.FXMLLoader.load(FXMLLoader.java:2523)
	at net.etfbl.org.userControllers.UserMainWindowController.openChatDIalog(UserMainWindowController.java:367)
	at java.base/jdk.internal.reflect.NativeMethodAccessorImpl.invoke0(Native Method)
	at java.base/jdk.internal.reflect.NativeMethodAccessorImpl.invoke(NativeMethodAccessorImpl.java:77)
	at java.base/jdk.internal.reflect.DelegatingMethodAccessorImpl.invoke(DelegatingMethodAccessorImpl.java:43)
	at java.base/java.lang.reflect.Method.invoke(Method.java:568)
	at com.sun.javafx.reflect.Trampoline.invoke(MethodUtil.java:77)
	at jdk.internal.reflect.GeneratedMethodAccessor2.invoke(Unknown Source)
	at java.base/jdk.internal.reflect.DelegatingMethodAccessorImpl.invoke(DelegatingMethodAccessorImpl.java:43)
	at java.base/java.lang.reflect.Method.invoke(Method.java:568)
	at javafx.base/com.sun.javafx.reflect.MethodUtil.invoke(MethodUtil.java:275)
	at javafx.fxml/com.sun.javafx.fxml.MethodHelper.invoke(MethodHelper.java:84)
	at javafx.fxml/javafx.fxml.FXMLLoader$MethodHandler.invoke(FXMLLoader.java:1852)
	at javafx.fxml/javafx.fxml.FXMLLoader$ControllerMethodEventHandler.handle(FXMLLoader.java:1724)
	at javafx.base/com.sun.javafx.event.CompositeEventHandler.dispatchBubblingEvent(CompositeEventHandler.java:86)
	at javafx.base/com.sun.javafx.event.EventHandlerManager.dispatchBubblingEvent(EventHandlerManager.java:234)
	at javafx.base/com.sun.javafx.event.EventHandlerManager.dispatchBubblingEvent(EventHandlerManager.java:191)
	at javafx.base/com.sun.javafx.event.CompositeEventDispatcher.dispatchBubblingEvent(CompositeEventDispatcher.java:59)
	at javafx.base/com.sun.javafx.event.BasicEventDispatcher.dispatchEvent(BasicEventDispatcher.java:58)
	at javafx.base/com.sun.javafx.event.EventDispatchChainImpl.dispatchEvent(EventDispatchChainImpl.java:114)
	at javafx.base/com.sun.javafx.event.BasicEventDispatcher.dispatchEvent(BasicEventDispatcher.java:56)
	at javafx.base/com.sun.javafx.event.EventDispatchChainImpl.dispatchEvent(EventDispatchChainImpl.java:114)
	at javafx.base/com.sun.javafx.event.BasicEventDispatcher.dispatchEvent(BasicEventDispatcher.java:56)
	at javafx.base/com.sun.javafx.event.EventDispatchChainImpl.dispatchEvent(EventDispatchChainImpl.java:114)
	at javafx.base/com.sun.javafx.event.EventUtil.fireEventImpl(EventUtil.java:74)
	at javafx.base/com.sun.javafx.event.EventUtil.fireEvent(EventUtil.java:49)
	at javafx.base/javafx.event.Event.fireEvent(Event.java:198)
	at javafx.graphics/javafx.scene.Node.fireEvent(Node.java:8792)
	at javafx.controls/javafx.scene.control.Button.fire(Button.java:203)
	at javafx.controls/com.sun.javafx.scene.control.behavior.ButtonBehavior.mouseReleased(ButtonBehavior.java:208)
	at javafx.controls/com.sun.javafx.scene.control.inputmap.InputMap.handle(InputMap.java:274)
	at javafx.base/com.sun.javafx.event.CompositeEventHandler$NormalEventHandlerRecord.handleBubblingEvent(CompositeEventHandler.java:247)
	at javafx.base/com.sun.javafx.event.CompositeEventHandler.dispatchBubblingEvent(CompositeEventHandler.java:80)
	at javafx.base/com.sun.javafx.event.EventHandlerManager.dispatchBubblingEvent(EventHandlerManager.java:234)
	at javafx.base/com.sun.javafx.event.EventHandlerManager.dispatchBubblingEvent(EventHandlerManager.java:191)
	at javafx.base/com.sun.javafx.event.CompositeEventDispatcher.dispatchBubblingEvent(CompositeEventDispatcher.java:59)
	at javafx.base/com.sun.javafx.event.BasicEventDispatcher.dispatchEvent(BasicEventDispatcher.java:58)
	at javafx.base/com.sun.javafx.event.EventDispatchChainImpl.dispatchEvent(EventDispatchChainImpl.java:114)
	at javafx.base/com.sun.javafx.event.BasicEventDispatcher.dispatchEvent(BasicEventDispatcher.java:56)
	at javafx.base/com.sun.javafx.event.EventDispatchChainImpl.dispatchEvent(EventDispatchChainImpl.java:114)
	at javafx.base/com.sun.javafx.event.BasicEventDispatcher.dispatchEvent(BasicEventDispatcher.java:56)
	at javafx.base/com.sun.javafx.event.EventDispatchChainImpl.dispatchEvent(EventDispatchChainImpl.java:114)
	at javafx.base/com.sun.javafx.event.EventUtil.fireEventImpl(EventUtil.java:74)
	at javafx.base/com.sun.javafx.event.EventUtil.fireEvent(EventUtil.java:54)
	at javafx.base/javafx.event.Event.fireEvent(Event.java:198)
	at javafx.graphics/javafx.scene.Scene$MouseHandler.process(Scene.java:3897)
	at javafx.graphics/javafx.scene.Scene.processMouseEvent(Scene.java:1878)
	at javafx.graphics/javafx.scene.Scene$ScenePeerListener.mouseEvent(Scene.java:2623)
	at javafx.graphics/com.sun.javafx.tk.quantum.GlassViewEventHandler$MouseEventNotification.run(GlassViewEventHandler.java:411)
	at javafx.graphics/com.sun.javafx.tk.quantum.GlassViewEventHandler$MouseEventNotification.run(GlassViewEventHandler.java:301)
	at java.base/java.security.AccessController.doPrivileged(AccessController.java:399)
	at javafx.graphics/com.sun.javafx.tk.quantum.GlassViewEventHandler.lambda$handleMouseEvent$2(GlassViewEventHandler.java:450)
	at javafx.graphics/com.sun.javafx.tk.quantum.QuantumToolkit.runWithoutRenderLock(QuantumToolkit.java:423)
	at javafx.graphics/com.sun.javafx.tk.quantum.GlassViewEventHandler.handleMouseEvent(GlassViewEventHandler.java:449)
	at javafx.graphics/com.sun.glass.ui.View.handleMouseEvent(View.java:551)
	at javafx.graphics/com.sun.glass.ui.View.notifyMouse(View.java:937)
	at javafx.graphics/com.sun.glass.ui.win.WinApplication._runLoop(Native Method)
	at javafx.graphics/com.sun.glass.ui.win.WinApplication.lambda$runLoop$3(WinApplication.java:184)
	at java.base/java.lang.Thread.run(Thread.java:842)

нов 25, 2024 6:43:35 ПО ПОДНЕ net.etfbl.org.userControllers.UserMainWindowController openChatDIalog
SEVERE: 
javafx.fxml.LoadException: Root value already specified.
/C:/Users/Bojan/MDP_Projekat_2024/UserApp/target/classes/fxmlPages/ChatPage.fxml
/C:/Users/Bojan/MDP_Projekat_2024/UserApp/target/classes/fxmlPages/ChatPage.fxml

	at javafx.fxml/javafx.fxml.FXMLLoader.constructLoadException(FXMLLoader.java:2710)
	at javafx.fxml/javafx.fxml.FXMLLoader.createElement(FXMLLoader.java:2893)
	at javafx.fxml/javafx.fxml.FXMLLoader.processStartElement(FXMLLoader.java:2842)
	at javafx.fxml/javafx.fxml.FXMLLoader.loadImpl(FXMLLoader.java:2641)
	at javafx.fxml/javafx.fxml.FXMLLoader.loadImpl(FXMLLoader.java:2555)
	at javafx.fxml/javafx.fxml.FXMLLoader.load(FXMLLoader.java:2523)
	at net.etfbl.org.userControllers.UserMainWindowController.openChatDIalog(UserMainWindowController.java:367)
	at java.base/jdk.internal.reflect.NativeMethodAccessorImpl.invoke0(Native Method)
	at java.base/jdk.internal.reflect.NativeMethodAccessorImpl.invoke(NativeMethodAccessorImpl.java:77)
	at java.base/jdk.internal.reflect.DelegatingMethodAccessorImpl.invoke(DelegatingMethodAccessorImpl.java:43)
	at java.base/java.lang.reflect.Method.invoke(Method.java:568)
	at com.sun.javafx.reflect.Trampoline.invoke(MethodUtil.java:77)
	at jdk.internal.reflect.GeneratedMethodAccessor2.invoke(Unknown Source)
	at java.base/jdk.internal.reflect.DelegatingMethodAccessorImpl.invoke(DelegatingMethodAccessorImpl.java:43)
	at java.base/java.lang.reflect.Method.invoke(Method.java:568)
	at javafx.base/com.sun.javafx.reflect.MethodUtil.invoke(MethodUtil.java:275)
	at javafx.fxml/com.sun.javafx.fxml.MethodHelper.invoke(MethodHelper.java:84)
	at javafx.fxml/javafx.fxml.FXMLLoader$MethodHandler.invoke(FXMLLoader.java:1852)
	at javafx.fxml/javafx.fxml.FXMLLoader$ControllerMethodEventHandler.handle(FXMLLoader.java:1724)
	at javafx.base/com.sun.javafx.event.CompositeEventHandler.dispatchBubblingEvent(CompositeEventHandler.java:86)
	at javafx.base/com.sun.javafx.event.EventHandlerManager.dispatchBubblingEvent(EventHandlerManager.java:234)
	at javafx.base/com.sun.javafx.event.EventHandlerManager.dispatchBubblingEvent(EventHandlerManager.java:191)
	at javafx.base/com.sun.javafx.event.CompositeEventDispatcher.dispatchBubblingEvent(CompositeEventDispatcher.java:59)
	at javafx.base/com.sun.javafx.event.BasicEventDispatcher.dispatchEvent(BasicEventDispatcher.java:58)
	at javafx.base/com.sun.javafx.event.EventDispatchChainImpl.dispatchEvent(EventDispatchChainImpl.java:114)
	at javafx.base/com.sun.javafx.event.BasicEventDispatcher.dispatchEvent(BasicEventDispatcher.java:56)
	at javafx.base/com.sun.javafx.event.EventDispatchChainImpl.dispatchEvent(EventDispatchChainImpl.java:114)
	at javafx.base/com.sun.javafx.event.BasicEventDispatcher.dispatchEvent(BasicEventDispatcher.java:56)
	at javafx.base/com.sun.javafx.event.EventDispatchChainImpl.dispatchEvent(EventDispatchChainImpl.java:114)
	at javafx.base/com.sun.javafx.event.EventUtil.fireEventImpl(EventUtil.java:74)
	at javafx.base/com.sun.javafx.event.EventUtil.fireEvent(EventUtil.java:49)
	at javafx.base/javafx.event.Event.fireEvent(Event.java:198)
	at javafx.graphics/javafx.scene.Node.fireEvent(Node.java:8792)
	at javafx.controls/javafx.scene.control.Button.fire(Button.java:203)
	at javafx.controls/com.sun.javafx.scene.control.behavior.ButtonBehavior.mouseReleased(ButtonBehavior.java:208)
	at javafx.controls/com.sun.javafx.scene.control.inputmap.InputMap.handle(InputMap.java:274)
	at javafx.base/com.sun.javafx.event.CompositeEventHandler$NormalEventHandlerRecord.handleBubblingEvent(CompositeEventHandler.java:247)
	at javafx.base/com.sun.javafx.event.CompositeEventHandler.dispatchBubblingEvent(CompositeEventHandler.java:80)
	at javafx.base/com.sun.javafx.event.EventHandlerManager.dispatchBubblingEvent(EventHandlerManager.java:234)
	at javafx.base/com.sun.javafx.event.EventHandlerManager.dispatchBubblingEvent(EventHandlerManager.java:191)
	at javafx.base/com.sun.javafx.event.CompositeEventDispatcher.dispatchBubblingEvent(CompositeEventDispatcher.java:59)
	at javafx.base/com.sun.javafx.event.BasicEventDispatcher.dispatchEvent(BasicEventDispatcher.java:58)
	at javafx.base/com.sun.javafx.event.EventDispatchChainImpl.dispatchEvent(EventDispatchChainImpl.java:114)
	at javafx.base/com.sun.javafx.event.BasicEventDispatcher.dispatchEvent(BasicEventDispatcher.java:56)
	at javafx.base/com.sun.javafx.event.EventDispatchChainImpl.dispatchEvent(EventDispatchChainImpl.java:114)
	at javafx.base/com.sun.javafx.event.BasicEventDispatcher.dispatchEvent(BasicEventDispatcher.java:56)
	at javafx.base/com.sun.javafx.event.EventDispatchChainImpl.dispatchEvent(EventDispatchChainImpl.java:114)
	at javafx.base/com.sun.javafx.event.EventUtil.fireEventImpl(EventUtil.java:74)
	at javafx.base/com.sun.javafx.event.EventUtil.fireEvent(EventUtil.java:54)
	at javafx.base/javafx.event.Event.fireEvent(Event.java:198)
	at javafx.graphics/javafx.scene.Scene$MouseHandler.process(Scene.java:3897)
	at javafx.graphics/javafx.scene.Scene.processMouseEvent(Scene.java:1878)
	at javafx.graphics/javafx.scene.Scene$ScenePeerListener.mouseEvent(Scene.java:2623)
	at javafx.graphics/com.sun.javafx.tk.quantum.GlassViewEventHandler$MouseEventNotification.run(GlassViewEventHandler.java:411)
	at javafx.graphics/com.sun.javafx.tk.quantum.GlassViewEventHandler$MouseEventNotification.run(GlassViewEventHandler.java:301)
	at java.base/java.security.AccessController.doPrivileged(AccessController.java:399)
	at javafx.graphics/com.sun.javafx.tk.quantum.GlassViewEventHandler.lambda$handleMouseEvent$2(GlassViewEventHandler.java:450)
	at javafx.graphics/com.sun.javafx.tk.quantum.QuantumToolkit.runWithoutRenderLock(QuantumToolkit.java:423)
	at javafx.graphics/com.sun.javafx.tk.quantum.GlassViewEventHandler.handleMouseEvent(GlassViewEventHandler.java:449)
	at javafx.graphics/com.sun.glass.ui.View.handleMouseEvent(View.java:551)
	at javafx.graphics/com.sun.glass.ui.View.notifyMouse(View.java:937)
	at javafx.graphics/com.sun.glass.ui.win.WinApplication._runLoop(Native Method)
	at javafx.graphics/com.sun.glass.ui.win.WinApplication.lambda$runLoop$3(WinApplication.java:184)
	at java.base/java.lang.Thread.run(Thread.java:842)

нов 25, 2024 6:45:31 ПО ПОДНЕ net.etfbl.org.userControllers.UserMainWindowController openChatDIalog
SEVERE: 
javafx.fxml.LoadException: Root value already specified.
/C:/Users/Bojan/MDP_Projekat_2024/UserApp/target/classes/fxmlPages/ChatPage.fxml
/C:/Users/Bojan/MDP_Projekat_2024/UserApp/target/classes/fxmlPages/ChatPage.fxml

	at javafx.fxml/javafx.fxml.FXMLLoader.constructLoadException(FXMLLoader.java:2710)
	at javafx.fxml/javafx.fxml.FXMLLoader.createElement(FXMLLoader.java:2893)
	at javafx.fxml/javafx.fxml.FXMLLoader.processStartElement(FXMLLoader.java:2842)
	at javafx.fxml/javafx.fxml.FXMLLoader.loadImpl(FXMLLoader.java:2641)
	at javafx.fxml/javafx.fxml.FXMLLoader.loadImpl(FXMLLoader.java:2555)
	at javafx.fxml/javafx.fxml.FXMLLoader.load(FXMLLoader.java:2523)
	at net.etfbl.org.userControllers.UserMainWindowController.openChatDIalog(UserMainWindowController.java:367)
	at java.base/jdk.internal.reflect.NativeMethodAccessorImpl.invoke0(Native Method)
	at java.base/jdk.internal.reflect.NativeMethodAccessorImpl.invoke(NativeMethodAccessorImpl.java:77)
	at java.base/jdk.internal.reflect.DelegatingMethodAccessorImpl.invoke(DelegatingMethodAccessorImpl.java:43)
	at java.base/java.lang.reflect.Method.invoke(Method.java:568)
	at com.sun.javafx.reflect.Trampoline.invoke(MethodUtil.java:77)
	at jdk.internal.reflect.GeneratedMethodAccessor2.invoke(Unknown Source)
	at java.base/jdk.internal.reflect.DelegatingMethodAccessorImpl.invoke(DelegatingMethodAccessorImpl.java:43)
	at java.base/java.lang.reflect.Method.invoke(Method.java:568)
	at javafx.base/com.sun.javafx.reflect.MethodUtil.invoke(MethodUtil.java:275)
	at javafx.fxml/com.sun.javafx.fxml.MethodHelper.invoke(MethodHelper.java:84)
	at javafx.fxml/javafx.fxml.FXMLLoader$MethodHandler.invoke(FXMLLoader.java:1852)
	at javafx.fxml/javafx.fxml.FXMLLoader$ControllerMethodEventHandler.handle(FXMLLoader.java:1724)
	at javafx.base/com.sun.javafx.event.CompositeEventHandler.dispatchBubblingEvent(CompositeEventHandler.java:86)
	at javafx.base/com.sun.javafx.event.EventHandlerManager.dispatchBubblingEvent(EventHandlerManager.java:234)
	at javafx.base/com.sun.javafx.event.EventHandlerManager.dispatchBubblingEvent(EventHandlerManager.java:191)
	at javafx.base/com.sun.javafx.event.CompositeEventDispatcher.dispatchBubblingEvent(CompositeEventDispatcher.java:59)
	at javafx.base/com.sun.javafx.event.BasicEventDispatcher.dispatchEvent(BasicEventDispatcher.java:58)
	at javafx.base/com.sun.javafx.event.EventDispatchChainImpl.dispatchEvent(EventDispatchChainImpl.java:114)
	at javafx.base/com.sun.javafx.event.BasicEventDispatcher.dispatchEvent(BasicEventDispatcher.java:56)
	at javafx.base/com.sun.javafx.event.EventDispatchChainImpl.dispatchEvent(EventDispatchChainImpl.java:114)
	at javafx.base/com.sun.javafx.event.BasicEventDispatcher.dispatchEvent(BasicEventDispatcher.java:56)
	at javafx.base/com.sun.javafx.event.EventDispatchChainImpl.dispatchEvent(EventDispatchChainImpl.java:114)
	at javafx.base/com.sun.javafx.event.EventUtil.fireEventImpl(EventUtil.java:74)
	at javafx.base/com.sun.javafx.event.EventUtil.fireEvent(EventUtil.java:49)
	at javafx.base/javafx.event.Event.fireEvent(Event.java:198)
	at javafx.graphics/javafx.scene.Node.fireEvent(Node.java:8792)
	at javafx.controls/javafx.scene.control.Button.fire(Button.java:203)
	at javafx.controls/com.sun.javafx.scene.control.behavior.ButtonBehavior.mouseReleased(ButtonBehavior.java:208)
	at javafx.controls/com.sun.javafx.scene.control.inputmap.InputMap.handle(InputMap.java:274)
	at javafx.base/com.sun.javafx.event.CompositeEventHandler$NormalEventHandlerRecord.handleBubblingEvent(CompositeEventHandler.java:247)
	at javafx.base/com.sun.javafx.event.CompositeEventHandler.dispatchBubblingEvent(CompositeEventHandler.java:80)
	at javafx.base/com.sun.javafx.event.EventHandlerManager.dispatchBubblingEvent(EventHandlerManager.java:234)
	at javafx.base/com.sun.javafx.event.EventHandlerManager.dispatchBubblingEvent(EventHandlerManager.java:191)
	at javafx.base/com.sun.javafx.event.CompositeEventDispatcher.dispatchBubblingEvent(CompositeEventDispatcher.java:59)
	at javafx.base/com.sun.javafx.event.BasicEventDispatcher.dispatchEvent(BasicEventDispatcher.java:58)
	at javafx.base/com.sun.javafx.event.EventDispatchChainImpl.dispatchEvent(EventDispatchChainImpl.java:114)
	at javafx.base/com.sun.javafx.event.BasicEventDispatcher.dispatchEvent(BasicEventDispatcher.java:56)
	at javafx.base/com.sun.javafx.event.EventDispatchChainImpl.dispatchEvent(EventDispatchChainImpl.java:114)
	at javafx.base/com.sun.javafx.event.BasicEventDispatcher.dispatchEvent(BasicEventDispatcher.java:56)
	at javafx.base/com.sun.javafx.event.EventDispatchChainImpl.dispatchEvent(EventDispatchChainImpl.java:114)
	at javafx.base/com.sun.javafx.event.EventUtil.fireEventImpl(EventUtil.java:74)
	at javafx.base/com.sun.javafx.event.EventUtil.fireEvent(EventUtil.java:54)
	at javafx.base/javafx.event.Event.fireEvent(Event.java:198)
	at javafx.graphics/javafx.scene.Scene$MouseHandler.process(Scene.java:3897)
	at javafx.graphics/javafx.scene.Scene.processMouseEvent(Scene.java:1878)
	at javafx.graphics/javafx.scene.Scene$ScenePeerListener.mouseEvent(Scene.java:2623)
	at javafx.graphics/com.sun.javafx.tk.quantum.GlassViewEventHandler$MouseEventNotification.run(GlassViewEventHandler.java:411)
	at javafx.graphics/com.sun.javafx.tk.quantum.GlassViewEventHandler$MouseEventNotification.run(GlassViewEventHandler.java:301)
	at java.base/java.security.AccessController.doPrivileged(AccessController.java:399)
	at javafx.graphics/com.sun.javafx.tk.quantum.GlassViewEventHandler.lambda$handleMouseEvent$2(GlassViewEventHandler.java:450)
	at javafx.graphics/com.sun.javafx.tk.quantum.QuantumToolkit.runWithoutRenderLock(QuantumToolkit.java:423)
	at javafx.graphics/com.sun.javafx.tk.quantum.GlassViewEventHandler.handleMouseEvent(GlassViewEventHandler.java:449)
	at javafx.graphics/com.sun.glass.ui.View.handleMouseEvent(View.java:551)
	at javafx.graphics/com.sun.glass.ui.View.notifyMouse(View.java:937)
	at javafx.graphics/com.sun.glass.ui.win.WinApplication._runLoop(Native Method)
	at javafx.graphics/com.sun.glass.ui.win.WinApplication.lambda$runLoop$3(WinApplication.java:184)
	at java.base/java.lang.Thread.run(Thread.java:842)

нов 25, 2024 6:46:32 ПО ПОДНЕ net.etfbl.org.userControllers.ChatController readMessage
SEVERE: 
java.net.SocketException: java.security.NoSuchAlgorithmException: Error constructing implementation (algorithm: Default, provider: SunJSSE, class: sun.security.ssl.SSLContextImpl$DefaultSSLContext)
	at java.base/javax.net.ssl.DefaultSSLSocketFactory.throwException(SSLSocketFactory.java:267)
	at java.base/javax.net.ssl.DefaultSSLSocketFactory.createSocket(SSLSocketFactory.java:281)
	at net.etfbl.org.userControllers.ChatController.readMessage(ChatController.java:123)
	at java.base/jdk.internal.reflect.NativeMethodAccessorImpl.invoke0(Native Method)
	at java.base/jdk.internal.reflect.NativeMethodAccessorImpl.invoke(NativeMethodAccessorImpl.java:77)
	at java.base/jdk.internal.reflect.DelegatingMethodAccessorImpl.invoke(DelegatingMethodAccessorImpl.java:43)
	at java.base/java.lang.reflect.Method.invoke(Method.java:568)
	at com.sun.javafx.reflect.Trampoline.invoke(MethodUtil.java:77)
	at jdk.internal.reflect.GeneratedMethodAccessor2.invoke(Unknown Source)
	at java.base/jdk.internal.reflect.DelegatingMethodAccessorImpl.invoke(DelegatingMethodAccessorImpl.java:43)
	at java.base/java.lang.reflect.Method.invoke(Method.java:568)
	at javafx.base/com.sun.javafx.reflect.MethodUtil.invoke(MethodUtil.java:275)
	at javafx.fxml/com.sun.javafx.fxml.MethodHelper.invoke(MethodHelper.java:84)
	at javafx.fxml/javafx.fxml.FXMLLoader$MethodHandler.invoke(FXMLLoader.java:1852)
	at javafx.fxml/javafx.fxml.FXMLLoader$ControllerMethodEventHandler.handle(FXMLLoader.java:1724)
	at javafx.base/com.sun.javafx.event.CompositeEventHandler.dispatchBubblingEvent(CompositeEventHandler.java:86)
	at javafx.base/com.sun.javafx.event.EventHandlerManager.dispatchBubblingEvent(EventHandlerManager.java:234)
	at javafx.base/com.sun.javafx.event.EventHandlerManager.dispatchBubblingEvent(EventHandlerManager.java:191)
	at javafx.base/com.sun.javafx.event.CompositeEventDispatcher.dispatchBubblingEvent(CompositeEventDispatcher.java:59)
	at javafx.base/com.sun.javafx.event.BasicEventDispatcher.dispatchEvent(BasicEventDispatcher.java:58)
	at javafx.base/com.sun.javafx.event.EventDispatchChainImpl.dispatchEvent(EventDispatchChainImpl.java:114)
	at javafx.base/com.sun.javafx.event.BasicEventDispatcher.dispatchEvent(BasicEventDispatcher.java:56)
	at javafx.base/com.sun.javafx.event.EventDispatchChainImpl.dispatchEvent(EventDispatchChainImpl.java:114)
	at javafx.base/com.sun.javafx.event.BasicEventDispatcher.dispatchEvent(BasicEventDispatcher.java:56)
	at javafx.base/com.sun.javafx.event.EventDispatchChainImpl.dispatchEvent(EventDispatchChainImpl.java:114)
	at javafx.base/com.sun.javafx.event.EventUtil.fireEventImpl(EventUtil.java:74)
	at javafx.base/com.sun.javafx.event.EventUtil.fireEvent(EventUtil.java:49)
	at javafx.base/javafx.event.Event.fireEvent(Event.java:198)
	at javafx.graphics/javafx.scene.Node.fireEvent(Node.java:8792)
	at javafx.controls/javafx.scene.control.Button.fire(Button.java:203)
	at javafx.controls/com.sun.javafx.scene.control.behavior.ButtonBehavior.mouseReleased(ButtonBehavior.java:208)
	at javafx.controls/com.sun.javafx.scene.control.inputmap.InputMap.handle(InputMap.java:274)
	at javafx.base/com.sun.javafx.event.CompositeEventHandler$NormalEventHandlerRecord.handleBubblingEvent(CompositeEventHandler.java:247)
	at javafx.base/com.sun.javafx.event.CompositeEventHandler.dispatchBubblingEvent(CompositeEventHandler.java:80)
	at javafx.base/com.sun.javafx.event.EventHandlerManager.dispatchBubblingEvent(EventHandlerManager.java:234)
	at javafx.base/com.sun.javafx.event.EventHandlerManager.dispatchBubblingEvent(EventHandlerManager.java:191)
	at javafx.base/com.sun.javafx.event.CompositeEventDispatcher.dispatchBubblingEvent(CompositeEventDispatcher.java:59)
	at javafx.base/com.sun.javafx.event.BasicEventDispatcher.dispatchEvent(BasicEventDispatcher.java:58)
	at javafx.base/com.sun.javafx.event.EventDispatchChainImpl.dispatchEvent(EventDispatchChainImpl.java:114)
	at javafx.base/com.sun.javafx.event.BasicEventDispatcher.dispatchEvent(BasicEventDispatcher.java:56)
	at javafx.base/com.sun.javafx.event.EventDispatchChainImpl.dispatchEvent(EventDispatchChainImpl.java:114)
	at javafx.base/com.sun.javafx.event.BasicEventDispatcher.dispatchEvent(BasicEventDispatcher.java:56)
	at javafx.base/com.sun.javafx.event.EventDispatchChainImpl.dispatchEvent(EventDispatchChainImpl.java:114)
	at javafx.base/com.sun.javafx.event.EventUtil.fireEventImpl(EventUtil.java:74)
	at javafx.base/com.sun.javafx.event.EventUtil.fireEvent(EventUtil.java:49)
	at javafx.base/javafx.event.Event.fireEvent(Event.java:198)
	at javafx.graphics/javafx.scene.Scene$MouseHandler.process(Scene.java:3897)
	at javafx.graphics/javafx.scene.Scene.processMouseEvent(Scene.java:1878)
	at javafx.graphics/javafx.scene.Scene$ScenePeerListener.mouseEvent(Scene.java:2623)
	at javafx.graphics/com.sun.javafx.tk.quantum.GlassViewEventHandler$MouseEventNotification.run(GlassViewEventHandler.java:411)
	at javafx.graphics/com.sun.javafx.tk.quantum.GlassViewEventHandler$MouseEventNotification.run(GlassViewEventHandler.java:301)
	at java.base/java.security.AccessController.doPrivileged(AccessController.java:399)
	at javafx.graphics/com.sun.javafx.tk.quantum.GlassViewEventHandler.lambda$handleMouseEvent$2(GlassViewEventHandler.java:450)
	at javafx.graphics/com.sun.javafx.tk.quantum.QuantumToolkit.runWithoutRenderLock(QuantumToolkit.java:423)
	at javafx.graphics/com.sun.javafx.tk.quantum.GlassViewEventHandler.handleMouseEvent(GlassViewEventHandler.java:449)
	at javafx.graphics/com.sun.glass.ui.View.handleMouseEvent(View.java:551)
	at javafx.graphics/com.sun.glass.ui.View.notifyMouse(View.java:937)
	at javafx.graphics/com.sun.glass.ui.win.WinApplication._enterNestedEventLoopImpl(Native Method)
	at javafx.graphics/com.sun.glass.ui.win.WinApplication._enterNestedEventLoop(WinApplication.java:211)
	at javafx.graphics/com.sun.glass.ui.Application.enterNestedEventLoop(Application.java:515)
	at javafx.graphics/com.sun.glass.ui.EventLoop.enter(EventLoop.java:107)
	at javafx.graphics/com.sun.javafx.tk.quantum.QuantumToolkit.enterNestedEventLoop(QuantumToolkit.java:630)
	at javafx.graphics/javafx.stage.Stage.showAndWait(Stage.java:469)
	at net.etfbl.org.userControllers.UserMainWindowController.openChatDIalog(UserMainWindowController.java:375)
	at java.base/jdk.internal.reflect.NativeMethodAccessorImpl.invoke0(Native Method)
	at java.base/jdk.internal.reflect.NativeMethodAccessorImpl.invoke(NativeMethodAccessorImpl.java:77)
	at java.base/jdk.internal.reflect.DelegatingMethodAccessorImpl.invoke(DelegatingMethodAccessorImpl.java:43)
	at java.base/java.lang.reflect.Method.invoke(Method.java:568)
	at com.sun.javafx.reflect.Trampoline.invoke(MethodUtil.java:77)
	at jdk.internal.reflect.GeneratedMethodAccessor2.invoke(Unknown Source)
	at java.base/jdk.internal.reflect.DelegatingMethodAccessorImpl.invoke(DelegatingMethodAccessorImpl.java:43)
	at java.base/java.lang.reflect.Method.invoke(Method.java:568)
	at javafx.base/com.sun.javafx.reflect.MethodUtil.invoke(MethodUtil.java:275)
	at javafx.fxml/com.sun.javafx.fxml.MethodHelper.invoke(MethodHelper.java:84)
	at javafx.fxml/javafx.fxml.FXMLLoader$MethodHandler.invoke(FXMLLoader.java:1852)
	at javafx.fxml/javafx.fxml.FXMLLoader$ControllerMethodEventHandler.handle(FXMLLoader.java:1724)
	at javafx.base/com.sun.javafx.event.CompositeEventHandler.dispatchBubblingEvent(CompositeEventHandler.java:86)
	at javafx.base/com.sun.javafx.event.EventHandlerManager.dispatchBubblingEvent(EventHandlerManager.java:234)
	at javafx.base/com.sun.javafx.event.EventHandlerManager.dispatchBubblingEvent(EventHandlerManager.java:191)
	at javafx.base/com.sun.javafx.event.CompositeEventDispatcher.dispatchBubblingEvent(CompositeEventDispatcher.java:59)
	at javafx.base/com.sun.javafx.event.BasicEventDispatcher.dispatchEvent(BasicEventDispatcher.java:58)
	at javafx.base/com.sun.javafx.event.EventDispatchChainImpl.dispatchEvent(EventDispatchChainImpl.java:114)
	at javafx.base/com.sun.javafx.event.BasicEventDispatcher.dispatchEvent(BasicEventDispatcher.java:56)
	at javafx.base/com.sun.javafx.event.EventDispatchChainImpl.dispatchEvent(EventDispatchChainImpl.java:114)
	at javafx.base/com.sun.javafx.event.BasicEventDispatcher.dispatchEvent(BasicEventDispatcher.java:56)
	at javafx.base/com.sun.javafx.event.EventDispatchChainImpl.dispatchEvent(EventDispatchChainImpl.java:114)
	at javafx.base/com.sun.javafx.event.EventUtil.fireEventImpl(EventUtil.java:74)
	at javafx.base/com.sun.javafx.event.EventUtil.fireEvent(EventUtil.java:49)
	at javafx.base/javafx.event.Event.fireEvent(Event.java:198)
	at javafx.graphics/javafx.scene.Node.fireEvent(Node.java:8792)
	at javafx.controls/javafx.scene.control.Button.fire(Button.java:203)
	at javafx.controls/com.sun.javafx.scene.control.behavior.ButtonBehavior.mouseReleased(ButtonBehavior.java:208)
	at javafx.controls/com.sun.javafx.scene.control.inputmap.InputMap.handle(InputMap.java:274)
	at javafx.base/com.sun.javafx.event.CompositeEventHandler$NormalEventHandlerRecord.handleBubblingEvent(CompositeEventHandler.java:247)
	at javafx.base/com.sun.javafx.event.CompositeEventHandler.dispatchBubblingEvent(CompositeEventHandler.java:80)
	at javafx.base/com.sun.javafx.event.EventHandlerManager.dispatchBubblingEvent(EventHandlerManager.java:234)
	at javafx.base/com.sun.javafx.event.EventHandlerManager.dispatchBubblingEvent(EventHandlerManager.java:191)
	at javafx.base/com.sun.javafx.event.CompositeEventDispatcher.dispatchBubblingEvent(CompositeEventDispatcher.java:59)
	at javafx.base/com.sun.javafx.event.BasicEventDispatcher.dispatchEvent(BasicEventDispatcher.java:58)
	at javafx.base/com.sun.javafx.event.EventDispatchChainImpl.dispatchEvent(EventDispatchChainImpl.java:114)
	at javafx.base/com.sun.javafx.event.BasicEventDispatcher.dispatchEvent(BasicEventDispatcher.java:56)
	at javafx.base/com.sun.javafx.event.EventDispatchChainImpl.dispatchEvent(EventDispatchChainImpl.java:114)
	at javafx.base/com.sun.javafx.event.BasicEventDispatcher.dispatchEvent(BasicEventDispatcher.java:56)
	at javafx.base/com.sun.javafx.event.EventDispatchChainImpl.dispatchEvent(EventDispatchChainImpl.java:114)
	at javafx.base/com.sun.javafx.event.EventUtil.fireEventImpl(EventUtil.java:74)
	at javafx.base/com.sun.javafx.event.EventUtil.fireEvent(EventUtil.java:54)
	at javafx.base/javafx.event.Event.fireEvent(Event.java:198)
	at javafx.graphics/javafx.scene.Scene$MouseHandler.process(Scene.java:3897)
	at javafx.graphics/javafx.scene.Scene.processMouseEvent(Scene.java:1878)
	at javafx.graphics/javafx.scene.Scene$ScenePeerListener.mouseEvent(Scene.java:2623)
	at javafx.graphics/com.sun.javafx.tk.quantum.GlassViewEventHandler$MouseEventNotification.run(GlassViewEventHandler.java:411)
	at javafx.graphics/com.sun.javafx.tk.quantum.GlassViewEventHandler$MouseEventNotification.run(GlassViewEventHandler.java:301)
	at java.base/java.security.AccessController.doPrivileged(AccessController.java:399)
	at javafx.graphics/com.sun.javafx.tk.quantum.GlassViewEventHandler.lambda$handleMouseEvent$2(GlassViewEventHandler.java:450)
	at javafx.graphics/com.sun.javafx.tk.quantum.QuantumToolkit.runWithoutRenderLock(QuantumToolkit.java:423)
	at javafx.graphics/com.sun.javafx.tk.quantum.GlassViewEventHandler.handleMouseEvent(GlassViewEventHandler.java:449)
	at javafx.graphics/com.sun.glass.ui.View.handleMouseEvent(View.java:551)
	at javafx.graphics/com.sun.glass.ui.View.notifyMouse(View.java:937)
	at javafx.graphics/com.sun.glass.ui.win.WinApplication._runLoop(Native Method)
	at javafx.graphics/com.sun.glass.ui.win.WinApplication.lambda$runLoop$3(WinApplication.java:184)
	at java.base/java.lang.Thread.run(Thread.java:842)
Caused by: java.security.NoSuchAlgorithmException: Error constructing implementation (algorithm: Default, provider: SunJSSE, class: sun.security.ssl.SSLContextImpl$DefaultSSLContext)
	at java.base/java.security.Provider$Service.newInstance(Provider.java:1880)
	at java.base/sun.security.jca.GetInstance.getInstance(GetInstance.java:236)
	at java.base/sun.security.jca.GetInstance.getInstance(GetInstance.java:164)
	at java.base/javax.net.ssl.SSLContext.getInstance(SSLContext.java:185)
	at java.base/javax.net.ssl.SSLContext.getDefault(SSLContext.java:110)
	at java.base/javax.net.ssl.SSLSocketFactory.getDefault(SSLSocketFactory.java:83)
	at net.etfbl.org.userControllers.ChatController.readMessage(ChatController.java:122)
	... 118 more
Caused by: java.security.KeyManagementException: problem accessing trust store
	at java.base/sun.security.ssl.SSLContextImpl$DefaultManagersHolder.<clinit>(SSLContextImpl.java:942)
	at java.base/sun.security.ssl.SSLContextImpl$DefaultSSLContext.<init>(SSLContextImpl.java:1111)
	at java.base/jdk.internal.reflect.NativeConstructorAccessorImpl.newInstance0(Native Method)
	at java.base/jdk.internal.reflect.NativeConstructorAccessorImpl.newInstance(NativeConstructorAccessorImpl.java:77)
	at java.base/jdk.internal.reflect.DelegatingConstructorAccessorImpl.newInstance(DelegatingConstructorAccessorImpl.java:45)
	at java.base/java.lang.reflect.Constructor.newInstanceWithCaller(Constructor.java:499)
	at java.base/java.lang.reflect.Constructor.newInstance(Constructor.java:480)
	at java.base/java.security.Provider$Service.newInstanceOf(Provider.java:1891)
	at java.base/java.security.Provider$Service.newInstanceUtil(Provider.java:1898)
	at java.base/java.security.Provider$Service.newInstance(Provider.java:1873)
	... 124 more

нов 25, 2024 6:46:49 ПО ПОДНЕ net.etfbl.org.userControllers.ChatController sendMessage
SEVERE: 
java.net.SocketException: java.security.NoSuchAlgorithmException: Error constructing implementation (algorithm: Default, provider: SunJSSE, class: sun.security.ssl.SSLContextImpl$DefaultSSLContext)
	at java.base/javax.net.ssl.DefaultSSLSocketFactory.throwException(SSLSocketFactory.java:267)
	at java.base/javax.net.ssl.DefaultSSLSocketFactory.createSocket(SSLSocketFactory.java:281)
	at net.etfbl.org.userControllers.ChatController.sendMessage(ChatController.java:163)
	at java.base/jdk.internal.reflect.NativeMethodAccessorImpl.invoke0(Native Method)
	at java.base/jdk.internal.reflect.NativeMethodAccessorImpl.invoke(NativeMethodAccessorImpl.java:77)
	at java.base/jdk.internal.reflect.DelegatingMethodAccessorImpl.invoke(DelegatingMethodAccessorImpl.java:43)
	at java.base/java.lang.reflect.Method.invoke(Method.java:568)
	at com.sun.javafx.reflect.Trampoline.invoke(MethodUtil.java:77)
	at jdk.internal.reflect.GeneratedMethodAccessor2.invoke(Unknown Source)
	at java.base/jdk.internal.reflect.DelegatingMethodAccessorImpl.invoke(DelegatingMethodAccessorImpl.java:43)
	at java.base/java.lang.reflect.Method.invoke(Method.java:568)
	at javafx.base/com.sun.javafx.reflect.MethodUtil.invoke(MethodUtil.java:275)
	at javafx.fxml/com.sun.javafx.fxml.MethodHelper.invoke(MethodHelper.java:84)
	at javafx.fxml/javafx.fxml.FXMLLoader$MethodHandler.invoke(FXMLLoader.java:1852)
	at javafx.fxml/javafx.fxml.FXMLLoader$ControllerMethodEventHandler.handle(FXMLLoader.java:1724)
	at javafx.base/com.sun.javafx.event.CompositeEventHandler.dispatchBubblingEvent(CompositeEventHandler.java:86)
	at javafx.base/com.sun.javafx.event.EventHandlerManager.dispatchBubblingEvent(EventHandlerManager.java:234)
	at javafx.base/com.sun.javafx.event.EventHandlerManager.dispatchBubblingEvent(EventHandlerManager.java:191)
	at javafx.base/com.sun.javafx.event.CompositeEventDispatcher.dispatchBubblingEvent(CompositeEventDispatcher.java:59)
	at javafx.base/com.sun.javafx.event.BasicEventDispatcher.dispatchEvent(BasicEventDispatcher.java:58)
	at javafx.base/com.sun.javafx.event.EventDispatchChainImpl.dispatchEvent(EventDispatchChainImpl.java:114)
	at javafx.base/com.sun.javafx.event.BasicEventDispatcher.dispatchEvent(BasicEventDispatcher.java:56)
	at javafx.base/com.sun.javafx.event.EventDispatchChainImpl.dispatchEvent(EventDispatchChainImpl.java:114)
	at javafx.base/com.sun.javafx.event.BasicEventDispatcher.dispatchEvent(BasicEventDispatcher.java:56)
	at javafx.base/com.sun.javafx.event.EventDispatchChainImpl.dispatchEvent(EventDispatchChainImpl.java:114)
	at javafx.base/com.sun.javafx.event.EventUtil.fireEventImpl(EventUtil.java:74)
	at javafx.base/com.sun.javafx.event.EventUtil.fireEvent(EventUtil.java:49)
	at javafx.base/javafx.event.Event.fireEvent(Event.java:198)
	at javafx.graphics/javafx.scene.Node.fireEvent(Node.java:8792)
	at javafx.controls/javafx.scene.control.Button.fire(Button.java:203)
	at javafx.controls/com.sun.javafx.scene.control.behavior.ButtonBehavior.mouseReleased(ButtonBehavior.java:208)
	at javafx.controls/com.sun.javafx.scene.control.inputmap.InputMap.handle(InputMap.java:274)
	at javafx.base/com.sun.javafx.event.CompositeEventHandler$NormalEventHandlerRecord.handleBubblingEvent(CompositeEventHandler.java:247)
	at javafx.base/com.sun.javafx.event.CompositeEventHandler.dispatchBubblingEvent(CompositeEventHandler.java:80)
	at javafx.base/com.sun.javafx.event.EventHandlerManager.dispatchBubblingEvent(EventHandlerManager.java:234)
	at javafx.base/com.sun.javafx.event.EventHandlerManager.dispatchBubblingEvent(EventHandlerManager.java:191)
	at javafx.base/com.sun.javafx.event.CompositeEventDispatcher.dispatchBubblingEvent(CompositeEventDispatcher.java:59)
	at javafx.base/com.sun.javafx.event.BasicEventDispatcher.dispatchEvent(BasicEventDispatcher.java:58)
	at javafx.base/com.sun.javafx.event.EventDispatchChainImpl.dispatchEvent(EventDispatchChainImpl.java:114)
	at javafx.base/com.sun.javafx.event.BasicEventDispatcher.dispatchEvent(BasicEventDispatcher.java:56)
	at javafx.base/com.sun.javafx.event.EventDispatchChainImpl.dispatchEvent(EventDispatchChainImpl.java:114)
	at javafx.base/com.sun.javafx.event.BasicEventDispatcher.dispatchEvent(BasicEventDispatcher.java:56)
	at javafx.base/com.sun.javafx.event.EventDispatchChainImpl.dispatchEvent(EventDispatchChainImpl.java:114)
	at javafx.base/com.sun.javafx.event.EventUtil.fireEventImpl(EventUtil.java:74)
	at javafx.base/com.sun.javafx.event.EventUtil.fireEvent(EventUtil.java:49)
	at javafx.base/javafx.event.Event.fireEvent(Event.java:198)
	at javafx.graphics/javafx.scene.Scene$MouseHandler.process(Scene.java:3897)
	at javafx.graphics/javafx.scene.Scene.processMouseEvent(Scene.java:1878)
	at javafx.graphics/javafx.scene.Scene$ScenePeerListener.mouseEvent(Scene.java:2623)
	at javafx.graphics/com.sun.javafx.tk.quantum.GlassViewEventHandler$MouseEventNotification.run(GlassViewEventHandler.java:411)
	at javafx.graphics/com.sun.javafx.tk.quantum.GlassViewEventHandler$MouseEventNotification.run(GlassViewEventHandler.java:301)
	at java.base/java.security.AccessController.doPrivileged(AccessController.java:399)
	at javafx.graphics/com.sun.javafx.tk.quantum.GlassViewEventHandler.lambda$handleMouseEvent$2(GlassViewEventHandler.java:450)
	at javafx.graphics/com.sun.javafx.tk.quantum.QuantumToolkit.runWithoutRenderLock(QuantumToolkit.java:423)
	at javafx.graphics/com.sun.javafx.tk.quantum.GlassViewEventHandler.handleMouseEvent(GlassViewEventHandler.java:449)
	at javafx.graphics/com.sun.glass.ui.View.handleMouseEvent(View.java:551)
	at javafx.graphics/com.sun.glass.ui.View.notifyMouse(View.java:937)
	at javafx.graphics/com.sun.glass.ui.win.WinApplication._enterNestedEventLoopImpl(Native Method)
	at javafx.graphics/com.sun.glass.ui.win.WinApplication._enterNestedEventLoop(WinApplication.java:211)
	at javafx.graphics/com.sun.glass.ui.Application.enterNestedEventLoop(Application.java:515)
	at javafx.graphics/com.sun.glass.ui.EventLoop.enter(EventLoop.java:107)
	at javafx.graphics/com.sun.javafx.tk.quantum.QuantumToolkit.enterNestedEventLoop(QuantumToolkit.java:630)
	at javafx.graphics/javafx.stage.Stage.showAndWait(Stage.java:469)
	at net.etfbl.org.userControllers.UserMainWindowController.openChatDIalog(UserMainWindowController.java:375)
	at java.base/jdk.internal.reflect.NativeMethodAccessorImpl.invoke0(Native Method)
	at java.base/jdk.internal.reflect.NativeMethodAccessorImpl.invoke(NativeMethodAccessorImpl.java:77)
	at java.base/jdk.internal.reflect.DelegatingMethodAccessorImpl.invoke(DelegatingMethodAccessorImpl.java:43)
	at java.base/java.lang.reflect.Method.invoke(Method.java:568)
	at com.sun.javafx.reflect.Trampoline.invoke(MethodUtil.java:77)
	at jdk.internal.reflect.GeneratedMethodAccessor2.invoke(Unknown Source)
	at java.base/jdk.internal.reflect.DelegatingMethodAccessorImpl.invoke(DelegatingMethodAccessorImpl.java:43)
	at java.base/java.lang.reflect.Method.invoke(Method.java:568)
	at javafx.base/com.sun.javafx.reflect.MethodUtil.invoke(MethodUtil.java:275)
	at javafx.fxml/com.sun.javafx.fxml.MethodHelper.invoke(MethodHelper.java:84)
	at javafx.fxml/javafx.fxml.FXMLLoader$MethodHandler.invoke(FXMLLoader.java:1852)
	at javafx.fxml/javafx.fxml.FXMLLoader$ControllerMethodEventHandler.handle(FXMLLoader.java:1724)
	at javafx.base/com.sun.javafx.event.CompositeEventHandler.dispatchBubblingEvent(CompositeEventHandler.java:86)
	at javafx.base/com.sun.javafx.event.EventHandlerManager.dispatchBubblingEvent(EventHandlerManager.java:234)
	at javafx.base/com.sun.javafx.event.EventHandlerManager.dispatchBubblingEvent(EventHandlerManager.java:191)
	at javafx.base/com.sun.javafx.event.CompositeEventDispatcher.dispatchBubblingEvent(CompositeEventDispatcher.java:59)
	at javafx.base/com.sun.javafx.event.BasicEventDispatcher.dispatchEvent(BasicEventDispatcher.java:58)
	at javafx.base/com.sun.javafx.event.EventDispatchChainImpl.dispatchEvent(EventDispatchChainImpl.java:114)
	at javafx.base/com.sun.javafx.event.BasicEventDispatcher.dispatchEvent(BasicEventDispatcher.java:56)
	at javafx.base/com.sun.javafx.event.EventDispatchChainImpl.dispatchEvent(EventDispatchChainImpl.java:114)
	at javafx.base/com.sun.javafx.event.BasicEventDispatcher.dispatchEvent(BasicEventDispatcher.java:56)
	at javafx.base/com.sun.javafx.event.EventDispatchChainImpl.dispatchEvent(EventDispatchChainImpl.java:114)
	at javafx.base/com.sun.javafx.event.EventUtil.fireEventImpl(EventUtil.java:74)
	at javafx.base/com.sun.javafx.event.EventUtil.fireEvent(EventUtil.java:49)
	at javafx.base/javafx.event.Event.fireEvent(Event.java:198)
	at javafx.graphics/javafx.scene.Node.fireEvent(Node.java:8792)
	at javafx.controls/javafx.scene.control.Button.fire(Button.java:203)
	at javafx.controls/com.sun.javafx.scene.control.behavior.ButtonBehavior.mouseReleased(ButtonBehavior.java:208)
	at javafx.controls/com.sun.javafx.scene.control.inputmap.InputMap.handle(InputMap.java:274)
	at javafx.base/com.sun.javafx.event.CompositeEventHandler$NormalEventHandlerRecord.handleBubblingEvent(CompositeEventHandler.java:247)
	at javafx.base/com.sun.javafx.event.CompositeEventHandler.dispatchBubblingEvent(CompositeEventHandler.java:80)
	at javafx.base/com.sun.javafx.event.EventHandlerManager.dispatchBubblingEvent(EventHandlerManager.java:234)
	at javafx.base/com.sun.javafx.event.EventHandlerManager.dispatchBubblingEvent(EventHandlerManager.java:191)
	at javafx.base/com.sun.javafx.event.CompositeEventDispatcher.dispatchBubblingEvent(CompositeEventDispatcher.java:59)
	at javafx.base/com.sun.javafx.event.BasicEventDispatcher.dispatchEvent(BasicEventDispatcher.java:58)
	at javafx.base/com.sun.javafx.event.EventDispatchChainImpl.dispatchEvent(EventDispatchChainImpl.java:114)
	at javafx.base/com.sun.javafx.event.BasicEventDispatcher.dispatchEvent(BasicEventDispatcher.java:56)
	at javafx.base/com.sun.javafx.event.EventDispatchChainImpl.dispatchEvent(EventDispatchChainImpl.java:114)
	at javafx.base/com.sun.javafx.event.BasicEventDispatcher.dispatchEvent(BasicEventDispatcher.java:56)
	at javafx.base/com.sun.javafx.event.EventDispatchChainImpl.dispatchEvent(EventDispatchChainImpl.java:114)
	at javafx.base/com.sun.javafx.event.EventUtil.fireEventImpl(EventUtil.java:74)
	at javafx.base/com.sun.javafx.event.EventUtil.fireEvent(EventUtil.java:54)
	at javafx.base/javafx.event.Event.fireEvent(Event.java:198)
	at javafx.graphics/javafx.scene.Scene$MouseHandler.process(Scene.java:3897)
	at javafx.graphics/javafx.scene.Scene.processMouseEvent(Scene.java:1878)
	at javafx.graphics/javafx.scene.Scene$ScenePeerListener.mouseEvent(Scene.java:2623)
	at javafx.graphics/com.sun.javafx.tk.quantum.GlassViewEventHandler$MouseEventNotification.run(GlassViewEventHandler.java:411)
	at javafx.graphics/com.sun.javafx.tk.quantum.GlassViewEventHandler$MouseEventNotification.run(GlassViewEventHandler.java:301)
	at java.base/java.security.AccessController.doPrivileged(AccessController.java:399)
	at javafx.graphics/com.sun.javafx.tk.quantum.GlassViewEventHandler.lambda$handleMouseEvent$2(GlassViewEventHandler.java:450)
	at javafx.graphics/com.sun.javafx.tk.quantum.QuantumToolkit.runWithoutRenderLock(QuantumToolkit.java:423)
	at javafx.graphics/com.sun.javafx.tk.quantum.GlassViewEventHandler.handleMouseEvent(GlassViewEventHandler.java:449)
	at javafx.graphics/com.sun.glass.ui.View.handleMouseEvent(View.java:551)
	at javafx.graphics/com.sun.glass.ui.View.notifyMouse(View.java:937)
	at javafx.graphics/com.sun.glass.ui.win.WinApplication._runLoop(Native Method)
	at javafx.graphics/com.sun.glass.ui.win.WinApplication.lambda$runLoop$3(WinApplication.java:184)
	at java.base/java.lang.Thread.run(Thread.java:842)
Caused by: java.security.NoSuchAlgorithmException: Error constructing implementation (algorithm: Default, provider: SunJSSE, class: sun.security.ssl.SSLContextImpl$DefaultSSLContext)
	at java.base/java.security.Provider$Service.newInstance(Provider.java:1880)
	at java.base/sun.security.jca.GetInstance.getInstance(GetInstance.java:236)
	at java.base/sun.security.jca.GetInstance.getInstance(GetInstance.java:164)
	at java.base/javax.net.ssl.SSLContext.getInstance(SSLContext.java:185)
	at java.base/javax.net.ssl.SSLContext.getDefault(SSLContext.java:110)
	at java.base/javax.net.ssl.SSLSocketFactory.getDefault(SSLSocketFactory.java:83)
	at net.etfbl.org.userControllers.ChatController.sendMessage(ChatController.java:162)
	... 118 more
Caused by: java.security.KeyManagementException: problem accessing trust store
	at java.base/sun.security.ssl.SSLContextImpl$DefaultManagersHolder.<clinit>(SSLContextImpl.java:942)
	at java.base/sun.security.ssl.SSLContextImpl$DefaultSSLContext.<init>(SSLContextImpl.java:1111)
	at java.base/jdk.internal.reflect.NativeConstructorAccessorImpl.newInstance0(Native Method)
	at java.base/jdk.internal.reflect.NativeConstructorAccessorImpl.newInstance(NativeConstructorAccessorImpl.java:77)
	at java.base/jdk.internal.reflect.DelegatingConstructorAccessorImpl.newInstance(DelegatingConstructorAccessorImpl.java:45)
	at java.base/java.lang.reflect.Constructor.newInstanceWithCaller(Constructor.java:499)
	at java.base/java.lang.reflect.Constructor.newInstance(Constructor.java:480)
	at java.base/java.security.Provider$Service.newInstanceOf(Provider.java:1891)
	at java.base/java.security.Provider$Service.newInstanceUtil(Provider.java:1898)
	at java.base/java.security.Provider$Service.newInstance(Provider.java:1873)
	at java.base/sun.security.jca.GetInstance.getInstance(GetInstance.java:236)
	at java.base/sun.security.jca.GetInstance.getInstance(GetInstance.java:164)
	at java.base/javax.net.ssl.SSLContext.getInstance(SSLContext.java:185)
	at java.base/javax.net.ssl.SSLContext.getDefault(SSLContext.java:110)
	at java.base/javax.net.ssl.SSLSocketFactory.getDefault(SSLSocketFactory.java:83)
	at net.etfbl.org.userControllers.ChatController.readMessage(ChatController.java:122)
	... 118 more

нов 25, 2024 6:47:03 ПО ПОДНЕ net.etfbl.org.userControllers.ChatController sendMessage
SEVERE: 
java.net.SocketException: java.security.NoSuchAlgorithmException: Error constructing implementation (algorithm: Default, provider: SunJSSE, class: sun.security.ssl.SSLContextImpl$DefaultSSLContext)
	at java.base/javax.net.ssl.DefaultSSLSocketFactory.throwException(SSLSocketFactory.java:267)
	at java.base/javax.net.ssl.DefaultSSLSocketFactory.createSocket(SSLSocketFactory.java:281)
	at net.etfbl.org.userControllers.ChatController.sendMessage(ChatController.java:163)
	at java.base/jdk.internal.reflect.NativeMethodAccessorImpl.invoke0(Native Method)
	at java.base/jdk.internal.reflect.NativeMethodAccessorImpl.invoke(NativeMethodAccessorImpl.java:77)
	at java.base/jdk.internal.reflect.DelegatingMethodAccessorImpl.invoke(DelegatingMethodAccessorImpl.java:43)
	at java.base/java.lang.reflect.Method.invoke(Method.java:568)
	at com.sun.javafx.reflect.Trampoline.invoke(MethodUtil.java:77)
	at jdk.internal.reflect.GeneratedMethodAccessor2.invoke(Unknown Source)
	at java.base/jdk.internal.reflect.DelegatingMethodAccessorImpl.invoke(DelegatingMethodAccessorImpl.java:43)
	at java.base/java.lang.reflect.Method.invoke(Method.java:568)
	at javafx.base/com.sun.javafx.reflect.MethodUtil.invoke(MethodUtil.java:275)
	at javafx.fxml/com.sun.javafx.fxml.MethodHelper.invoke(MethodHelper.java:84)
	at javafx.fxml/javafx.fxml.FXMLLoader$MethodHandler.invoke(FXMLLoader.java:1852)
	at javafx.fxml/javafx.fxml.FXMLLoader$ControllerMethodEventHandler.handle(FXMLLoader.java:1724)
	at javafx.base/com.sun.javafx.event.CompositeEventHandler.dispatchBubblingEvent(CompositeEventHandler.java:86)
	at javafx.base/com.sun.javafx.event.EventHandlerManager.dispatchBubblingEvent(EventHandlerManager.java:234)
	at javafx.base/com.sun.javafx.event.EventHandlerManager.dispatchBubblingEvent(EventHandlerManager.java:191)
	at javafx.base/com.sun.javafx.event.CompositeEventDispatcher.dispatchBubblingEvent(CompositeEventDispatcher.java:59)
	at javafx.base/com.sun.javafx.event.BasicEventDispatcher.dispatchEvent(BasicEventDispatcher.java:58)
	at javafx.base/com.sun.javafx.event.EventDispatchChainImpl.dispatchEvent(EventDispatchChainImpl.java:114)
	at javafx.base/com.sun.javafx.event.BasicEventDispatcher.dispatchEvent(BasicEventDispatcher.java:56)
	at javafx.base/com.sun.javafx.event.EventDispatchChainImpl.dispatchEvent(EventDispatchChainImpl.java:114)
	at javafx.base/com.sun.javafx.event.BasicEventDispatcher.dispatchEvent(BasicEventDispatcher.java:56)
	at javafx.base/com.sun.javafx.event.EventDispatchChainImpl.dispatchEvent(EventDispatchChainImpl.java:114)
	at javafx.base/com.sun.javafx.event.EventUtil.fireEventImpl(EventUtil.java:74)
	at javafx.base/com.sun.javafx.event.EventUtil.fireEvent(EventUtil.java:49)
	at javafx.base/javafx.event.Event.fireEvent(Event.java:198)
	at javafx.graphics/javafx.scene.Node.fireEvent(Node.java:8792)
	at javafx.controls/javafx.scene.control.Button.fire(Button.java:203)
	at javafx.controls/com.sun.javafx.scene.control.behavior.ButtonBehavior.mouseReleased(ButtonBehavior.java:208)
	at javafx.controls/com.sun.javafx.scene.control.inputmap.InputMap.handle(InputMap.java:274)
	at javafx.base/com.sun.javafx.event.CompositeEventHandler$NormalEventHandlerRecord.handleBubblingEvent(CompositeEventHandler.java:247)
	at javafx.base/com.sun.javafx.event.CompositeEventHandler.dispatchBubblingEvent(CompositeEventHandler.java:80)
	at javafx.base/com.sun.javafx.event.EventHandlerManager.dispatchBubblingEvent(EventHandlerManager.java:234)
	at javafx.base/com.sun.javafx.event.EventHandlerManager.dispatchBubblingEvent(EventHandlerManager.java:191)
	at javafx.base/com.sun.javafx.event.CompositeEventDispatcher.dispatchBubblingEvent(CompositeEventDispatcher.java:59)
	at javafx.base/com.sun.javafx.event.BasicEventDispatcher.dispatchEvent(BasicEventDispatcher.java:58)
	at javafx.base/com.sun.javafx.event.EventDispatchChainImpl.dispatchEvent(EventDispatchChainImpl.java:114)
	at javafx.base/com.sun.javafx.event.BasicEventDispatcher.dispatchEvent(BasicEventDispatcher.java:56)
	at javafx.base/com.sun.javafx.event.EventDispatchChainImpl.dispatchEvent(EventDispatchChainImpl.java:114)
	at javafx.base/com.sun.javafx.event.BasicEventDispatcher.dispatchEvent(BasicEventDispatcher.java:56)
	at javafx.base/com.sun.javafx.event.EventDispatchChainImpl.dispatchEvent(EventDispatchChainImpl.java:114)
	at javafx.base/com.sun.javafx.event.EventUtil.fireEventImpl(EventUtil.java:74)
	at javafx.base/com.sun.javafx.event.EventUtil.fireEvent(EventUtil.java:49)
	at javafx.base/javafx.event.Event.fireEvent(Event.java:198)
	at javafx.graphics/javafx.scene.Scene$MouseHandler.process(Scene.java:3897)
	at javafx.graphics/javafx.scene.Scene.processMouseEvent(Scene.java:1878)
	at javafx.graphics/javafx.scene.Scene$ScenePeerListener.mouseEvent(Scene.java:2623)
	at javafx.graphics/com.sun.javafx.tk.quantum.GlassViewEventHandler$MouseEventNotification.run(GlassViewEventHandler.java:411)
	at javafx.graphics/com.sun.javafx.tk.quantum.GlassViewEventHandler$MouseEventNotification.run(GlassViewEventHandler.java:301)
	at java.base/java.security.AccessController.doPrivileged(AccessController.java:399)
	at javafx.graphics/com.sun.javafx.tk.quantum.GlassViewEventHandler.lambda$handleMouseEvent$2(GlassViewEventHandler.java:450)
	at javafx.graphics/com.sun.javafx.tk.quantum.QuantumToolkit.runWithoutRenderLock(QuantumToolkit.java:423)
	at javafx.graphics/com.sun.javafx.tk.quantum.GlassViewEventHandler.handleMouseEvent(GlassViewEventHandler.java:449)
	at javafx.graphics/com.sun.glass.ui.View.handleMouseEvent(View.java:551)
	at javafx.graphics/com.sun.glass.ui.View.notifyMouse(View.java:937)
	at javafx.graphics/com.sun.glass.ui.win.WinApplication._enterNestedEventLoopImpl(Native Method)
	at javafx.graphics/com.sun.glass.ui.win.WinApplication._enterNestedEventLoop(WinApplication.java:211)
	at javafx.graphics/com.sun.glass.ui.Application.enterNestedEventLoop(Application.java:515)
	at javafx.graphics/com.sun.glass.ui.EventLoop.enter(EventLoop.java:107)
	at javafx.graphics/com.sun.javafx.tk.quantum.QuantumToolkit.enterNestedEventLoop(QuantumToolkit.java:630)
	at javafx.graphics/javafx.stage.Stage.showAndWait(Stage.java:469)
	at net.etfbl.org.userControllers.UserMainWindowController.openChatDIalog(UserMainWindowController.java:375)
	at java.base/jdk.internal.reflect.NativeMethodAccessorImpl.invoke0(Native Method)
	at java.base/jdk.internal.reflect.NativeMethodAccessorImpl.invoke(NativeMethodAccessorImpl.java:77)
	at java.base/jdk.internal.reflect.DelegatingMethodAccessorImpl.invoke(DelegatingMethodAccessorImpl.java:43)
	at java.base/java.lang.reflect.Method.invoke(Method.java:568)
	at com.sun.javafx.reflect.Trampoline.invoke(MethodUtil.java:77)
	at jdk.internal.reflect.GeneratedMethodAccessor2.invoke(Unknown Source)
	at java.base/jdk.internal.reflect.DelegatingMethodAccessorImpl.invoke(DelegatingMethodAccessorImpl.java:43)
	at java.base/java.lang.reflect.Method.invoke(Method.java:568)
	at javafx.base/com.sun.javafx.reflect.MethodUtil.invoke(MethodUtil.java:275)
	at javafx.fxml/com.sun.javafx.fxml.MethodHelper.invoke(MethodHelper.java:84)
	at javafx.fxml/javafx.fxml.FXMLLoader$MethodHandler.invoke(FXMLLoader.java:1852)
	at javafx.fxml/javafx.fxml.FXMLLoader$ControllerMethodEventHandler.handle(FXMLLoader.java:1724)
	at javafx.base/com.sun.javafx.event.CompositeEventHandler.dispatchBubblingEvent(CompositeEventHandler.java:86)
	at javafx.base/com.sun.javafx.event.EventHandlerManager.dispatchBubblingEvent(EventHandlerManager.java:234)
	at javafx.base/com.sun.javafx.event.EventHandlerManager.dispatchBubblingEvent(EventHandlerManager.java:191)
	at javafx.base/com.sun.javafx.event.CompositeEventDispatcher.dispatchBubblingEvent(CompositeEventDispatcher.java:59)
	at javafx.base/com.sun.javafx.event.BasicEventDispatcher.dispatchEvent(BasicEventDispatcher.java:58)
	at javafx.base/com.sun.javafx.event.EventDispatchChainImpl.dispatchEvent(EventDispatchChainImpl.java:114)
	at javafx.base/com.sun.javafx.event.BasicEventDispatcher.dispatchEvent(BasicEventDispatcher.java:56)
	at javafx.base/com.sun.javafx.event.EventDispatchChainImpl.dispatchEvent(EventDispatchChainImpl.java:114)
	at javafx.base/com.sun.javafx.event.BasicEventDispatcher.dispatchEvent(BasicEventDispatcher.java:56)
	at javafx.base/com.sun.javafx.event.EventDispatchChainImpl.dispatchEvent(EventDispatchChainImpl.java:114)
	at javafx.base/com.sun.javafx.event.EventUtil.fireEventImpl(EventUtil.java:74)
	at javafx.base/com.sun.javafx.event.EventUtil.fireEvent(EventUtil.java:49)
	at javafx.base/javafx.event.Event.fireEvent(Event.java:198)
	at javafx.graphics/javafx.scene.Node.fireEvent(Node.java:8792)
	at javafx.controls/javafx.scene.control.Button.fire(Button.java:203)
	at javafx.controls/com.sun.javafx.scene.control.behavior.ButtonBehavior.mouseReleased(ButtonBehavior.java:208)
	at javafx.controls/com.sun.javafx.scene.control.inputmap.InputMap.handle(InputMap.java:274)
	at javafx.base/com.sun.javafx.event.CompositeEventHandler$NormalEventHandlerRecord.handleBubblingEvent(CompositeEventHandler.java:247)
	at javafx.base/com.sun.javafx.event.CompositeEventHandler.dispatchBubblingEvent(CompositeEventHandler.java:80)
	at javafx.base/com.sun.javafx.event.EventHandlerManager.dispatchBubblingEvent(EventHandlerManager.java:234)
	at javafx.base/com.sun.javafx.event.EventHandlerManager.dispatchBubblingEvent(EventHandlerManager.java:191)
	at javafx.base/com.sun.javafx.event.CompositeEventDispatcher.dispatchBubblingEvent(CompositeEventDispatcher.java:59)
	at javafx.base/com.sun.javafx.event.BasicEventDispatcher.dispatchEvent(BasicEventDispatcher.java:58)
	at javafx.base/com.sun.javafx.event.EventDispatchChainImpl.dispatchEvent(EventDispatchChainImpl.java:114)
	at javafx.base/com.sun.javafx.event.BasicEventDispatcher.dispatchEvent(BasicEventDispatcher.java:56)
	at javafx.base/com.sun.javafx.event.EventDispatchChainImpl.dispatchEvent(EventDispatchChainImpl.java:114)
	at javafx.base/com.sun.javafx.event.BasicEventDispatcher.dispatchEvent(BasicEventDispatcher.java:56)
	at javafx.base/com.sun.javafx.event.EventDispatchChainImpl.dispatchEvent(EventDispatchChainImpl.java:114)
	at javafx.base/com.sun.javafx.event.EventUtil.fireEventImpl(EventUtil.java:74)
	at javafx.base/com.sun.javafx.event.EventUtil.fireEvent(EventUtil.java:54)
	at javafx.base/javafx.event.Event.fireEvent(Event.java:198)
	at javafx.graphics/javafx.scene.Scene$MouseHandler.process(Scene.java:3897)
	at javafx.graphics/javafx.scene.Scene.processMouseEvent(Scene.java:1878)
	at javafx.graphics/javafx.scene.Scene$ScenePeerListener.mouseEvent(Scene.java:2623)
	at javafx.graphics/com.sun.javafx.tk.quantum.GlassViewEventHandler$MouseEventNotification.run(GlassViewEventHandler.java:411)
	at javafx.graphics/com.sun.javafx.tk.quantum.GlassViewEventHandler$MouseEventNotification.run(GlassViewEventHandler.java:301)
	at java.base/java.security.AccessController.doPrivileged(AccessController.java:399)
	at javafx.graphics/com.sun.javafx.tk.quantum.GlassViewEventHandler.lambda$handleMouseEvent$2(GlassViewEventHandler.java:450)
	at javafx.graphics/com.sun.javafx.tk.quantum.QuantumToolkit.runWithoutRenderLock(QuantumToolkit.java:423)
	at javafx.graphics/com.sun.javafx.tk.quantum.GlassViewEventHandler.handleMouseEvent(GlassViewEventHandler.java:449)
	at javafx.graphics/com.sun.glass.ui.View.handleMouseEvent(View.java:551)
	at javafx.graphics/com.sun.glass.ui.View.notifyMouse(View.java:937)
	at javafx.graphics/com.sun.glass.ui.win.WinApplication._runLoop(Native Method)
	at javafx.graphics/com.sun.glass.ui.win.WinApplication.lambda$runLoop$3(WinApplication.java:184)
	at java.base/java.lang.Thread.run(Thread.java:842)
Caused by: java.security.NoSuchAlgorithmException: Error constructing implementation (algorithm: Default, provider: SunJSSE, class: sun.security.ssl.SSLContextImpl$DefaultSSLContext)
	at java.base/java.security.Provider$Service.newInstance(Provider.java:1880)
	at java.base/sun.security.jca.GetInstance.getInstance(GetInstance.java:236)
	at java.base/sun.security.jca.GetInstance.getInstance(GetInstance.java:164)
	at java.base/javax.net.ssl.SSLContext.getInstance(SSLContext.java:185)
	at java.base/javax.net.ssl.SSLContext.getDefault(SSLContext.java:110)
	at java.base/javax.net.ssl.SSLSocketFactory.getDefault(SSLSocketFactory.java:83)
	at net.etfbl.org.userControllers.ChatController.sendMessage(ChatController.java:162)
	... 118 more
Caused by: java.security.KeyManagementException: problem accessing trust store
	at java.base/sun.security.ssl.SSLContextImpl$DefaultManagersHolder.<clinit>(SSLContextImpl.java:942)
	at java.base/sun.security.ssl.SSLContextImpl$DefaultSSLContext.<init>(SSLContextImpl.java:1111)
	at java.base/jdk.internal.reflect.NativeConstructorAccessorImpl.newInstance0(Native Method)
	at java.base/jdk.internal.reflect.NativeConstructorAccessorImpl.newInstance(NativeConstructorAccessorImpl.java:77)
	at java.base/jdk.internal.reflect.DelegatingConstructorAccessorImpl.newInstance(DelegatingConstructorAccessorImpl.java:45)
	at java.base/java.lang.reflect.Constructor.newInstanceWithCaller(Constructor.java:499)
	at java.base/java.lang.reflect.Constructor.newInstance(Constructor.java:480)
	at java.base/java.security.Provider$Service.newInstanceOf(Provider.java:1891)
	at java.base/java.security.Provider$Service.newInstanceUtil(Provider.java:1898)
	at java.base/java.security.Provider$Service.newInstance(Provider.java:1873)
	at java.base/sun.security.jca.GetInstance.getInstance(GetInstance.java:236)
	at java.base/sun.security.jca.GetInstance.getInstance(GetInstance.java:164)
	at java.base/javax.net.ssl.SSLContext.getInstance(SSLContext.java:185)
	at java.base/javax.net.ssl.SSLContext.getDefault(SSLContext.java:110)
	at java.base/javax.net.ssl.SSLSocketFactory.getDefault(SSLSocketFactory.java:83)
	at net.etfbl.org.userControllers.ChatController.readMessage(ChatController.java:122)
	... 118 more

нов 25, 2024 6:48:09 ПО ПОДНЕ net.etfbl.org.userControllers.ChatController readMessage
SEVERE: 
java.net.SocketException: java.security.NoSuchAlgorithmException: Error constructing implementation (algorithm: Default, provider: SunJSSE, class: sun.security.ssl.SSLContextImpl$DefaultSSLContext)
	at java.base/javax.net.ssl.DefaultSSLSocketFactory.throwException(SSLSocketFactory.java:267)
	at java.base/javax.net.ssl.DefaultSSLSocketFactory.createSocket(SSLSocketFactory.java:281)
	at net.etfbl.org.userControllers.ChatController.readMessage(ChatController.java:123)
	at java.base/jdk.internal.reflect.NativeMethodAccessorImpl.invoke0(Native Method)
	at java.base/jdk.internal.reflect.NativeMethodAccessorImpl.invoke(NativeMethodAccessorImpl.java:77)
	at java.base/jdk.internal.reflect.DelegatingMethodAccessorImpl.invoke(DelegatingMethodAccessorImpl.java:43)
	at java.base/java.lang.reflect.Method.invoke(Method.java:568)
	at com.sun.javafx.reflect.Trampoline.invoke(MethodUtil.java:77)
	at jdk.internal.reflect.GeneratedMethodAccessor2.invoke(Unknown Source)
	at java.base/jdk.internal.reflect.DelegatingMethodAccessorImpl.invoke(DelegatingMethodAccessorImpl.java:43)
	at java.base/java.lang.reflect.Method.invoke(Method.java:568)
	at javafx.base/com.sun.javafx.reflect.MethodUtil.invoke(MethodUtil.java:275)
	at javafx.fxml/com.sun.javafx.fxml.MethodHelper.invoke(MethodHelper.java:84)
	at javafx.fxml/javafx.fxml.FXMLLoader$MethodHandler.invoke(FXMLLoader.java:1852)
	at javafx.fxml/javafx.fxml.FXMLLoader$ControllerMethodEventHandler.handle(FXMLLoader.java:1724)
	at javafx.base/com.sun.javafx.event.CompositeEventHandler.dispatchBubblingEvent(CompositeEventHandler.java:86)
	at javafx.base/com.sun.javafx.event.EventHandlerManager.dispatchBubblingEvent(EventHandlerManager.java:234)
	at javafx.base/com.sun.javafx.event.EventHandlerManager.dispatchBubblingEvent(EventHandlerManager.java:191)
	at javafx.base/com.sun.javafx.event.CompositeEventDispatcher.dispatchBubblingEvent(CompositeEventDispatcher.java:59)
	at javafx.base/com.sun.javafx.event.BasicEventDispatcher.dispatchEvent(BasicEventDispatcher.java:58)
	at javafx.base/com.sun.javafx.event.EventDispatchChainImpl.dispatchEvent(EventDispatchChainImpl.java:114)
	at javafx.base/com.sun.javafx.event.BasicEventDispatcher.dispatchEvent(BasicEventDispatcher.java:56)
	at javafx.base/com.sun.javafx.event.EventDispatchChainImpl.dispatchEvent(EventDispatchChainImpl.java:114)
	at javafx.base/com.sun.javafx.event.BasicEventDispatcher.dispatchEvent(BasicEventDispatcher.java:56)
	at javafx.base/com.sun.javafx.event.EventDispatchChainImpl.dispatchEvent(EventDispatchChainImpl.java:114)
	at javafx.base/com.sun.javafx.event.EventUtil.fireEventImpl(EventUtil.java:74)
	at javafx.base/com.sun.javafx.event.EventUtil.fireEvent(EventUtil.java:49)
	at javafx.base/javafx.event.Event.fireEvent(Event.java:198)
	at javafx.graphics/javafx.scene.Node.fireEvent(Node.java:8792)
	at javafx.controls/javafx.scene.control.Button.fire(Button.java:203)
	at javafx.controls/com.sun.javafx.scene.control.behavior.ButtonBehavior.mouseReleased(ButtonBehavior.java:208)
	at javafx.controls/com.sun.javafx.scene.control.inputmap.InputMap.handle(InputMap.java:274)
	at javafx.base/com.sun.javafx.event.CompositeEventHandler$NormalEventHandlerRecord.handleBubblingEvent(CompositeEventHandler.java:247)
	at javafx.base/com.sun.javafx.event.CompositeEventHandler.dispatchBubblingEvent(CompositeEventHandler.java:80)
	at javafx.base/com.sun.javafx.event.EventHandlerManager.dispatchBubblingEvent(EventHandlerManager.java:234)
	at javafx.base/com.sun.javafx.event.EventHandlerManager.dispatchBubblingEvent(EventHandlerManager.java:191)
	at javafx.base/com.sun.javafx.event.CompositeEventDispatcher.dispatchBubblingEvent(CompositeEventDispatcher.java:59)
	at javafx.base/com.sun.javafx.event.BasicEventDispatcher.dispatchEvent(BasicEventDispatcher.java:58)
	at javafx.base/com.sun.javafx.event.EventDispatchChainImpl.dispatchEvent(EventDispatchChainImpl.java:114)
	at javafx.base/com.sun.javafx.event.BasicEventDispatcher.dispatchEvent(BasicEventDispatcher.java:56)
	at javafx.base/com.sun.javafx.event.EventDispatchChainImpl.dispatchEvent(EventDispatchChainImpl.java:114)
	at javafx.base/com.sun.javafx.event.BasicEventDispatcher.dispatchEvent(BasicEventDispatcher.java:56)
	at javafx.base/com.sun.javafx.event.EventDispatchChainImpl.dispatchEvent(EventDispatchChainImpl.java:114)
	at javafx.base/com.sun.javafx.event.EventUtil.fireEventImpl(EventUtil.java:74)
	at javafx.base/com.sun.javafx.event.EventUtil.fireEvent(EventUtil.java:49)
	at javafx.base/javafx.event.Event.fireEvent(Event.java:198)
	at javafx.graphics/javafx.scene.Scene$MouseHandler.process(Scene.java:3897)
	at javafx.graphics/javafx.scene.Scene.processMouseEvent(Scene.java:1878)
	at javafx.graphics/javafx.scene.Scene$ScenePeerListener.mouseEvent(Scene.java:2623)
	at javafx.graphics/com.sun.javafx.tk.quantum.GlassViewEventHandler$MouseEventNotification.run(GlassViewEventHandler.java:411)
	at javafx.graphics/com.sun.javafx.tk.quantum.GlassViewEventHandler$MouseEventNotification.run(GlassViewEventHandler.java:301)
	at java.base/java.security.AccessController.doPrivileged(AccessController.java:399)
	at javafx.graphics/com.sun.javafx.tk.quantum.GlassViewEventHandler.lambda$handleMouseEvent$2(GlassViewEventHandler.java:450)
	at javafx.graphics/com.sun.javafx.tk.quantum.QuantumToolkit.runWithoutRenderLock(QuantumToolkit.java:423)
	at javafx.graphics/com.sun.javafx.tk.quantum.GlassViewEventHandler.handleMouseEvent(GlassViewEventHandler.java:449)
	at javafx.graphics/com.sun.glass.ui.View.handleMouseEvent(View.java:551)
	at javafx.graphics/com.sun.glass.ui.View.notifyMouse(View.java:937)
	at javafx.graphics/com.sun.glass.ui.win.WinApplication._enterNestedEventLoopImpl(Native Method)
	at javafx.graphics/com.sun.glass.ui.win.WinApplication._enterNestedEventLoop(WinApplication.java:211)
	at javafx.graphics/com.sun.glass.ui.Application.enterNestedEventLoop(Application.java:515)
	at javafx.graphics/com.sun.glass.ui.EventLoop.enter(EventLoop.java:107)
	at javafx.graphics/com.sun.javafx.tk.quantum.QuantumToolkit.enterNestedEventLoop(QuantumToolkit.java:630)
	at javafx.graphics/javafx.stage.Stage.showAndWait(Stage.java:469)
	at net.etfbl.org.userControllers.UserMainWindowController.openChatDIalog(UserMainWindowController.java:375)
	at java.base/jdk.internal.reflect.NativeMethodAccessorImpl.invoke0(Native Method)
	at java.base/jdk.internal.reflect.NativeMethodAccessorImpl.invoke(NativeMethodAccessorImpl.java:77)
	at java.base/jdk.internal.reflect.DelegatingMethodAccessorImpl.invoke(DelegatingMethodAccessorImpl.java:43)
	at java.base/java.lang.reflect.Method.invoke(Method.java:568)
	at com.sun.javafx.reflect.Trampoline.invoke(MethodUtil.java:77)
	at jdk.internal.reflect.GeneratedMethodAccessor2.invoke(Unknown Source)
	at java.base/jdk.internal.reflect.DelegatingMethodAccessorImpl.invoke(DelegatingMethodAccessorImpl.java:43)
	at java.base/java.lang.reflect.Method.invoke(Method.java:568)
	at javafx.base/com.sun.javafx.reflect.MethodUtil.invoke(MethodUtil.java:275)
	at javafx.fxml/com.sun.javafx.fxml.MethodHelper.invoke(MethodHelper.java:84)
	at javafx.fxml/javafx.fxml.FXMLLoader$MethodHandler.invoke(FXMLLoader.java:1852)
	at javafx.fxml/javafx.fxml.FXMLLoader$ControllerMethodEventHandler.handle(FXMLLoader.java:1724)
	at javafx.base/com.sun.javafx.event.CompositeEventHandler.dispatchBubblingEvent(CompositeEventHandler.java:86)
	at javafx.base/com.sun.javafx.event.EventHandlerManager.dispatchBubblingEvent(EventHandlerManager.java:234)
	at javafx.base/com.sun.javafx.event.EventHandlerManager.dispatchBubblingEvent(EventHandlerManager.java:191)
	at javafx.base/com.sun.javafx.event.CompositeEventDispatcher.dispatchBubblingEvent(CompositeEventDispatcher.java:59)
	at javafx.base/com.sun.javafx.event.BasicEventDispatcher.dispatchEvent(BasicEventDispatcher.java:58)
	at javafx.base/com.sun.javafx.event.EventDispatchChainImpl.dispatchEvent(EventDispatchChainImpl.java:114)
	at javafx.base/com.sun.javafx.event.BasicEventDispatcher.dispatchEvent(BasicEventDispatcher.java:56)
	at javafx.base/com.sun.javafx.event.EventDispatchChainImpl.dispatchEvent(EventDispatchChainImpl.java:114)
	at javafx.base/com.sun.javafx.event.BasicEventDispatcher.dispatchEvent(BasicEventDispatcher.java:56)
	at javafx.base/com.sun.javafx.event.EventDispatchChainImpl.dispatchEvent(EventDispatchChainImpl.java:114)
	at javafx.base/com.sun.javafx.event.EventUtil.fireEventImpl(EventUtil.java:74)
	at javafx.base/com.sun.javafx.event.EventUtil.fireEvent(EventUtil.java:49)
	at javafx.base/javafx.event.Event.fireEvent(Event.java:198)
	at javafx.graphics/javafx.scene.Node.fireEvent(Node.java:8792)
	at javafx.controls/javafx.scene.control.Button.fire(Button.java:203)
	at javafx.controls/com.sun.javafx.scene.control.behavior.ButtonBehavior.mouseReleased(ButtonBehavior.java:208)
	at javafx.controls/com.sun.javafx.scene.control.inputmap.InputMap.handle(InputMap.java:274)
	at javafx.base/com.sun.javafx.event.CompositeEventHandler$NormalEventHandlerRecord.handleBubblingEvent(CompositeEventHandler.java:247)
	at javafx.base/com.sun.javafx.event.CompositeEventHandler.dispatchBubblingEvent(CompositeEventHandler.java:80)
	at javafx.base/com.sun.javafx.event.EventHandlerManager.dispatchBubblingEvent(EventHandlerManager.java:234)
	at javafx.base/com.sun.javafx.event.EventHandlerManager.dispatchBubblingEvent(EventHandlerManager.java:191)
	at javafx.base/com.sun.javafx.event.CompositeEventDispatcher.dispatchBubblingEvent(CompositeEventDispatcher.java:59)
	at javafx.base/com.sun.javafx.event.BasicEventDispatcher.dispatchEvent(BasicEventDispatcher.java:58)
	at javafx.base/com.sun.javafx.event.EventDispatchChainImpl.dispatchEvent(EventDispatchChainImpl.java:114)
	at javafx.base/com.sun.javafx.event.BasicEventDispatcher.dispatchEvent(BasicEventDispatcher.java:56)
	at javafx.base/com.sun.javafx.event.EventDispatchChainImpl.dispatchEvent(EventDispatchChainImpl.java:114)
	at javafx.base/com.sun.javafx.event.BasicEventDispatcher.dispatchEvent(BasicEventDispatcher.java:56)
	at javafx.base/com.sun.javafx.event.EventDispatchChainImpl.dispatchEvent(EventDispatchChainImpl.java:114)
	at javafx.base/com.sun.javafx.event.EventUtil.fireEventImpl(EventUtil.java:74)
	at javafx.base/com.sun.javafx.event.EventUtil.fireEvent(EventUtil.java:54)
	at javafx.base/javafx.event.Event.fireEvent(Event.java:198)
	at javafx.graphics/javafx.scene.Scene$MouseHandler.process(Scene.java:3897)
	at javafx.graphics/javafx.scene.Scene.processMouseEvent(Scene.java:1878)
	at javafx.graphics/javafx.scene.Scene$ScenePeerListener.mouseEvent(Scene.java:2623)
	at javafx.graphics/com.sun.javafx.tk.quantum.GlassViewEventHandler$MouseEventNotification.run(GlassViewEventHandler.java:411)
	at javafx.graphics/com.sun.javafx.tk.quantum.GlassViewEventHandler$MouseEventNotification.run(GlassViewEventHandler.java:301)
	at java.base/java.security.AccessController.doPrivileged(AccessController.java:399)
	at javafx.graphics/com.sun.javafx.tk.quantum.GlassViewEventHandler.lambda$handleMouseEvent$2(GlassViewEventHandler.java:450)
	at javafx.graphics/com.sun.javafx.tk.quantum.QuantumToolkit.runWithoutRenderLock(QuantumToolkit.java:423)
	at javafx.graphics/com.sun.javafx.tk.quantum.GlassViewEventHandler.handleMouseEvent(GlassViewEventHandler.java:449)
	at javafx.graphics/com.sun.glass.ui.View.handleMouseEvent(View.java:551)
	at javafx.graphics/com.sun.glass.ui.View.notifyMouse(View.java:937)
	at javafx.graphics/com.sun.glass.ui.win.WinApplication._runLoop(Native Method)
	at javafx.graphics/com.sun.glass.ui.win.WinApplication.lambda$runLoop$3(WinApplication.java:184)
	at java.base/java.lang.Thread.run(Thread.java:842)
Caused by: java.security.NoSuchAlgorithmException: Error constructing implementation (algorithm: Default, provider: SunJSSE, class: sun.security.ssl.SSLContextImpl$DefaultSSLContext)
	at java.base/java.security.Provider$Service.newInstance(Provider.java:1880)
	at java.base/sun.security.jca.GetInstance.getInstance(GetInstance.java:236)
	at java.base/sun.security.jca.GetInstance.getInstance(GetInstance.java:164)
	at java.base/javax.net.ssl.SSLContext.getInstance(SSLContext.java:185)
	at java.base/javax.net.ssl.SSLContext.getDefault(SSLContext.java:110)
	at java.base/javax.net.ssl.SSLSocketFactory.getDefault(SSLSocketFactory.java:83)
	at net.etfbl.org.userControllers.ChatController.readMessage(ChatController.java:122)
	... 118 more
Caused by: java.security.KeyManagementException: problem accessing trust store
	at java.base/sun.security.ssl.SSLContextImpl$DefaultManagersHolder.<clinit>(SSLContextImpl.java:942)
	at java.base/sun.security.ssl.SSLContextImpl$DefaultSSLContext.<init>(SSLContextImpl.java:1111)
	at java.base/jdk.internal.reflect.NativeConstructorAccessorImpl.newInstance0(Native Method)
	at java.base/jdk.internal.reflect.NativeConstructorAccessorImpl.newInstance(NativeConstructorAccessorImpl.java:77)
	at java.base/jdk.internal.reflect.DelegatingConstructorAccessorImpl.newInstance(DelegatingConstructorAccessorImpl.java:45)
	at java.base/java.lang.reflect.Constructor.newInstanceWithCaller(Constructor.java:499)
	at java.base/java.lang.reflect.Constructor.newInstance(Constructor.java:480)
	at java.base/java.security.Provider$Service.newInstanceOf(Provider.java:1891)
	at java.base/java.security.Provider$Service.newInstanceUtil(Provider.java:1898)
	at java.base/java.security.Provider$Service.newInstance(Provider.java:1873)
	... 124 more

нов 25, 2024 6:48:10 ПО ПОДНЕ net.etfbl.org.userControllers.ChatController readMessage
SEVERE: 
java.net.SocketException: java.security.NoSuchAlgorithmException: Error constructing implementation (algorithm: Default, provider: SunJSSE, class: sun.security.ssl.SSLContextImpl$DefaultSSLContext)
	at java.base/javax.net.ssl.DefaultSSLSocketFactory.throwException(SSLSocketFactory.java:267)
	at java.base/javax.net.ssl.DefaultSSLSocketFactory.createSocket(SSLSocketFactory.java:281)
	at net.etfbl.org.userControllers.ChatController.readMessage(ChatController.java:123)
	at java.base/jdk.internal.reflect.NativeMethodAccessorImpl.invoke0(Native Method)
	at java.base/jdk.internal.reflect.NativeMethodAccessorImpl.invoke(NativeMethodAccessorImpl.java:77)
	at java.base/jdk.internal.reflect.DelegatingMethodAccessorImpl.invoke(DelegatingMethodAccessorImpl.java:43)
	at java.base/java.lang.reflect.Method.invoke(Method.java:568)
	at com.sun.javafx.reflect.Trampoline.invoke(MethodUtil.java:77)
	at jdk.internal.reflect.GeneratedMethodAccessor2.invoke(Unknown Source)
	at java.base/jdk.internal.reflect.DelegatingMethodAccessorImpl.invoke(DelegatingMethodAccessorImpl.java:43)
	at java.base/java.lang.reflect.Method.invoke(Method.java:568)
	at javafx.base/com.sun.javafx.reflect.MethodUtil.invoke(MethodUtil.java:275)
	at javafx.fxml/com.sun.javafx.fxml.MethodHelper.invoke(MethodHelper.java:84)
	at javafx.fxml/javafx.fxml.FXMLLoader$MethodHandler.invoke(FXMLLoader.java:1852)
	at javafx.fxml/javafx.fxml.FXMLLoader$ControllerMethodEventHandler.handle(FXMLLoader.java:1724)
	at javafx.base/com.sun.javafx.event.CompositeEventHandler.dispatchBubblingEvent(CompositeEventHandler.java:86)
	at javafx.base/com.sun.javafx.event.EventHandlerManager.dispatchBubblingEvent(EventHandlerManager.java:234)
	at javafx.base/com.sun.javafx.event.EventHandlerManager.dispatchBubblingEvent(EventHandlerManager.java:191)
	at javafx.base/com.sun.javafx.event.CompositeEventDispatcher.dispatchBubblingEvent(CompositeEventDispatcher.java:59)
	at javafx.base/com.sun.javafx.event.BasicEventDispatcher.dispatchEvent(BasicEventDispatcher.java:58)
	at javafx.base/com.sun.javafx.event.EventDispatchChainImpl.dispatchEvent(EventDispatchChainImpl.java:114)
	at javafx.base/com.sun.javafx.event.BasicEventDispatcher.dispatchEvent(BasicEventDispatcher.java:56)
	at javafx.base/com.sun.javafx.event.EventDispatchChainImpl.dispatchEvent(EventDispatchChainImpl.java:114)
	at javafx.base/com.sun.javafx.event.BasicEventDispatcher.dispatchEvent(BasicEventDispatcher.java:56)
	at javafx.base/com.sun.javafx.event.EventDispatchChainImpl.dispatchEvent(EventDispatchChainImpl.java:114)
	at javafx.base/com.sun.javafx.event.EventUtil.fireEventImpl(EventUtil.java:74)
	at javafx.base/com.sun.javafx.event.EventUtil.fireEvent(EventUtil.java:49)
	at javafx.base/javafx.event.Event.fireEvent(Event.java:198)
	at javafx.graphics/javafx.scene.Node.fireEvent(Node.java:8792)
	at javafx.controls/javafx.scene.control.Button.fire(Button.java:203)
	at javafx.controls/com.sun.javafx.scene.control.behavior.ButtonBehavior.mouseReleased(ButtonBehavior.java:208)
	at javafx.controls/com.sun.javafx.scene.control.inputmap.InputMap.handle(InputMap.java:274)
	at javafx.base/com.sun.javafx.event.CompositeEventHandler$NormalEventHandlerRecord.handleBubblingEvent(CompositeEventHandler.java:247)
	at javafx.base/com.sun.javafx.event.CompositeEventHandler.dispatchBubblingEvent(CompositeEventHandler.java:80)
	at javafx.base/com.sun.javafx.event.EventHandlerManager.dispatchBubblingEvent(EventHandlerManager.java:234)
	at javafx.base/com.sun.javafx.event.EventHandlerManager.dispatchBubblingEvent(EventHandlerManager.java:191)
	at javafx.base/com.sun.javafx.event.CompositeEventDispatcher.dispatchBubblingEvent(CompositeEventDispatcher.java:59)
	at javafx.base/com.sun.javafx.event.BasicEventDispatcher.dispatchEvent(BasicEventDispatcher.java:58)
	at javafx.base/com.sun.javafx.event.EventDispatchChainImpl.dispatchEvent(EventDispatchChainImpl.java:114)
	at javafx.base/com.sun.javafx.event.BasicEventDispatcher.dispatchEvent(BasicEventDispatcher.java:56)
	at javafx.base/com.sun.javafx.event.EventDispatchChainImpl.dispatchEvent(EventDispatchChainImpl.java:114)
	at javafx.base/com.sun.javafx.event.BasicEventDispatcher.dispatchEvent(BasicEventDispatcher.java:56)
	at javafx.base/com.sun.javafx.event.EventDispatchChainImpl.dispatchEvent(EventDispatchChainImpl.java:114)
	at javafx.base/com.sun.javafx.event.EventUtil.fireEventImpl(EventUtil.java:74)
	at javafx.base/com.sun.javafx.event.EventUtil.fireEvent(EventUtil.java:49)
	at javafx.base/javafx.event.Event.fireEvent(Event.java:198)
	at javafx.graphics/javafx.scene.Scene$MouseHandler.process(Scene.java:3897)
	at javafx.graphics/javafx.scene.Scene.processMouseEvent(Scene.java:1878)
	at javafx.graphics/javafx.scene.Scene$ScenePeerListener.mouseEvent(Scene.java:2623)
	at javafx.graphics/com.sun.javafx.tk.quantum.GlassViewEventHandler$MouseEventNotification.run(GlassViewEventHandler.java:411)
	at javafx.graphics/com.sun.javafx.tk.quantum.GlassViewEventHandler$MouseEventNotification.run(GlassViewEventHandler.java:301)
	at java.base/java.security.AccessController.doPrivileged(AccessController.java:399)
	at javafx.graphics/com.sun.javafx.tk.quantum.GlassViewEventHandler.lambda$handleMouseEvent$2(GlassViewEventHandler.java:450)
	at javafx.graphics/com.sun.javafx.tk.quantum.QuantumToolkit.runWithoutRenderLock(QuantumToolkit.java:423)
	at javafx.graphics/com.sun.javafx.tk.quantum.GlassViewEventHandler.handleMouseEvent(GlassViewEventHandler.java:449)
	at javafx.graphics/com.sun.glass.ui.View.handleMouseEvent(View.java:551)
	at javafx.graphics/com.sun.glass.ui.View.notifyMouse(View.java:937)
	at javafx.graphics/com.sun.glass.ui.win.WinApplication._enterNestedEventLoopImpl(Native Method)
	at javafx.graphics/com.sun.glass.ui.win.WinApplication._enterNestedEventLoop(WinApplication.java:211)
	at javafx.graphics/com.sun.glass.ui.Application.enterNestedEventLoop(Application.java:515)
	at javafx.graphics/com.sun.glass.ui.EventLoop.enter(EventLoop.java:107)
	at javafx.graphics/com.sun.javafx.tk.quantum.QuantumToolkit.enterNestedEventLoop(QuantumToolkit.java:630)
	at javafx.graphics/javafx.stage.Stage.showAndWait(Stage.java:469)
	at net.etfbl.org.userControllers.UserMainWindowController.openChatDIalog(UserMainWindowController.java:375)
	at java.base/jdk.internal.reflect.NativeMethodAccessorImpl.invoke0(Native Method)
	at java.base/jdk.internal.reflect.NativeMethodAccessorImpl.invoke(NativeMethodAccessorImpl.java:77)
	at java.base/jdk.internal.reflect.DelegatingMethodAccessorImpl.invoke(DelegatingMethodAccessorImpl.java:43)
	at java.base/java.lang.reflect.Method.invoke(Method.java:568)
	at com.sun.javafx.reflect.Trampoline.invoke(MethodUtil.java:77)
	at jdk.internal.reflect.GeneratedMethodAccessor2.invoke(Unknown Source)
	at java.base/jdk.internal.reflect.DelegatingMethodAccessorImpl.invoke(DelegatingMethodAccessorImpl.java:43)
	at java.base/java.lang.reflect.Method.invoke(Method.java:568)
	at javafx.base/com.sun.javafx.reflect.MethodUtil.invoke(MethodUtil.java:275)
	at javafx.fxml/com.sun.javafx.fxml.MethodHelper.invoke(MethodHelper.java:84)
	at javafx.fxml/javafx.fxml.FXMLLoader$MethodHandler.invoke(FXMLLoader.java:1852)
	at javafx.fxml/javafx.fxml.FXMLLoader$ControllerMethodEventHandler.handle(FXMLLoader.java:1724)
	at javafx.base/com.sun.javafx.event.CompositeEventHandler.dispatchBubblingEvent(CompositeEventHandler.java:86)
	at javafx.base/com.sun.javafx.event.EventHandlerManager.dispatchBubblingEvent(EventHandlerManager.java:234)
	at javafx.base/com.sun.javafx.event.EventHandlerManager.dispatchBubblingEvent(EventHandlerManager.java:191)
	at javafx.base/com.sun.javafx.event.CompositeEventDispatcher.dispatchBubblingEvent(CompositeEventDispatcher.java:59)
	at javafx.base/com.sun.javafx.event.BasicEventDispatcher.dispatchEvent(BasicEventDispatcher.java:58)
	at javafx.base/com.sun.javafx.event.EventDispatchChainImpl.dispatchEvent(EventDispatchChainImpl.java:114)
	at javafx.base/com.sun.javafx.event.BasicEventDispatcher.dispatchEvent(BasicEventDispatcher.java:56)
	at javafx.base/com.sun.javafx.event.EventDispatchChainImpl.dispatchEvent(EventDispatchChainImpl.java:114)
	at javafx.base/com.sun.javafx.event.BasicEventDispatcher.dispatchEvent(BasicEventDispatcher.java:56)
	at javafx.base/com.sun.javafx.event.EventDispatchChainImpl.dispatchEvent(EventDispatchChainImpl.java:114)
	at javafx.base/com.sun.javafx.event.EventUtil.fireEventImpl(EventUtil.java:74)
	at javafx.base/com.sun.javafx.event.EventUtil.fireEvent(EventUtil.java:49)
	at javafx.base/javafx.event.Event.fireEvent(Event.java:198)
	at javafx.graphics/javafx.scene.Node.fireEvent(Node.java:8792)
	at javafx.controls/javafx.scene.control.Button.fire(Button.java:203)
	at javafx.controls/com.sun.javafx.scene.control.behavior.ButtonBehavior.mouseReleased(ButtonBehavior.java:208)
	at javafx.controls/com.sun.javafx.scene.control.inputmap.InputMap.handle(InputMap.java:274)
	at javafx.base/com.sun.javafx.event.CompositeEventHandler$NormalEventHandlerRecord.handleBubblingEvent(CompositeEventHandler.java:247)
	at javafx.base/com.sun.javafx.event.CompositeEventHandler.dispatchBubblingEvent(CompositeEventHandler.java:80)
	at javafx.base/com.sun.javafx.event.EventHandlerManager.dispatchBubblingEvent(EventHandlerManager.java:234)
	at javafx.base/com.sun.javafx.event.EventHandlerManager.dispatchBubblingEvent(EventHandlerManager.java:191)
	at javafx.base/com.sun.javafx.event.CompositeEventDispatcher.dispatchBubblingEvent(CompositeEventDispatcher.java:59)
	at javafx.base/com.sun.javafx.event.BasicEventDispatcher.dispatchEvent(BasicEventDispatcher.java:58)
	at javafx.base/com.sun.javafx.event.EventDispatchChainImpl.dispatchEvent(EventDispatchChainImpl.java:114)
	at javafx.base/com.sun.javafx.event.BasicEventDispatcher.dispatchEvent(BasicEventDispatcher.java:56)
	at javafx.base/com.sun.javafx.event.EventDispatchChainImpl.dispatchEvent(EventDispatchChainImpl.java:114)
	at javafx.base/com.sun.javafx.event.BasicEventDispatcher.dispatchEvent(BasicEventDispatcher.java:56)
	at javafx.base/com.sun.javafx.event.EventDispatchChainImpl.dispatchEvent(EventDispatchChainImpl.java:114)
	at javafx.base/com.sun.javafx.event.EventUtil.fireEventImpl(EventUtil.java:74)
	at javafx.base/com.sun.javafx.event.EventUtil.fireEvent(EventUtil.java:54)
	at javafx.base/javafx.event.Event.fireEvent(Event.java:198)
	at javafx.graphics/javafx.scene.Scene$MouseHandler.process(Scene.java:3897)
	at javafx.graphics/javafx.scene.Scene.processMouseEvent(Scene.java:1878)
	at javafx.graphics/javafx.scene.Scene$ScenePeerListener.mouseEvent(Scene.java:2623)
	at javafx.graphics/com.sun.javafx.tk.quantum.GlassViewEventHandler$MouseEventNotification.run(GlassViewEventHandler.java:411)
	at javafx.graphics/com.sun.javafx.tk.quantum.GlassViewEventHandler$MouseEventNotification.run(GlassViewEventHandler.java:301)
	at java.base/java.security.AccessController.doPrivileged(AccessController.java:399)
	at javafx.graphics/com.sun.javafx.tk.quantum.GlassViewEventHandler.lambda$handleMouseEvent$2(GlassViewEventHandler.java:450)
	at javafx.graphics/com.sun.javafx.tk.quantum.QuantumToolkit.runWithoutRenderLock(QuantumToolkit.java:423)
	at javafx.graphics/com.sun.javafx.tk.quantum.GlassViewEventHandler.handleMouseEvent(GlassViewEventHandler.java:449)
	at javafx.graphics/com.sun.glass.ui.View.handleMouseEvent(View.java:551)
	at javafx.graphics/com.sun.glass.ui.View.notifyMouse(View.java:937)
	at javafx.graphics/com.sun.glass.ui.win.WinApplication._runLoop(Native Method)
	at javafx.graphics/com.sun.glass.ui.win.WinApplication.lambda$runLoop$3(WinApplication.java:184)
	at java.base/java.lang.Thread.run(Thread.java:842)
Caused by: java.security.NoSuchAlgorithmException: Error constructing implementation (algorithm: Default, provider: SunJSSE, class: sun.security.ssl.SSLContextImpl$DefaultSSLContext)
	at java.base/java.security.Provider$Service.newInstance(Provider.java:1880)
	at java.base/sun.security.jca.GetInstance.getInstance(GetInstance.java:236)
	at java.base/sun.security.jca.GetInstance.getInstance(GetInstance.java:164)
	at java.base/javax.net.ssl.SSLContext.getInstance(SSLContext.java:185)
	at java.base/javax.net.ssl.SSLContext.getDefault(SSLContext.java:110)
	at java.base/javax.net.ssl.SSLSocketFactory.getDefault(SSLSocketFactory.java:83)
	at net.etfbl.org.userControllers.ChatController.readMessage(ChatController.java:122)
	... 118 more
Caused by: java.security.KeyManagementException: problem accessing trust store
	at java.base/sun.security.ssl.SSLContextImpl$DefaultManagersHolder.<clinit>(SSLContextImpl.java:942)
	at java.base/sun.security.ssl.SSLContextImpl$DefaultSSLContext.<init>(SSLContextImpl.java:1111)
	at java.base/jdk.internal.reflect.NativeConstructorAccessorImpl.newInstance0(Native Method)
	at java.base/jdk.internal.reflect.NativeConstructorAccessorImpl.newInstance(NativeConstructorAccessorImpl.java:77)
	at java.base/jdk.internal.reflect.DelegatingConstructorAccessorImpl.newInstance(DelegatingConstructorAccessorImpl.java:45)
	at java.base/java.lang.reflect.Constructor.newInstanceWithCaller(Constructor.java:499)
	at java.base/java.lang.reflect.Constructor.newInstance(Constructor.java:480)
	at java.base/java.security.Provider$Service.newInstanceOf(Provider.java:1891)
	at java.base/java.security.Provider$Service.newInstanceUtil(Provider.java:1898)
	at java.base/java.security.Provider$Service.newInstance(Provider.java:1873)
	... 124 more

нов 25, 2024 6:48:17 ПО ПОДНЕ net.etfbl.org.userControllers.ChatController sendMessage
SEVERE: 
java.net.SocketException: java.security.NoSuchAlgorithmException: Error constructing implementation (algorithm: Default, provider: SunJSSE, class: sun.security.ssl.SSLContextImpl$DefaultSSLContext)
	at java.base/javax.net.ssl.DefaultSSLSocketFactory.throwException(SSLSocketFactory.java:267)
	at java.base/javax.net.ssl.DefaultSSLSocketFactory.createSocket(SSLSocketFactory.java:281)
	at net.etfbl.org.userControllers.ChatController.sendMessage(ChatController.java:163)
	at java.base/jdk.internal.reflect.NativeMethodAccessorImpl.invoke0(Native Method)
	at java.base/jdk.internal.reflect.NativeMethodAccessorImpl.invoke(NativeMethodAccessorImpl.java:77)
	at java.base/jdk.internal.reflect.DelegatingMethodAccessorImpl.invoke(DelegatingMethodAccessorImpl.java:43)
	at java.base/java.lang.reflect.Method.invoke(Method.java:568)
	at com.sun.javafx.reflect.Trampoline.invoke(MethodUtil.java:77)
	at jdk.internal.reflect.GeneratedMethodAccessor2.invoke(Unknown Source)
	at java.base/jdk.internal.reflect.DelegatingMethodAccessorImpl.invoke(DelegatingMethodAccessorImpl.java:43)
	at java.base/java.lang.reflect.Method.invoke(Method.java:568)
	at javafx.base/com.sun.javafx.reflect.MethodUtil.invoke(MethodUtil.java:275)
	at javafx.fxml/com.sun.javafx.fxml.MethodHelper.invoke(MethodHelper.java:84)
	at javafx.fxml/javafx.fxml.FXMLLoader$MethodHandler.invoke(FXMLLoader.java:1852)
	at javafx.fxml/javafx.fxml.FXMLLoader$ControllerMethodEventHandler.handle(FXMLLoader.java:1724)
	at javafx.base/com.sun.javafx.event.CompositeEventHandler.dispatchBubblingEvent(CompositeEventHandler.java:86)
	at javafx.base/com.sun.javafx.event.EventHandlerManager.dispatchBubblingEvent(EventHandlerManager.java:234)
	at javafx.base/com.sun.javafx.event.EventHandlerManager.dispatchBubblingEvent(EventHandlerManager.java:191)
	at javafx.base/com.sun.javafx.event.CompositeEventDispatcher.dispatchBubblingEvent(CompositeEventDispatcher.java:59)
	at javafx.base/com.sun.javafx.event.BasicEventDispatcher.dispatchEvent(BasicEventDispatcher.java:58)
	at javafx.base/com.sun.javafx.event.EventDispatchChainImpl.dispatchEvent(EventDispatchChainImpl.java:114)
	at javafx.base/com.sun.javafx.event.BasicEventDispatcher.dispatchEvent(BasicEventDispatcher.java:56)
	at javafx.base/com.sun.javafx.event.EventDispatchChainImpl.dispatchEvent(EventDispatchChainImpl.java:114)
	at javafx.base/com.sun.javafx.event.BasicEventDispatcher.dispatchEvent(BasicEventDispatcher.java:56)
	at javafx.base/com.sun.javafx.event.EventDispatchChainImpl.dispatchEvent(EventDispatchChainImpl.java:114)
	at javafx.base/com.sun.javafx.event.EventUtil.fireEventImpl(EventUtil.java:74)
	at javafx.base/com.sun.javafx.event.EventUtil.fireEvent(EventUtil.java:49)
	at javafx.base/javafx.event.Event.fireEvent(Event.java:198)
	at javafx.graphics/javafx.scene.Node.fireEvent(Node.java:8792)
	at javafx.controls/javafx.scene.control.Button.fire(Button.java:203)
	at javafx.controls/com.sun.javafx.scene.control.behavior.ButtonBehavior.mouseReleased(ButtonBehavior.java:208)
	at javafx.controls/com.sun.javafx.scene.control.inputmap.InputMap.handle(InputMap.java:274)
	at javafx.base/com.sun.javafx.event.CompositeEventHandler$NormalEventHandlerRecord.handleBubblingEvent(CompositeEventHandler.java:247)
	at javafx.base/com.sun.javafx.event.CompositeEventHandler.dispatchBubblingEvent(CompositeEventHandler.java:80)
	at javafx.base/com.sun.javafx.event.EventHandlerManager.dispatchBubblingEvent(EventHandlerManager.java:234)
	at javafx.base/com.sun.javafx.event.EventHandlerManager.dispatchBubblingEvent(EventHandlerManager.java:191)
	at javafx.base/com.sun.javafx.event.CompositeEventDispatcher.dispatchBubblingEvent(CompositeEventDispatcher.java:59)
	at javafx.base/com.sun.javafx.event.BasicEventDispatcher.dispatchEvent(BasicEventDispatcher.java:58)
	at javafx.base/com.sun.javafx.event.EventDispatchChainImpl.dispatchEvent(EventDispatchChainImpl.java:114)
	at javafx.base/com.sun.javafx.event.BasicEventDispatcher.dispatchEvent(BasicEventDispatcher.java:56)
	at javafx.base/com.sun.javafx.event.EventDispatchChainImpl.dispatchEvent(EventDispatchChainImpl.java:114)
	at javafx.base/com.sun.javafx.event.BasicEventDispatcher.dispatchEvent(BasicEventDispatcher.java:56)
	at javafx.base/com.sun.javafx.event.EventDispatchChainImpl.dispatchEvent(EventDispatchChainImpl.java:114)
	at javafx.base/com.sun.javafx.event.EventUtil.fireEventImpl(EventUtil.java:74)
	at javafx.base/com.sun.javafx.event.EventUtil.fireEvent(EventUtil.java:49)
	at javafx.base/javafx.event.Event.fireEvent(Event.java:198)
	at javafx.graphics/javafx.scene.Scene$MouseHandler.process(Scene.java:3897)
	at javafx.graphics/javafx.scene.Scene.processMouseEvent(Scene.java:1878)
	at javafx.graphics/javafx.scene.Scene$ScenePeerListener.mouseEvent(Scene.java:2623)
	at javafx.graphics/com.sun.javafx.tk.quantum.GlassViewEventHandler$MouseEventNotification.run(GlassViewEventHandler.java:411)
	at javafx.graphics/com.sun.javafx.tk.quantum.GlassViewEventHandler$MouseEventNotification.run(GlassViewEventHandler.java:301)
	at java.base/java.security.AccessController.doPrivileged(AccessController.java:399)
	at javafx.graphics/com.sun.javafx.tk.quantum.GlassViewEventHandler.lambda$handleMouseEvent$2(GlassViewEventHandler.java:450)
	at javafx.graphics/com.sun.javafx.tk.quantum.QuantumToolkit.runWithoutRenderLock(QuantumToolkit.java:423)
	at javafx.graphics/com.sun.javafx.tk.quantum.GlassViewEventHandler.handleMouseEvent(GlassViewEventHandler.java:449)
	at javafx.graphics/com.sun.glass.ui.View.handleMouseEvent(View.java:551)
	at javafx.graphics/com.sun.glass.ui.View.notifyMouse(View.java:937)
	at javafx.graphics/com.sun.glass.ui.win.WinApplication._enterNestedEventLoopImpl(Native Method)
	at javafx.graphics/com.sun.glass.ui.win.WinApplication._enterNestedEventLoop(WinApplication.java:211)
	at javafx.graphics/com.sun.glass.ui.Application.enterNestedEventLoop(Application.java:515)
	at javafx.graphics/com.sun.glass.ui.EventLoop.enter(EventLoop.java:107)
	at javafx.graphics/com.sun.javafx.tk.quantum.QuantumToolkit.enterNestedEventLoop(QuantumToolkit.java:630)
	at javafx.graphics/javafx.stage.Stage.showAndWait(Stage.java:469)
	at net.etfbl.org.userControllers.UserMainWindowController.openChatDIalog(UserMainWindowController.java:375)
	at java.base/jdk.internal.reflect.NativeMethodAccessorImpl.invoke0(Native Method)
	at java.base/jdk.internal.reflect.NativeMethodAccessorImpl.invoke(NativeMethodAccessorImpl.java:77)
	at java.base/jdk.internal.reflect.DelegatingMethodAccessorImpl.invoke(DelegatingMethodAccessorImpl.java:43)
	at java.base/java.lang.reflect.Method.invoke(Method.java:568)
	at com.sun.javafx.reflect.Trampoline.invoke(MethodUtil.java:77)
	at jdk.internal.reflect.GeneratedMethodAccessor2.invoke(Unknown Source)
	at java.base/jdk.internal.reflect.DelegatingMethodAccessorImpl.invoke(DelegatingMethodAccessorImpl.java:43)
	at java.base/java.lang.reflect.Method.invoke(Method.java:568)
	at javafx.base/com.sun.javafx.reflect.MethodUtil.invoke(MethodUtil.java:275)
	at javafx.fxml/com.sun.javafx.fxml.MethodHelper.invoke(MethodHelper.java:84)
	at javafx.fxml/javafx.fxml.FXMLLoader$MethodHandler.invoke(FXMLLoader.java:1852)
	at javafx.fxml/javafx.fxml.FXMLLoader$ControllerMethodEventHandler.handle(FXMLLoader.java:1724)
	at javafx.base/com.sun.javafx.event.CompositeEventHandler.dispatchBubblingEvent(CompositeEventHandler.java:86)
	at javafx.base/com.sun.javafx.event.EventHandlerManager.dispatchBubblingEvent(EventHandlerManager.java:234)
	at javafx.base/com.sun.javafx.event.EventHandlerManager.dispatchBubblingEvent(EventHandlerManager.java:191)
	at javafx.base/com.sun.javafx.event.CompositeEventDispatcher.dispatchBubblingEvent(CompositeEventDispatcher.java:59)
	at javafx.base/com.sun.javafx.event.BasicEventDispatcher.dispatchEvent(BasicEventDispatcher.java:58)
	at javafx.base/com.sun.javafx.event.EventDispatchChainImpl.dispatchEvent(EventDispatchChainImpl.java:114)
	at javafx.base/com.sun.javafx.event.BasicEventDispatcher.dispatchEvent(BasicEventDispatcher.java:56)
	at javafx.base/com.sun.javafx.event.EventDispatchChainImpl.dispatchEvent(EventDispatchChainImpl.java:114)
	at javafx.base/com.sun.javafx.event.BasicEventDispatcher.dispatchEvent(BasicEventDispatcher.java:56)
	at javafx.base/com.sun.javafx.event.EventDispatchChainImpl.dispatchEvent(EventDispatchChainImpl.java:114)
	at javafx.base/com.sun.javafx.event.EventUtil.fireEventImpl(EventUtil.java:74)
	at javafx.base/com.sun.javafx.event.EventUtil.fireEvent(EventUtil.java:49)
	at javafx.base/javafx.event.Event.fireEvent(Event.java:198)
	at javafx.graphics/javafx.scene.Node.fireEvent(Node.java:8792)
	at javafx.controls/javafx.scene.control.Button.fire(Button.java:203)
	at javafx.controls/com.sun.javafx.scene.control.behavior.ButtonBehavior.mouseReleased(ButtonBehavior.java:208)
	at javafx.controls/com.sun.javafx.scene.control.inputmap.InputMap.handle(InputMap.java:274)
	at javafx.base/com.sun.javafx.event.CompositeEventHandler$NormalEventHandlerRecord.handleBubblingEvent(CompositeEventHandler.java:247)
	at javafx.base/com.sun.javafx.event.CompositeEventHandler.dispatchBubblingEvent(CompositeEventHandler.java:80)
	at javafx.base/com.sun.javafx.event.EventHandlerManager.dispatchBubblingEvent(EventHandlerManager.java:234)
	at javafx.base/com.sun.javafx.event.EventHandlerManager.dispatchBubblingEvent(EventHandlerManager.java:191)
	at javafx.base/com.sun.javafx.event.CompositeEventDispatcher.dispatchBubblingEvent(CompositeEventDispatcher.java:59)
	at javafx.base/com.sun.javafx.event.BasicEventDispatcher.dispatchEvent(BasicEventDispatcher.java:58)
	at javafx.base/com.sun.javafx.event.EventDispatchChainImpl.dispatchEvent(EventDispatchChainImpl.java:114)
	at javafx.base/com.sun.javafx.event.BasicEventDispatcher.dispatchEvent(BasicEventDispatcher.java:56)
	at javafx.base/com.sun.javafx.event.EventDispatchChainImpl.dispatchEvent(EventDispatchChainImpl.java:114)
	at javafx.base/com.sun.javafx.event.BasicEventDispatcher.dispatchEvent(BasicEventDispatcher.java:56)
	at javafx.base/com.sun.javafx.event.EventDispatchChainImpl.dispatchEvent(EventDispatchChainImpl.java:114)
	at javafx.base/com.sun.javafx.event.EventUtil.fireEventImpl(EventUtil.java:74)
	at javafx.base/com.sun.javafx.event.EventUtil.fireEvent(EventUtil.java:54)
	at javafx.base/javafx.event.Event.fireEvent(Event.java:198)
	at javafx.graphics/javafx.scene.Scene$MouseHandler.process(Scene.java:3897)
	at javafx.graphics/javafx.scene.Scene.processMouseEvent(Scene.java:1878)
	at javafx.graphics/javafx.scene.Scene$ScenePeerListener.mouseEvent(Scene.java:2623)
	at javafx.graphics/com.sun.javafx.tk.quantum.GlassViewEventHandler$MouseEventNotification.run(GlassViewEventHandler.java:411)
	at javafx.graphics/com.sun.javafx.tk.quantum.GlassViewEventHandler$MouseEventNotification.run(GlassViewEventHandler.java:301)
	at java.base/java.security.AccessController.doPrivileged(AccessController.java:399)
	at javafx.graphics/com.sun.javafx.tk.quantum.GlassViewEventHandler.lambda$handleMouseEvent$2(GlassViewEventHandler.java:450)
	at javafx.graphics/com.sun.javafx.tk.quantum.QuantumToolkit.runWithoutRenderLock(QuantumToolkit.java:423)
	at javafx.graphics/com.sun.javafx.tk.quantum.GlassViewEventHandler.handleMouseEvent(GlassViewEventHandler.java:449)
	at javafx.graphics/com.sun.glass.ui.View.handleMouseEvent(View.java:551)
	at javafx.graphics/com.sun.glass.ui.View.notifyMouse(View.java:937)
	at javafx.graphics/com.sun.glass.ui.win.WinApplication._runLoop(Native Method)
	at javafx.graphics/com.sun.glass.ui.win.WinApplication.lambda$runLoop$3(WinApplication.java:184)
	at java.base/java.lang.Thread.run(Thread.java:842)
Caused by: java.security.NoSuchAlgorithmException: Error constructing implementation (algorithm: Default, provider: SunJSSE, class: sun.security.ssl.SSLContextImpl$DefaultSSLContext)
	at java.base/java.security.Provider$Service.newInstance(Provider.java:1880)
	at java.base/sun.security.jca.GetInstance.getInstance(GetInstance.java:236)
	at java.base/sun.security.jca.GetInstance.getInstance(GetInstance.java:164)
	at java.base/javax.net.ssl.SSLContext.getInstance(SSLContext.java:185)
	at java.base/javax.net.ssl.SSLContext.getDefault(SSLContext.java:110)
	at java.base/javax.net.ssl.SSLSocketFactory.getDefault(SSLSocketFactory.java:83)
	at net.etfbl.org.userControllers.ChatController.sendMessage(ChatController.java:162)
	... 118 more
Caused by: java.security.KeyManagementException: problem accessing trust store
	at java.base/sun.security.ssl.SSLContextImpl$DefaultManagersHolder.<clinit>(SSLContextImpl.java:942)
	at java.base/sun.security.ssl.SSLContextImpl$DefaultSSLContext.<init>(SSLContextImpl.java:1111)
	at java.base/jdk.internal.reflect.NativeConstructorAccessorImpl.newInstance0(Native Method)
	at java.base/jdk.internal.reflect.NativeConstructorAccessorImpl.newInstance(NativeConstructorAccessorImpl.java:77)
	at java.base/jdk.internal.reflect.DelegatingConstructorAccessorImpl.newInstance(DelegatingConstructorAccessorImpl.java:45)
	at java.base/java.lang.reflect.Constructor.newInstanceWithCaller(Constructor.java:499)
	at java.base/java.lang.reflect.Constructor.newInstance(Constructor.java:480)
	at java.base/java.security.Provider$Service.newInstanceOf(Provider.java:1891)
	at java.base/java.security.Provider$Service.newInstanceUtil(Provider.java:1898)
	at java.base/java.security.Provider$Service.newInstance(Provider.java:1873)
	at java.base/sun.security.jca.GetInstance.getInstance(GetInstance.java:236)
	at java.base/sun.security.jca.GetInstance.getInstance(GetInstance.java:164)
	at java.base/javax.net.ssl.SSLContext.getInstance(SSLContext.java:185)
	at java.base/javax.net.ssl.SSLContext.getDefault(SSLContext.java:110)
	at java.base/javax.net.ssl.SSLSocketFactory.getDefault(SSLSocketFactory.java:83)
	at net.etfbl.org.userControllers.ChatController.readMessage(ChatController.java:122)
	... 118 more

нов 25, 2024 7:13:35 ПО ПОДНЕ net.etfbl.org.chat.ChatServer main
SEVERE: 
java.net.BindException: Address already in use: bind
	at java.base/sun.nio.ch.Net.bind0(Native Method)
	at java.base/sun.nio.ch.Net.bind(Net.java:555)
	at java.base/sun.nio.ch.Net.bind(Net.java:544)
	at java.base/sun.nio.ch.NioSocketImpl.bind(NioSocketImpl.java:648)
	at java.base/java.net.ServerSocket.bind(ServerSocket.java:388)
	at java.base/java.net.ServerSocket.<init>(ServerSocket.java:274)
	at java.base/java.net.ServerSocket.<init>(ServerSocket.java:218)
	at java.base/javax.net.ssl.SSLServerSocket.<init>(SSLServerSocket.java:136)
	at java.base/sun.security.ssl.SSLServerSocketImpl.<init>(SSLServerSocketImpl.java:72)
	at java.base/sun.security.ssl.SSLServerSocketFactoryImpl.createServerSocket(SSLServerSocketFactoryImpl.java:73)
	at net.etfbl.org.chat.ChatServer.main(ChatServer.java:27)

нов 25, 2024 7:15:01 ПО ПОДНЕ net.etfbl.org.chat.ChatServer main
SEVERE: 
java.net.BindException: Address already in use: bind
	at java.base/sun.nio.ch.Net.bind0(Native Method)
	at java.base/sun.nio.ch.Net.bind(Net.java:555)
	at java.base/sun.nio.ch.Net.bind(Net.java:544)
	at java.base/sun.nio.ch.NioSocketImpl.bind(NioSocketImpl.java:648)
	at java.base/java.net.ServerSocket.bind(ServerSocket.java:388)
	at java.base/java.net.ServerSocket.<init>(ServerSocket.java:274)
	at java.base/java.net.ServerSocket.<init>(ServerSocket.java:218)
	at java.base/javax.net.ssl.SSLServerSocket.<init>(SSLServerSocket.java:136)
	at java.base/sun.security.ssl.SSLServerSocketImpl.<init>(SSLServerSocketImpl.java:72)
	at java.base/sun.security.ssl.SSLServerSocketFactoryImpl.createServerSocket(SSLServerSocketFactoryImpl.java:73)
	at net.etfbl.org.chat.ChatServer.main(ChatServer.java:27)

нов 25, 2024 7:15:12 ПО ПОДНЕ net.etfbl.org.userControllers.UserMainWindowController openChatDIalog
SEVERE: 
javafx.fxml.LoadException: Root value already specified.
/C:/Users/Bojan/MDP_Projekat_2024/UserApp/target/classes/fxmlPages/ChatPage.fxml
/C:/Users/Bojan/MDP_Projekat_2024/UserApp/target/classes/fxmlPages/ChatPage.fxml

	at javafx.fxml/javafx.fxml.FXMLLoader.constructLoadException(FXMLLoader.java:2710)
	at javafx.fxml/javafx.fxml.FXMLLoader.createElement(FXMLLoader.java:2893)
	at javafx.fxml/javafx.fxml.FXMLLoader.processStartElement(FXMLLoader.java:2842)
	at javafx.fxml/javafx.fxml.FXMLLoader.loadImpl(FXMLLoader.java:2641)
	at javafx.fxml/javafx.fxml.FXMLLoader.loadImpl(FXMLLoader.java:2555)
	at javafx.fxml/javafx.fxml.FXMLLoader.load(FXMLLoader.java:2523)
	at net.etfbl.org.userControllers.UserMainWindowController.openChatDIalog(UserMainWindowController.java:367)
	at java.base/jdk.internal.reflect.NativeMethodAccessorImpl.invoke0(Native Method)
	at java.base/jdk.internal.reflect.NativeMethodAccessorImpl.invoke(NativeMethodAccessorImpl.java:77)
	at java.base/jdk.internal.reflect.DelegatingMethodAccessorImpl.invoke(DelegatingMethodAccessorImpl.java:43)
	at java.base/java.lang.reflect.Method.invoke(Method.java:568)
	at com.sun.javafx.reflect.Trampoline.invoke(MethodUtil.java:77)
	at jdk.internal.reflect.GeneratedMethodAccessor2.invoke(Unknown Source)
	at java.base/jdk.internal.reflect.DelegatingMethodAccessorImpl.invoke(DelegatingMethodAccessorImpl.java:43)
	at java.base/java.lang.reflect.Method.invoke(Method.java:568)
	at javafx.base/com.sun.javafx.reflect.MethodUtil.invoke(MethodUtil.java:275)
	at javafx.fxml/com.sun.javafx.fxml.MethodHelper.invoke(MethodHelper.java:84)
	at javafx.fxml/javafx.fxml.FXMLLoader$MethodHandler.invoke(FXMLLoader.java:1852)
	at javafx.fxml/javafx.fxml.FXMLLoader$ControllerMethodEventHandler.handle(FXMLLoader.java:1724)
	at javafx.base/com.sun.javafx.event.CompositeEventHandler.dispatchBubblingEvent(CompositeEventHandler.java:86)
	at javafx.base/com.sun.javafx.event.EventHandlerManager.dispatchBubblingEvent(EventHandlerManager.java:234)
	at javafx.base/com.sun.javafx.event.EventHandlerManager.dispatchBubblingEvent(EventHandlerManager.java:191)
	at javafx.base/com.sun.javafx.event.CompositeEventDispatcher.dispatchBubblingEvent(CompositeEventDispatcher.java:59)
	at javafx.base/com.sun.javafx.event.BasicEventDispatcher.dispatchEvent(BasicEventDispatcher.java:58)
	at javafx.base/com.sun.javafx.event.EventDispatchChainImpl.dispatchEvent(EventDispatchChainImpl.java:114)
	at javafx.base/com.sun.javafx.event.BasicEventDispatcher.dispatchEvent(BasicEventDispatcher.java:56)
	at javafx.base/com.sun.javafx.event.EventDispatchChainImpl.dispatchEvent(EventDispatchChainImpl.java:114)
	at javafx.base/com.sun.javafx.event.BasicEventDispatcher.dispatchEvent(BasicEventDispatcher.java:56)
	at javafx.base/com.sun.javafx.event.EventDispatchChainImpl.dispatchEvent(EventDispatchChainImpl.java:114)
	at javafx.base/com.sun.javafx.event.EventUtil.fireEventImpl(EventUtil.java:74)
	at javafx.base/com.sun.javafx.event.EventUtil.fireEvent(EventUtil.java:49)
	at javafx.base/javafx.event.Event.fireEvent(Event.java:198)
	at javafx.graphics/javafx.scene.Node.fireEvent(Node.java:8792)
	at javafx.controls/javafx.scene.control.Button.fire(Button.java:203)
	at javafx.controls/com.sun.javafx.scene.control.behavior.ButtonBehavior.mouseReleased(ButtonBehavior.java:208)
	at javafx.controls/com.sun.javafx.scene.control.inputmap.InputMap.handle(InputMap.java:274)
	at javafx.base/com.sun.javafx.event.CompositeEventHandler$NormalEventHandlerRecord.handleBubblingEvent(CompositeEventHandler.java:247)
	at javafx.base/com.sun.javafx.event.CompositeEventHandler.dispatchBubblingEvent(CompositeEventHandler.java:80)
	at javafx.base/com.sun.javafx.event.EventHandlerManager.dispatchBubblingEvent(EventHandlerManager.java:234)
	at javafx.base/com.sun.javafx.event.EventHandlerManager.dispatchBubblingEvent(EventHandlerManager.java:191)
	at javafx.base/com.sun.javafx.event.CompositeEventDispatcher.dispatchBubblingEvent(CompositeEventDispatcher.java:59)
	at javafx.base/com.sun.javafx.event.BasicEventDispatcher.dispatchEvent(BasicEventDispatcher.java:58)
	at javafx.base/com.sun.javafx.event.EventDispatchChainImpl.dispatchEvent(EventDispatchChainImpl.java:114)
	at javafx.base/com.sun.javafx.event.BasicEventDispatcher.dispatchEvent(BasicEventDispatcher.java:56)
	at javafx.base/com.sun.javafx.event.EventDispatchChainImpl.dispatchEvent(EventDispatchChainImpl.java:114)
	at javafx.base/com.sun.javafx.event.BasicEventDispatcher.dispatchEvent(BasicEventDispatcher.java:56)
	at javafx.base/com.sun.javafx.event.EventDispatchChainImpl.dispatchEvent(EventDispatchChainImpl.java:114)
	at javafx.base/com.sun.javafx.event.EventUtil.fireEventImpl(EventUtil.java:74)
	at javafx.base/com.sun.javafx.event.EventUtil.fireEvent(EventUtil.java:54)
	at javafx.base/javafx.event.Event.fireEvent(Event.java:198)
	at javafx.graphics/javafx.scene.Scene$MouseHandler.process(Scene.java:3897)
	at javafx.graphics/javafx.scene.Scene.processMouseEvent(Scene.java:1878)
	at javafx.graphics/javafx.scene.Scene$ScenePeerListener.mouseEvent(Scene.java:2623)
	at javafx.graphics/com.sun.javafx.tk.quantum.GlassViewEventHandler$MouseEventNotification.run(GlassViewEventHandler.java:411)
	at javafx.graphics/com.sun.javafx.tk.quantum.GlassViewEventHandler$MouseEventNotification.run(GlassViewEventHandler.java:301)
	at java.base/java.security.AccessController.doPrivileged(AccessController.java:399)
	at javafx.graphics/com.sun.javafx.tk.quantum.GlassViewEventHandler.lambda$handleMouseEvent$2(GlassViewEventHandler.java:450)
	at javafx.graphics/com.sun.javafx.tk.quantum.QuantumToolkit.runWithoutRenderLock(QuantumToolkit.java:423)
	at javafx.graphics/com.sun.javafx.tk.quantum.GlassViewEventHandler.handleMouseEvent(GlassViewEventHandler.java:449)
	at javafx.graphics/com.sun.glass.ui.View.handleMouseEvent(View.java:551)
	at javafx.graphics/com.sun.glass.ui.View.notifyMouse(View.java:937)
	at javafx.graphics/com.sun.glass.ui.win.WinApplication._runLoop(Native Method)
	at javafx.graphics/com.sun.glass.ui.win.WinApplication.lambda$runLoop$3(WinApplication.java:184)
	at java.base/java.lang.Thread.run(Thread.java:842)

нов 25, 2024 7:15:15 ПО ПОДНЕ net.etfbl.org.userControllers.UserMainWindowController openChatDIalog
SEVERE: 
javafx.fxml.LoadException: Root value already specified.
/C:/Users/Bojan/MDP_Projekat_2024/UserApp/target/classes/fxmlPages/ChatPage.fxml
/C:/Users/Bojan/MDP_Projekat_2024/UserApp/target/classes/fxmlPages/ChatPage.fxml

	at javafx.fxml/javafx.fxml.FXMLLoader.constructLoadException(FXMLLoader.java:2710)
	at javafx.fxml/javafx.fxml.FXMLLoader.createElement(FXMLLoader.java:2893)
	at javafx.fxml/javafx.fxml.FXMLLoader.processStartElement(FXMLLoader.java:2842)
	at javafx.fxml/javafx.fxml.FXMLLoader.loadImpl(FXMLLoader.java:2641)
	at javafx.fxml/javafx.fxml.FXMLLoader.loadImpl(FXMLLoader.java:2555)
	at javafx.fxml/javafx.fxml.FXMLLoader.load(FXMLLoader.java:2523)
	at net.etfbl.org.userControllers.UserMainWindowController.openChatDIalog(UserMainWindowController.java:367)
	at java.base/jdk.internal.reflect.NativeMethodAccessorImpl.invoke0(Native Method)
	at java.base/jdk.internal.reflect.NativeMethodAccessorImpl.invoke(NativeMethodAccessorImpl.java:77)
	at java.base/jdk.internal.reflect.DelegatingMethodAccessorImpl.invoke(DelegatingMethodAccessorImpl.java:43)
	at java.base/java.lang.reflect.Method.invoke(Method.java:568)
	at com.sun.javafx.reflect.Trampoline.invoke(MethodUtil.java:77)
	at jdk.internal.reflect.GeneratedMethodAccessor2.invoke(Unknown Source)
	at java.base/jdk.internal.reflect.DelegatingMethodAccessorImpl.invoke(DelegatingMethodAccessorImpl.java:43)
	at java.base/java.lang.reflect.Method.invoke(Method.java:568)
	at javafx.base/com.sun.javafx.reflect.MethodUtil.invoke(MethodUtil.java:275)
	at javafx.fxml/com.sun.javafx.fxml.MethodHelper.invoke(MethodHelper.java:84)
	at javafx.fxml/javafx.fxml.FXMLLoader$MethodHandler.invoke(FXMLLoader.java:1852)
	at javafx.fxml/javafx.fxml.FXMLLoader$ControllerMethodEventHandler.handle(FXMLLoader.java:1724)
	at javafx.base/com.sun.javafx.event.CompositeEventHandler.dispatchBubblingEvent(CompositeEventHandler.java:86)
	at javafx.base/com.sun.javafx.event.EventHandlerManager.dispatchBubblingEvent(EventHandlerManager.java:234)
	at javafx.base/com.sun.javafx.event.EventHandlerManager.dispatchBubblingEvent(EventHandlerManager.java:191)
	at javafx.base/com.sun.javafx.event.CompositeEventDispatcher.dispatchBubblingEvent(CompositeEventDispatcher.java:59)
	at javafx.base/com.sun.javafx.event.BasicEventDispatcher.dispatchEvent(BasicEventDispatcher.java:58)
	at javafx.base/com.sun.javafx.event.EventDispatchChainImpl.dispatchEvent(EventDispatchChainImpl.java:114)
	at javafx.base/com.sun.javafx.event.BasicEventDispatcher.dispatchEvent(BasicEventDispatcher.java:56)
	at javafx.base/com.sun.javafx.event.EventDispatchChainImpl.dispatchEvent(EventDispatchChainImpl.java:114)
	at javafx.base/com.sun.javafx.event.BasicEventDispatcher.dispatchEvent(BasicEventDispatcher.java:56)
	at javafx.base/com.sun.javafx.event.EventDispatchChainImpl.dispatchEvent(EventDispatchChainImpl.java:114)
	at javafx.base/com.sun.javafx.event.EventUtil.fireEventImpl(EventUtil.java:74)
	at javafx.base/com.sun.javafx.event.EventUtil.fireEvent(EventUtil.java:49)
	at javafx.base/javafx.event.Event.fireEvent(Event.java:198)
	at javafx.graphics/javafx.scene.Node.fireEvent(Node.java:8792)
	at javafx.controls/javafx.scene.control.Button.fire(Button.java:203)
	at javafx.controls/com.sun.javafx.scene.control.behavior.ButtonBehavior.mouseReleased(ButtonBehavior.java:208)
	at javafx.controls/com.sun.javafx.scene.control.inputmap.InputMap.handle(InputMap.java:274)
	at javafx.base/com.sun.javafx.event.CompositeEventHandler$NormalEventHandlerRecord.handleBubblingEvent(CompositeEventHandler.java:247)
	at javafx.base/com.sun.javafx.event.CompositeEventHandler.dispatchBubblingEvent(CompositeEventHandler.java:80)
	at javafx.base/com.sun.javafx.event.EventHandlerManager.dispatchBubblingEvent(EventHandlerManager.java:234)
	at javafx.base/com.sun.javafx.event.EventHandlerManager.dispatchBubblingEvent(EventHandlerManager.java:191)
	at javafx.base/com.sun.javafx.event.CompositeEventDispatcher.dispatchBubblingEvent(CompositeEventDispatcher.java:59)
	at javafx.base/com.sun.javafx.event.BasicEventDispatcher.dispatchEvent(BasicEventDispatcher.java:58)
	at javafx.base/com.sun.javafx.event.EventDispatchChainImpl.dispatchEvent(EventDispatchChainImpl.java:114)
	at javafx.base/com.sun.javafx.event.BasicEventDispatcher.dispatchEvent(BasicEventDispatcher.java:56)
	at javafx.base/com.sun.javafx.event.EventDispatchChainImpl.dispatchEvent(EventDispatchChainImpl.java:114)
	at javafx.base/com.sun.javafx.event.BasicEventDispatcher.dispatchEvent(BasicEventDispatcher.java:56)
	at javafx.base/com.sun.javafx.event.EventDispatchChainImpl.dispatchEvent(EventDispatchChainImpl.java:114)
	at javafx.base/com.sun.javafx.event.EventUtil.fireEventImpl(EventUtil.java:74)
	at javafx.base/com.sun.javafx.event.EventUtil.fireEvent(EventUtil.java:54)
	at javafx.base/javafx.event.Event.fireEvent(Event.java:198)
	at javafx.graphics/javafx.scene.Scene$MouseHandler.process(Scene.java:3897)
	at javafx.graphics/javafx.scene.Scene.processMouseEvent(Scene.java:1878)
	at javafx.graphics/javafx.scene.Scene$ScenePeerListener.mouseEvent(Scene.java:2623)
	at javafx.graphics/com.sun.javafx.tk.quantum.GlassViewEventHandler$MouseEventNotification.run(GlassViewEventHandler.java:411)
	at javafx.graphics/com.sun.javafx.tk.quantum.GlassViewEventHandler$MouseEventNotification.run(GlassViewEventHandler.java:301)
	at java.base/java.security.AccessController.doPrivileged(AccessController.java:399)
	at javafx.graphics/com.sun.javafx.tk.quantum.GlassViewEventHandler.lambda$handleMouseEvent$2(GlassViewEventHandler.java:450)
	at javafx.graphics/com.sun.javafx.tk.quantum.QuantumToolkit.runWithoutRenderLock(QuantumToolkit.java:423)
	at javafx.graphics/com.sun.javafx.tk.quantum.GlassViewEventHandler.handleMouseEvent(GlassViewEventHandler.java:449)
	at javafx.graphics/com.sun.glass.ui.View.handleMouseEvent(View.java:551)
	at javafx.graphics/com.sun.glass.ui.View.notifyMouse(View.java:937)
	at javafx.graphics/com.sun.glass.ui.win.WinApplication._runLoop(Native Method)
	at javafx.graphics/com.sun.glass.ui.win.WinApplication.lambda$runLoop$3(WinApplication.java:184)
	at java.base/java.lang.Thread.run(Thread.java:842)

нов 25, 2024 7:25:31 ПО ПОДНЕ net.etfbl.org.chat.ChatServer main
SEVERE: 
java.net.BindException: Address already in use: bind
	at java.base/sun.nio.ch.Net.bind0(Native Method)
	at java.base/sun.nio.ch.Net.bind(Net.java:555)
	at java.base/sun.nio.ch.Net.bind(Net.java:544)
	at java.base/sun.nio.ch.NioSocketImpl.bind(NioSocketImpl.java:648)
	at java.base/java.net.ServerSocket.bind(ServerSocket.java:388)
	at java.base/java.net.ServerSocket.<init>(ServerSocket.java:274)
	at java.base/java.net.ServerSocket.<init>(ServerSocket.java:218)
	at java.base/javax.net.ssl.SSLServerSocket.<init>(SSLServerSocket.java:136)
	at java.base/sun.security.ssl.SSLServerSocketImpl.<init>(SSLServerSocketImpl.java:72)
	at java.base/sun.security.ssl.SSLServerSocketFactoryImpl.createServerSocket(SSLServerSocketFactoryImpl.java:73)
	at net.etfbl.org.chat.ChatServer.main(ChatServer.java:27)

нов 25, 2024 7:25:40 ПО ПОДНЕ net.etfbl.org.userControllers.LoginController login
SEVERE: An error occurred while establishing the connection.
javafx.fxml.LoadException: 
/C:/Users/Bojan/MDP_Projekat_2024/UserApp/target/classes/fxmlPages/UserMainWindow.fxml

	at javafx.fxml/javafx.fxml.FXMLLoader.constructLoadException(FXMLLoader.java:2714)
	at javafx.fxml/javafx.fxml.FXMLLoader.loadImpl(FXMLLoader.java:2692)
	at javafx.fxml/javafx.fxml.FXMLLoader.loadImpl(FXMLLoader.java:2555)
	at javafx.fxml/javafx.fxml.FXMLLoader.load(FXMLLoader.java:2523)
	at net.etfbl.org.userControllers.LoginController.login(LoginController.java:111)
	at java.base/jdk.internal.reflect.NativeMethodAccessorImpl.invoke0(Native Method)
	at java.base/jdk.internal.reflect.NativeMethodAccessorImpl.invoke(NativeMethodAccessorImpl.java:77)
	at java.base/jdk.internal.reflect.DelegatingMethodAccessorImpl.invoke(DelegatingMethodAccessorImpl.java:43)
	at java.base/java.lang.reflect.Method.invoke(Method.java:568)
	at com.sun.javafx.reflect.Trampoline.invoke(MethodUtil.java:77)
	at jdk.internal.reflect.GeneratedMethodAccessor2.invoke(Unknown Source)
	at java.base/jdk.internal.reflect.DelegatingMethodAccessorImpl.invoke(DelegatingMethodAccessorImpl.java:43)
	at java.base/java.lang.reflect.Method.invoke(Method.java:568)
	at javafx.base/com.sun.javafx.reflect.MethodUtil.invoke(MethodUtil.java:275)
	at javafx.fxml/com.sun.javafx.fxml.MethodHelper.invoke(MethodHelper.java:84)
	at javafx.fxml/javafx.fxml.FXMLLoader$MethodHandler.invoke(FXMLLoader.java:1852)
	at javafx.fxml/javafx.fxml.FXMLLoader$ControllerMethodEventHandler.handle(FXMLLoader.java:1724)
	at javafx.base/com.sun.javafx.event.CompositeEventHandler.dispatchBubblingEvent(CompositeEventHandler.java:86)
	at javafx.base/com.sun.javafx.event.EventHandlerManager.dispatchBubblingEvent(EventHandlerManager.java:234)
	at javafx.base/com.sun.javafx.event.EventHandlerManager.dispatchBubblingEvent(EventHandlerManager.java:191)
	at javafx.base/com.sun.javafx.event.CompositeEventDispatcher.dispatchBubblingEvent(CompositeEventDispatcher.java:59)
	at javafx.base/com.sun.javafx.event.BasicEventDispatcher.dispatchEvent(BasicEventDispatcher.java:58)
	at javafx.base/com.sun.javafx.event.EventDispatchChainImpl.dispatchEvent(EventDispatchChainImpl.java:114)
	at javafx.base/com.sun.javafx.event.BasicEventDispatcher.dispatchEvent(BasicEventDispatcher.java:56)
	at javafx.base/com.sun.javafx.event.EventDispatchChainImpl.dispatchEvent(EventDispatchChainImpl.java:114)
	at javafx.base/com.sun.javafx.event.BasicEventDispatcher.dispatchEvent(BasicEventDispatcher.java:56)
	at javafx.base/com.sun.javafx.event.EventDispatchChainImpl.dispatchEvent(EventDispatchChainImpl.java:114)
	at javafx.base/com.sun.javafx.event.EventUtil.fireEventImpl(EventUtil.java:74)
	at javafx.base/com.sun.javafx.event.EventUtil.fireEvent(EventUtil.java:49)
	at javafx.base/javafx.event.Event.fireEvent(Event.java:198)
	at javafx.graphics/javafx.scene.Node.fireEvent(Node.java:8792)
	at javafx.controls/javafx.scene.control.Button.fire(Button.java:203)
	at javafx.controls/com.sun.javafx.scene.control.behavior.ButtonBehavior.keyReleased(ButtonBehavior.java:163)
	at javafx.controls/com.sun.javafx.scene.control.inputmap.InputMap.handle(InputMap.java:274)
	at javafx.base/com.sun.javafx.event.CompositeEventHandler$NormalEventHandlerRecord.handleBubblingEvent(CompositeEventHandler.java:247)
	at javafx.base/com.sun.javafx.event.CompositeEventHandler.dispatchBubblingEvent(CompositeEventHandler.java:80)
	at javafx.base/com.sun.javafx.event.EventHandlerManager.dispatchBubblingEvent(EventHandlerManager.java:234)
	at javafx.base/com.sun.javafx.event.EventHandlerManager.dispatchBubblingEvent(EventHandlerManager.java:191)
	at javafx.base/com.sun.javafx.event.CompositeEventDispatcher.dispatchBubblingEvent(CompositeEventDispatcher.java:59)
	at javafx.base/com.sun.javafx.event.BasicEventDispatcher.dispatchEvent(BasicEventDispatcher.java:58)
	at javafx.base/com.sun.javafx.event.EventDispatchChainImpl.dispatchEvent(EventDispatchChainImpl.java:114)
	at javafx.base/com.sun.javafx.event.BasicEventDispatcher.dispatchEvent(BasicEventDispatcher.java:56)
	at javafx.base/com.sun.javafx.event.EventDispatchChainImpl.dispatchEvent(EventDispatchChainImpl.java:114)
	at javafx.base/com.sun.javafx.event.BasicEventDispatcher.dispatchEvent(BasicEventDispatcher.java:56)
	at javafx.base/com.sun.javafx.event.EventDispatchChainImpl.dispatchEvent(EventDispatchChainImpl.java:114)
	at javafx.base/com.sun.javafx.event.EventUtil.fireEventImpl(EventUtil.java:74)
	at javafx.base/com.sun.javafx.event.EventUtil.fireEvent(EventUtil.java:54)
	at javafx.base/javafx.event.Event.fireEvent(Event.java:198)
	at javafx.graphics/javafx.scene.Scene$KeyHandler.process(Scene.java:4105)
	at javafx.graphics/javafx.scene.Scene.processKeyEvent(Scene.java:2156)
	at javafx.graphics/javafx.scene.Scene$ScenePeerListener.keyEvent(Scene.java:2630)
	at javafx.graphics/com.sun.javafx.tk.quantum.GlassViewEventHandler$KeyEventNotification.run(GlassViewEventHandler.java:218)
	at javafx.graphics/com.sun.javafx.tk.quantum.GlassViewEventHandler$KeyEventNotification.run(GlassViewEventHandler.java:150)
	at java.base/java.security.AccessController.doPrivileged(AccessController.java:399)
	at javafx.graphics/com.sun.javafx.tk.quantum.GlassViewEventHandler.lambda$handleKeyEvent$1(GlassViewEventHandler.java:250)
	at javafx.graphics/com.sun.javafx.tk.quantum.QuantumToolkit.runWithoutRenderLock(QuantumToolkit.java:423)
	at javafx.graphics/com.sun.javafx.tk.quantum.GlassViewEventHandler.handleKeyEvent(GlassViewEventHandler.java:249)
	at javafx.graphics/com.sun.glass.ui.View.handleKeyEvent(View.java:542)
	at javafx.graphics/com.sun.glass.ui.View.notifyKey(View.java:966)
	at javafx.graphics/com.sun.glass.ui.win.WinApplication._runLoop(Native Method)
	at javafx.graphics/com.sun.glass.ui.win.WinApplication.lambda$runLoop$3(WinApplication.java:184)
	at java.base/java.lang.Thread.run(Thread.java:842)
Caused by: java.lang.NullPointerException: Cannot invoke "net.etfbl.org.model.User.getUsername()" because "this.currentUser" is null
	at net.etfbl.org.userControllers.UserMainWindowController.initialize(UserMainWindowController.java:181)
	at javafx.fxml/javafx.fxml.FXMLLoader.loadImpl(FXMLLoader.java:2662)
	... 60 more

нов 25, 2024 7:26:42 ПО ПОДНЕ net.etfbl.org.chat.ChatServer main
SEVERE: 
java.net.BindException: Address already in use: bind
	at java.base/sun.nio.ch.Net.bind0(Native Method)
	at java.base/sun.nio.ch.Net.bind(Net.java:555)
	at java.base/sun.nio.ch.Net.bind(Net.java:544)
	at java.base/sun.nio.ch.NioSocketImpl.bind(NioSocketImpl.java:648)
	at java.base/java.net.ServerSocket.bind(ServerSocket.java:388)
	at java.base/java.net.ServerSocket.<init>(ServerSocket.java:274)
	at java.base/java.net.ServerSocket.<init>(ServerSocket.java:218)
	at java.base/javax.net.ssl.SSLServerSocket.<init>(SSLServerSocket.java:136)
	at java.base/sun.security.ssl.SSLServerSocketImpl.<init>(SSLServerSocketImpl.java:72)
	at java.base/sun.security.ssl.SSLServerSocketFactoryImpl.createServerSocket(SSLServerSocketFactoryImpl.java:73)
	at net.etfbl.org.chat.ChatServer.main(ChatServer.java:27)

нов 25, 2024 7:26:49 ПО ПОДНЕ net.etfbl.org.userControllers.LoginController login
SEVERE: An error occurred while establishing the connection.
javafx.fxml.LoadException: 
/C:/Users/Bojan/MDP_Projekat_2024/UserApp/target/classes/fxmlPages/UserMainWindow.fxml

	at javafx.fxml/javafx.fxml.FXMLLoader.constructLoadException(FXMLLoader.java:2714)
	at javafx.fxml/javafx.fxml.FXMLLoader.loadImpl(FXMLLoader.java:2692)
	at javafx.fxml/javafx.fxml.FXMLLoader.loadImpl(FXMLLoader.java:2555)
	at javafx.fxml/javafx.fxml.FXMLLoader.load(FXMLLoader.java:2523)
	at net.etfbl.org.userControllers.LoginController.login(LoginController.java:111)
	at java.base/jdk.internal.reflect.NativeMethodAccessorImpl.invoke0(Native Method)
	at java.base/jdk.internal.reflect.NativeMethodAccessorImpl.invoke(NativeMethodAccessorImpl.java:77)
	at java.base/jdk.internal.reflect.DelegatingMethodAccessorImpl.invoke(DelegatingMethodAccessorImpl.java:43)
	at java.base/java.lang.reflect.Method.invoke(Method.java:568)
	at com.sun.javafx.reflect.Trampoline.invoke(MethodUtil.java:77)
	at jdk.internal.reflect.GeneratedMethodAccessor2.invoke(Unknown Source)
	at java.base/jdk.internal.reflect.DelegatingMethodAccessorImpl.invoke(DelegatingMethodAccessorImpl.java:43)
	at java.base/java.lang.reflect.Method.invoke(Method.java:568)
	at javafx.base/com.sun.javafx.reflect.MethodUtil.invoke(MethodUtil.java:275)
	at javafx.fxml/com.sun.javafx.fxml.MethodHelper.invoke(MethodHelper.java:84)
	at javafx.fxml/javafx.fxml.FXMLLoader$MethodHandler.invoke(FXMLLoader.java:1852)
	at javafx.fxml/javafx.fxml.FXMLLoader$ControllerMethodEventHandler.handle(FXMLLoader.java:1724)
	at javafx.base/com.sun.javafx.event.CompositeEventHandler.dispatchBubblingEvent(CompositeEventHandler.java:86)
	at javafx.base/com.sun.javafx.event.EventHandlerManager.dispatchBubblingEvent(EventHandlerManager.java:234)
	at javafx.base/com.sun.javafx.event.EventHandlerManager.dispatchBubblingEvent(EventHandlerManager.java:191)
	at javafx.base/com.sun.javafx.event.CompositeEventDispatcher.dispatchBubblingEvent(CompositeEventDispatcher.java:59)
	at javafx.base/com.sun.javafx.event.BasicEventDispatcher.dispatchEvent(BasicEventDispatcher.java:58)
	at javafx.base/com.sun.javafx.event.EventDispatchChainImpl.dispatchEvent(EventDispatchChainImpl.java:114)
	at javafx.base/com.sun.javafx.event.BasicEventDispatcher.dispatchEvent(BasicEventDispatcher.java:56)
	at javafx.base/com.sun.javafx.event.EventDispatchChainImpl.dispatchEvent(EventDispatchChainImpl.java:114)
	at javafx.base/com.sun.javafx.event.BasicEventDispatcher.dispatchEvent(BasicEventDispatcher.java:56)
	at javafx.base/com.sun.javafx.event.EventDispatchChainImpl.dispatchEvent(EventDispatchChainImpl.java:114)
	at javafx.base/com.sun.javafx.event.EventUtil.fireEventImpl(EventUtil.java:74)
	at javafx.base/com.sun.javafx.event.EventUtil.fireEvent(EventUtil.java:49)
	at javafx.base/javafx.event.Event.fireEvent(Event.java:198)
	at javafx.graphics/javafx.scene.Node.fireEvent(Node.java:8792)
	at javafx.controls/javafx.scene.control.Button.fire(Button.java:203)
	at javafx.controls/com.sun.javafx.scene.control.behavior.ButtonBehavior.keyReleased(ButtonBehavior.java:163)
	at javafx.controls/com.sun.javafx.scene.control.inputmap.InputMap.handle(InputMap.java:274)
	at javafx.base/com.sun.javafx.event.CompositeEventHandler$NormalEventHandlerRecord.handleBubblingEvent(CompositeEventHandler.java:247)
	at javafx.base/com.sun.javafx.event.CompositeEventHandler.dispatchBubblingEvent(CompositeEventHandler.java:80)
	at javafx.base/com.sun.javafx.event.EventHandlerManager.dispatchBubblingEvent(EventHandlerManager.java:234)
	at javafx.base/com.sun.javafx.event.EventHandlerManager.dispatchBubblingEvent(EventHandlerManager.java:191)
	at javafx.base/com.sun.javafx.event.CompositeEventDispatcher.dispatchBubblingEvent(CompositeEventDispatcher.java:59)
	at javafx.base/com.sun.javafx.event.BasicEventDispatcher.dispatchEvent(BasicEventDispatcher.java:58)
	at javafx.base/com.sun.javafx.event.EventDispatchChainImpl.dispatchEvent(EventDispatchChainImpl.java:114)
	at javafx.base/com.sun.javafx.event.BasicEventDispatcher.dispatchEvent(BasicEventDispatcher.java:56)
	at javafx.base/com.sun.javafx.event.EventDispatchChainImpl.dispatchEvent(EventDispatchChainImpl.java:114)
	at javafx.base/com.sun.javafx.event.BasicEventDispatcher.dispatchEvent(BasicEventDispatcher.java:56)
	at javafx.base/com.sun.javafx.event.EventDispatchChainImpl.dispatchEvent(EventDispatchChainImpl.java:114)
	at javafx.base/com.sun.javafx.event.EventUtil.fireEventImpl(EventUtil.java:74)
	at javafx.base/com.sun.javafx.event.EventUtil.fireEvent(EventUtil.java:54)
	at javafx.base/javafx.event.Event.fireEvent(Event.java:198)
	at javafx.graphics/javafx.scene.Scene$KeyHandler.process(Scene.java:4105)
	at javafx.graphics/javafx.scene.Scene.processKeyEvent(Scene.java:2156)
	at javafx.graphics/javafx.scene.Scene$ScenePeerListener.keyEvent(Scene.java:2630)
	at javafx.graphics/com.sun.javafx.tk.quantum.GlassViewEventHandler$KeyEventNotification.run(GlassViewEventHandler.java:218)
	at javafx.graphics/com.sun.javafx.tk.quantum.GlassViewEventHandler$KeyEventNotification.run(GlassViewEventHandler.java:150)
	at java.base/java.security.AccessController.doPrivileged(AccessController.java:399)
	at javafx.graphics/com.sun.javafx.tk.quantum.GlassViewEventHandler.lambda$handleKeyEvent$1(GlassViewEventHandler.java:250)
	at javafx.graphics/com.sun.javafx.tk.quantum.QuantumToolkit.runWithoutRenderLock(QuantumToolkit.java:423)
	at javafx.graphics/com.sun.javafx.tk.quantum.GlassViewEventHandler.handleKeyEvent(GlassViewEventHandler.java:249)
	at javafx.graphics/com.sun.glass.ui.View.handleKeyEvent(View.java:542)
	at javafx.graphics/com.sun.glass.ui.View.notifyKey(View.java:966)
	at javafx.graphics/com.sun.glass.ui.win.WinApplication._runLoop(Native Method)
	at javafx.graphics/com.sun.glass.ui.win.WinApplication.lambda$runLoop$3(WinApplication.java:184)
	at java.base/java.lang.Thread.run(Thread.java:842)
Caused by: java.lang.NullPointerException: Cannot invoke "net.etfbl.org.model.User.getUsername()" because "this.currentUser" is null
	at net.etfbl.org.userControllers.UserMainWindowController.initialize(UserMainWindowController.java:181)
	at javafx.fxml/javafx.fxml.FXMLLoader.loadImpl(FXMLLoader.java:2662)
	... 60 more

нов 25, 2024 7:31:28 ПО ПОДНЕ net.etfbl.org.userControllers.LoginController login
SEVERE: An error occurred while establishing the connection.
javafx.fxml.LoadException: 
/C:/Users/Bojan/MDP_Projekat_2024/UserApp/target/classes/fxmlPages/UserMainWindow.fxml

	at javafx.fxml/javafx.fxml.FXMLLoader.constructLoadException(FXMLLoader.java:2714)
	at javafx.fxml/javafx.fxml.FXMLLoader.loadImpl(FXMLLoader.java:2692)
	at javafx.fxml/javafx.fxml.FXMLLoader.loadImpl(FXMLLoader.java:2555)
	at javafx.fxml/javafx.fxml.FXMLLoader.load(FXMLLoader.java:2523)
	at net.etfbl.org.userControllers.LoginController.login(LoginController.java:111)
	at java.base/jdk.internal.reflect.NativeMethodAccessorImpl.invoke0(Native Method)
	at java.base/jdk.internal.reflect.NativeMethodAccessorImpl.invoke(NativeMethodAccessorImpl.java:77)
	at java.base/jdk.internal.reflect.DelegatingMethodAccessorImpl.invoke(DelegatingMethodAccessorImpl.java:43)
	at java.base/java.lang.reflect.Method.invoke(Method.java:568)
	at com.sun.javafx.reflect.Trampoline.invoke(MethodUtil.java:77)
	at jdk.internal.reflect.GeneratedMethodAccessor2.invoke(Unknown Source)
	at java.base/jdk.internal.reflect.DelegatingMethodAccessorImpl.invoke(DelegatingMethodAccessorImpl.java:43)
	at java.base/java.lang.reflect.Method.invoke(Method.java:568)
	at javafx.base/com.sun.javafx.reflect.MethodUtil.invoke(MethodUtil.java:275)
	at javafx.fxml/com.sun.javafx.fxml.MethodHelper.invoke(MethodHelper.java:84)
	at javafx.fxml/javafx.fxml.FXMLLoader$MethodHandler.invoke(FXMLLoader.java:1852)
	at javafx.fxml/javafx.fxml.FXMLLoader$ControllerMethodEventHandler.handle(FXMLLoader.java:1724)
	at javafx.base/com.sun.javafx.event.CompositeEventHandler.dispatchBubblingEvent(CompositeEventHandler.java:86)
	at javafx.base/com.sun.javafx.event.EventHandlerManager.dispatchBubblingEvent(EventHandlerManager.java:234)
	at javafx.base/com.sun.javafx.event.EventHandlerManager.dispatchBubblingEvent(EventHandlerManager.java:191)
	at javafx.base/com.sun.javafx.event.CompositeEventDispatcher.dispatchBubblingEvent(CompositeEventDispatcher.java:59)
	at javafx.base/com.sun.javafx.event.BasicEventDispatcher.dispatchEvent(BasicEventDispatcher.java:58)
	at javafx.base/com.sun.javafx.event.EventDispatchChainImpl.dispatchEvent(EventDispatchChainImpl.java:114)
	at javafx.base/com.sun.javafx.event.BasicEventDispatcher.dispatchEvent(BasicEventDispatcher.java:56)
	at javafx.base/com.sun.javafx.event.EventDispatchChainImpl.dispatchEvent(EventDispatchChainImpl.java:114)
	at javafx.base/com.sun.javafx.event.BasicEventDispatcher.dispatchEvent(BasicEventDispatcher.java:56)
	at javafx.base/com.sun.javafx.event.EventDispatchChainImpl.dispatchEvent(EventDispatchChainImpl.java:114)
	at javafx.base/com.sun.javafx.event.EventUtil.fireEventImpl(EventUtil.java:74)
	at javafx.base/com.sun.javafx.event.EventUtil.fireEvent(EventUtil.java:49)
	at javafx.base/javafx.event.Event.fireEvent(Event.java:198)
	at javafx.graphics/javafx.scene.Node.fireEvent(Node.java:8792)
	at javafx.controls/javafx.scene.control.Button.fire(Button.java:203)
	at javafx.controls/com.sun.javafx.scene.control.behavior.ButtonBehavior.mouseReleased(ButtonBehavior.java:208)
	at javafx.controls/com.sun.javafx.scene.control.inputmap.InputMap.handle(InputMap.java:274)
	at javafx.base/com.sun.javafx.event.CompositeEventHandler$NormalEventHandlerRecord.handleBubblingEvent(CompositeEventHandler.java:247)
	at javafx.base/com.sun.javafx.event.CompositeEventHandler.dispatchBubblingEvent(CompositeEventHandler.java:80)
	at javafx.base/com.sun.javafx.event.EventHandlerManager.dispatchBubblingEvent(EventHandlerManager.java:234)
	at javafx.base/com.sun.javafx.event.EventHandlerManager.dispatchBubblingEvent(EventHandlerManager.java:191)
	at javafx.base/com.sun.javafx.event.CompositeEventDispatcher.dispatchBubblingEvent(CompositeEventDispatcher.java:59)
	at javafx.base/com.sun.javafx.event.BasicEventDispatcher.dispatchEvent(BasicEventDispatcher.java:58)
	at javafx.base/com.sun.javafx.event.EventDispatchChainImpl.dispatchEvent(EventDispatchChainImpl.java:114)
	at javafx.base/com.sun.javafx.event.BasicEventDispatcher.dispatchEvent(BasicEventDispatcher.java:56)
	at javafx.base/com.sun.javafx.event.EventDispatchChainImpl.dispatchEvent(EventDispatchChainImpl.java:114)
	at javafx.base/com.sun.javafx.event.BasicEventDispatcher.dispatchEvent(BasicEventDispatcher.java:56)
	at javafx.base/com.sun.javafx.event.EventDispatchChainImpl.dispatchEvent(EventDispatchChainImpl.java:114)
	at javafx.base/com.sun.javafx.event.EventUtil.fireEventImpl(EventUtil.java:74)
	at javafx.base/com.sun.javafx.event.EventUtil.fireEvent(EventUtil.java:54)
	at javafx.base/javafx.event.Event.fireEvent(Event.java:198)
	at javafx.graphics/javafx.scene.Scene$MouseHandler.process(Scene.java:3897)
	at javafx.graphics/javafx.scene.Scene.processMouseEvent(Scene.java:1878)
	at javafx.graphics/javafx.scene.Scene$ScenePeerListener.mouseEvent(Scene.java:2623)
	at javafx.graphics/com.sun.javafx.tk.quantum.GlassViewEventHandler$MouseEventNotification.run(GlassViewEventHandler.java:411)
	at javafx.graphics/com.sun.javafx.tk.quantum.GlassViewEventHandler$MouseEventNotification.run(GlassViewEventHandler.java:301)
	at java.base/java.security.AccessController.doPrivileged(AccessController.java:399)
	at javafx.graphics/com.sun.javafx.tk.quantum.GlassViewEventHandler.lambda$handleMouseEvent$2(GlassViewEventHandler.java:450)
	at javafx.graphics/com.sun.javafx.tk.quantum.QuantumToolkit.runWithoutRenderLock(QuantumToolkit.java:423)
	at javafx.graphics/com.sun.javafx.tk.quantum.GlassViewEventHandler.handleMouseEvent(GlassViewEventHandler.java:449)
	at javafx.graphics/com.sun.glass.ui.View.handleMouseEvent(View.java:551)
	at javafx.graphics/com.sun.glass.ui.View.notifyMouse(View.java:937)
	at javafx.graphics/com.sun.glass.ui.win.WinApplication._runLoop(Native Method)
	at javafx.graphics/com.sun.glass.ui.win.WinApplication.lambda$runLoop$3(WinApplication.java:184)
	at java.base/java.lang.Thread.run(Thread.java:842)
Caused by: java.lang.NullPointerException: Cannot invoke "net.etfbl.org.model.User.getUsername()" because "this.currentUser" is null
	at net.etfbl.org.userControllers.UserMainWindowController.initialize(UserMainWindowController.java:181)
	at javafx.fxml/javafx.fxml.FXMLLoader.loadImpl(FXMLLoader.java:2662)
	... 60 more

нов 25, 2024 7:32:48 ПО ПОДНЕ net.etfbl.org.chat.ChatServer main
SEVERE: 
java.net.BindException: Address already in use: bind
	at java.base/sun.nio.ch.Net.bind0(Native Method)
	at java.base/sun.nio.ch.Net.bind(Net.java:555)
	at java.base/sun.nio.ch.Net.bind(Net.java:544)
	at java.base/sun.nio.ch.NioSocketImpl.bind(NioSocketImpl.java:648)
	at java.base/java.net.ServerSocket.bind(ServerSocket.java:388)
	at java.base/java.net.ServerSocket.<init>(ServerSocket.java:274)
	at java.base/java.net.ServerSocket.<init>(ServerSocket.java:218)
	at java.base/javax.net.ssl.SSLServerSocket.<init>(SSLServerSocket.java:136)
	at java.base/sun.security.ssl.SSLServerSocketImpl.<init>(SSLServerSocketImpl.java:72)
	at java.base/sun.security.ssl.SSLServerSocketFactoryImpl.createServerSocket(SSLServerSocketFactoryImpl.java:73)
	at net.etfbl.org.chat.ChatServer.main(ChatServer.java:27)

нов 27, 2024 6:14:04 ПО ПОДНЕ net.etfbl.org.userControllers.ChatController readMessage
SEVERE: 
java.net.ConnectException: Connection refused: connect
	at java.base/sun.nio.ch.Net.connect0(Native Method)
	at java.base/sun.nio.ch.Net.connect(Net.java:579)
	at java.base/sun.nio.ch.Net.connect(Net.java:568)
	at java.base/sun.nio.ch.NioSocketImpl.connect(NioSocketImpl.java:593)
	at java.base/java.net.SocksSocketImpl.connect(SocksSocketImpl.java:327)
	at java.base/java.net.Socket.connect(Socket.java:633)
	at java.base/sun.security.ssl.SSLSocketImpl.connect(SSLSocketImpl.java:304)
	at java.base/sun.security.ssl.SSLSocketImpl.<init>(SSLSocketImpl.java:163)
	at java.base/sun.security.ssl.SSLSocketFactoryImpl.createSocket(SSLSocketFactoryImpl.java:88)
	at net.etfbl.org.userControllers.ChatController.readMessage(ChatController.java:125)
	at java.base/jdk.internal.reflect.NativeMethodAccessorImpl.invoke0(Native Method)
	at java.base/jdk.internal.reflect.NativeMethodAccessorImpl.invoke(NativeMethodAccessorImpl.java:77)
	at java.base/jdk.internal.reflect.DelegatingMethodAccessorImpl.invoke(DelegatingMethodAccessorImpl.java:43)
	at java.base/java.lang.reflect.Method.invoke(Method.java:568)
	at com.sun.javafx.reflect.Trampoline.invoke(MethodUtil.java:77)
	at jdk.internal.reflect.GeneratedMethodAccessor2.invoke(Unknown Source)
	at java.base/jdk.internal.reflect.DelegatingMethodAccessorImpl.invoke(DelegatingMethodAccessorImpl.java:43)
	at java.base/java.lang.reflect.Method.invoke(Method.java:568)
	at javafx.base/com.sun.javafx.reflect.MethodUtil.invoke(MethodUtil.java:275)
	at javafx.fxml/com.sun.javafx.fxml.MethodHelper.invoke(MethodHelper.java:84)
	at javafx.fxml/javafx.fxml.FXMLLoader$MethodHandler.invoke(FXMLLoader.java:1852)
	at javafx.fxml/javafx.fxml.FXMLLoader$ControllerMethodEventHandler.handle(FXMLLoader.java:1724)
	at javafx.base/com.sun.javafx.event.CompositeEventHandler.dispatchBubblingEvent(CompositeEventHandler.java:86)
	at javafx.base/com.sun.javafx.event.EventHandlerManager.dispatchBubblingEvent(EventHandlerManager.java:234)
	at javafx.base/com.sun.javafx.event.EventHandlerManager.dispatchBubblingEvent(EventHandlerManager.java:191)
	at javafx.base/com.sun.javafx.event.CompositeEventDispatcher.dispatchBubblingEvent(CompositeEventDispatcher.java:59)
	at javafx.base/com.sun.javafx.event.BasicEventDispatcher.dispatchEvent(BasicEventDispatcher.java:58)
	at javafx.base/com.sun.javafx.event.EventDispatchChainImpl.dispatchEvent(EventDispatchChainImpl.java:114)
	at javafx.base/com.sun.javafx.event.BasicEventDispatcher.dispatchEvent(BasicEventDispatcher.java:56)
	at javafx.base/com.sun.javafx.event.EventDispatchChainImpl.dispatchEvent(EventDispatchChainImpl.java:114)
	at javafx.base/com.sun.javafx.event.BasicEventDispatcher.dispatchEvent(BasicEventDispatcher.java:56)
	at javafx.base/com.sun.javafx.event.EventDispatchChainImpl.dispatchEvent(EventDispatchChainImpl.java:114)
	at javafx.base/com.sun.javafx.event.EventUtil.fireEventImpl(EventUtil.java:74)
	at javafx.base/com.sun.javafx.event.EventUtil.fireEvent(EventUtil.java:49)
	at javafx.base/javafx.event.Event.fireEvent(Event.java:198)
	at javafx.graphics/javafx.scene.Node.fireEvent(Node.java:8792)
	at javafx.controls/javafx.scene.control.Button.fire(Button.java:203)
	at javafx.controls/com.sun.javafx.scene.control.behavior.ButtonBehavior.mouseReleased(ButtonBehavior.java:208)
	at javafx.controls/com.sun.javafx.scene.control.inputmap.InputMap.handle(InputMap.java:274)
	at javafx.base/com.sun.javafx.event.CompositeEventHandler$NormalEventHandlerRecord.handleBubblingEvent(CompositeEventHandler.java:247)
	at javafx.base/com.sun.javafx.event.CompositeEventHandler.dispatchBubblingEvent(CompositeEventHandler.java:80)
	at javafx.base/com.sun.javafx.event.EventHandlerManager.dispatchBubblingEvent(EventHandlerManager.java:234)
	at javafx.base/com.sun.javafx.event.EventHandlerManager.dispatchBubblingEvent(EventHandlerManager.java:191)
	at javafx.base/com.sun.javafx.event.CompositeEventDispatcher.dispatchBubblingEvent(CompositeEventDispatcher.java:59)
	at javafx.base/com.sun.javafx.event.BasicEventDispatcher.dispatchEvent(BasicEventDispatcher.java:58)
	at javafx.base/com.sun.javafx.event.EventDispatchChainImpl.dispatchEvent(EventDispatchChainImpl.java:114)
	at javafx.base/com.sun.javafx.event.BasicEventDispatcher.dispatchEvent(BasicEventDispatcher.java:56)
	at javafx.base/com.sun.javafx.event.EventDispatchChainImpl.dispatchEvent(EventDispatchChainImpl.java:114)
	at javafx.base/com.sun.javafx.event.BasicEventDispatcher.dispatchEvent(BasicEventDispatcher.java:56)
	at javafx.base/com.sun.javafx.event.EventDispatchChainImpl.dispatchEvent(EventDispatchChainImpl.java:114)
	at javafx.base/com.sun.javafx.event.EventUtil.fireEventImpl(EventUtil.java:74)
	at javafx.base/com.sun.javafx.event.EventUtil.fireEvent(EventUtil.java:49)
	at javafx.base/javafx.event.Event.fireEvent(Event.java:198)
	at javafx.graphics/javafx.scene.Scene$MouseHandler.process(Scene.java:3897)
	at javafx.graphics/javafx.scene.Scene.processMouseEvent(Scene.java:1878)
	at javafx.graphics/javafx.scene.Scene$ScenePeerListener.mouseEvent(Scene.java:2623)
	at javafx.graphics/com.sun.javafx.tk.quantum.GlassViewEventHandler$MouseEventNotification.run(GlassViewEventHandler.java:411)
	at javafx.graphics/com.sun.javafx.tk.quantum.GlassViewEventHandler$MouseEventNotification.run(GlassViewEventHandler.java:301)
	at java.base/java.security.AccessController.doPrivileged(AccessController.java:399)
	at javafx.graphics/com.sun.javafx.tk.quantum.GlassViewEventHandler.lambda$handleMouseEvent$2(GlassViewEventHandler.java:450)
	at javafx.graphics/com.sun.javafx.tk.quantum.QuantumToolkit.runWithoutRenderLock(QuantumToolkit.java:423)
	at javafx.graphics/com.sun.javafx.tk.quantum.GlassViewEventHandler.handleMouseEvent(GlassViewEventHandler.java:449)
	at javafx.graphics/com.sun.glass.ui.View.handleMouseEvent(View.java:551)
	at javafx.graphics/com.sun.glass.ui.View.notifyMouse(View.java:937)
	at javafx.graphics/com.sun.glass.ui.win.WinApplication._enterNestedEventLoopImpl(Native Method)
	at javafx.graphics/com.sun.glass.ui.win.WinApplication._enterNestedEventLoop(WinApplication.java:211)
	at javafx.graphics/com.sun.glass.ui.Application.enterNestedEventLoop(Application.java:515)
	at javafx.graphics/com.sun.glass.ui.EventLoop.enter(EventLoop.java:107)
	at javafx.graphics/com.sun.javafx.tk.quantum.QuantumToolkit.enterNestedEventLoop(QuantumToolkit.java:630)
	at javafx.graphics/javafx.stage.Stage.showAndWait(Stage.java:469)
	at net.etfbl.org.userControllers.UserMainWindowController.openChatDIalog(UserMainWindowController.java:380)
	at java.base/jdk.internal.reflect.NativeMethodAccessorImpl.invoke0(Native Method)
	at java.base/jdk.internal.reflect.NativeMethodAccessorImpl.invoke(NativeMethodAccessorImpl.java:77)
	at java.base/jdk.internal.reflect.DelegatingMethodAccessorImpl.invoke(DelegatingMethodAccessorImpl.java:43)
	at java.base/java.lang.reflect.Method.invoke(Method.java:568)
	at com.sun.javafx.reflect.Trampoline.invoke(MethodUtil.java:77)
	at jdk.internal.reflect.GeneratedMethodAccessor2.invoke(Unknown Source)
	at java.base/jdk.internal.reflect.DelegatingMethodAccessorImpl.invoke(DelegatingMethodAccessorImpl.java:43)
	at java.base/java.lang.reflect.Method.invoke(Method.java:568)
	at javafx.base/com.sun.javafx.reflect.MethodUtil.invoke(MethodUtil.java:275)
	at javafx.fxml/com.sun.javafx.fxml.MethodHelper.invoke(MethodHelper.java:84)
	at javafx.fxml/javafx.fxml.FXMLLoader$MethodHandler.invoke(FXMLLoader.java:1852)
	at javafx.fxml/javafx.fxml.FXMLLoader$ControllerMethodEventHandler.handle(FXMLLoader.java:1724)
	at javafx.base/com.sun.javafx.event.CompositeEventHandler.dispatchBubblingEvent(CompositeEventHandler.java:86)
	at javafx.base/com.sun.javafx.event.EventHandlerManager.dispatchBubblingEvent(EventHandlerManager.java:234)
	at javafx.base/com.sun.javafx.event.EventHandlerManager.dispatchBubblingEvent(EventHandlerManager.java:191)
	at javafx.base/com.sun.javafx.event.CompositeEventDispatcher.dispatchBubblingEvent(CompositeEventDispatcher.java:59)
	at javafx.base/com.sun.javafx.event.BasicEventDispatcher.dispatchEvent(BasicEventDispatcher.java:58)
	at javafx.base/com.sun.javafx.event.EventDispatchChainImpl.dispatchEvent(EventDispatchChainImpl.java:114)
	at javafx.base/com.sun.javafx.event.BasicEventDispatcher.dispatchEvent(BasicEventDispatcher.java:56)
	at javafx.base/com.sun.javafx.event.EventDispatchChainImpl.dispatchEvent(EventDispatchChainImpl.java:114)
	at javafx.base/com.sun.javafx.event.BasicEventDispatcher.dispatchEvent(BasicEventDispatcher.java:56)
	at javafx.base/com.sun.javafx.event.EventDispatchChainImpl.dispatchEvent(EventDispatchChainImpl.java:114)
	at javafx.base/com.sun.javafx.event.EventUtil.fireEventImpl(EventUtil.java:74)
	at javafx.base/com.sun.javafx.event.EventUtil.fireEvent(EventUtil.java:49)
	at javafx.base/javafx.event.Event.fireEvent(Event.java:198)
	at javafx.graphics/javafx.scene.Node.fireEvent(Node.java:8792)
	at javafx.controls/javafx.scene.control.Button.fire(Button.java:203)
	at javafx.controls/com.sun.javafx.scene.control.behavior.ButtonBehavior.mouseReleased(ButtonBehavior.java:208)
	at javafx.controls/com.sun.javafx.scene.control.inputmap.InputMap.handle(InputMap.java:274)
	at javafx.base/com.sun.javafx.event.CompositeEventHandler$NormalEventHandlerRecord.handleBubblingEvent(CompositeEventHandler.java:247)
	at javafx.base/com.sun.javafx.event.CompositeEventHandler.dispatchBubblingEvent(CompositeEventHandler.java:80)
	at javafx.base/com.sun.javafx.event.EventHandlerManager.dispatchBubblingEvent(EventHandlerManager.java:234)
	at javafx.base/com.sun.javafx.event.EventHandlerManager.dispatchBubblingEvent(EventHandlerManager.java:191)
	at javafx.base/com.sun.javafx.event.CompositeEventDispatcher.dispatchBubblingEvent(CompositeEventDispatcher.java:59)
	at javafx.base/com.sun.javafx.event.BasicEventDispatcher.dispatchEvent(BasicEventDispatcher.java:58)
	at javafx.base/com.sun.javafx.event.EventDispatchChainImpl.dispatchEvent(EventDispatchChainImpl.java:114)
	at javafx.base/com.sun.javafx.event.BasicEventDispatcher.dispatchEvent(BasicEventDispatcher.java:56)
	at javafx.base/com.sun.javafx.event.EventDispatchChainImpl.dispatchEvent(EventDispatchChainImpl.java:114)
	at javafx.base/com.sun.javafx.event.BasicEventDispatcher.dispatchEvent(BasicEventDispatcher.java:56)
	at javafx.base/com.sun.javafx.event.EventDispatchChainImpl.dispatchEvent(EventDispatchChainImpl.java:114)
	at javafx.base/com.sun.javafx.event.EventUtil.fireEventImpl(EventUtil.java:74)
	at javafx.base/com.sun.javafx.event.EventUtil.fireEvent(EventUtil.java:54)
	at javafx.base/javafx.event.Event.fireEvent(Event.java:198)
	at javafx.graphics/javafx.scene.Scene$MouseHandler.process(Scene.java:3897)
	at javafx.graphics/javafx.scene.Scene.processMouseEvent(Scene.java:1878)
	at javafx.graphics/javafx.scene.Scene$ScenePeerListener.mouseEvent(Scene.java:2623)
	at javafx.graphics/com.sun.javafx.tk.quantum.GlassViewEventHandler$MouseEventNotification.run(GlassViewEventHandler.java:411)
	at javafx.graphics/com.sun.javafx.tk.quantum.GlassViewEventHandler$MouseEventNotification.run(GlassViewEventHandler.java:301)
	at java.base/java.security.AccessController.doPrivileged(AccessController.java:399)
	at javafx.graphics/com.sun.javafx.tk.quantum.GlassViewEventHandler.lambda$handleMouseEvent$2(GlassViewEventHandler.java:450)
	at javafx.graphics/com.sun.javafx.tk.quantum.QuantumToolkit.runWithoutRenderLock(QuantumToolkit.java:423)
	at javafx.graphics/com.sun.javafx.tk.quantum.GlassViewEventHandler.handleMouseEvent(GlassViewEventHandler.java:449)
	at javafx.graphics/com.sun.glass.ui.View.handleMouseEvent(View.java:551)
	at javafx.graphics/com.sun.glass.ui.View.notifyMouse(View.java:937)
	at javafx.graphics/com.sun.glass.ui.win.WinApplication._runLoop(Native Method)
	at javafx.graphics/com.sun.glass.ui.win.WinApplication.lambda$runLoop$3(WinApplication.java:184)
	at java.base/java.lang.Thread.run(Thread.java:842)

нов 27, 2024 6:14:08 ПО ПОДНЕ net.etfbl.org.userControllers.ChatController sendMessage
SEVERE: 
java.net.ConnectException: Connection refused: connect
	at java.base/sun.nio.ch.Net.connect0(Native Method)
	at java.base/sun.nio.ch.Net.connect(Net.java:579)
	at java.base/sun.nio.ch.Net.connect(Net.java:568)
	at java.base/sun.nio.ch.NioSocketImpl.connect(NioSocketImpl.java:593)
	at java.base/java.net.SocksSocketImpl.connect(SocksSocketImpl.java:327)
	at java.base/java.net.Socket.connect(Socket.java:633)
	at java.base/sun.security.ssl.SSLSocketImpl.connect(SSLSocketImpl.java:304)
	at java.base/sun.security.ssl.SSLSocketImpl.<init>(SSLSocketImpl.java:163)
	at java.base/sun.security.ssl.SSLSocketFactoryImpl.createSocket(SSLSocketFactoryImpl.java:88)
	at net.etfbl.org.userControllers.ChatController.sendMessage(ChatController.java:167)
	at java.base/jdk.internal.reflect.NativeMethodAccessorImpl.invoke0(Native Method)
	at java.base/jdk.internal.reflect.NativeMethodAccessorImpl.invoke(NativeMethodAccessorImpl.java:77)
	at java.base/jdk.internal.reflect.DelegatingMethodAccessorImpl.invoke(DelegatingMethodAccessorImpl.java:43)
	at java.base/java.lang.reflect.Method.invoke(Method.java:568)
	at com.sun.javafx.reflect.Trampoline.invoke(MethodUtil.java:77)
	at jdk.internal.reflect.GeneratedMethodAccessor2.invoke(Unknown Source)
	at java.base/jdk.internal.reflect.DelegatingMethodAccessorImpl.invoke(DelegatingMethodAccessorImpl.java:43)
	at java.base/java.lang.reflect.Method.invoke(Method.java:568)
	at javafx.base/com.sun.javafx.reflect.MethodUtil.invoke(MethodUtil.java:275)
	at javafx.fxml/com.sun.javafx.fxml.MethodHelper.invoke(MethodHelper.java:84)
	at javafx.fxml/javafx.fxml.FXMLLoader$MethodHandler.invoke(FXMLLoader.java:1852)
	at javafx.fxml/javafx.fxml.FXMLLoader$ControllerMethodEventHandler.handle(FXMLLoader.java:1724)
	at javafx.base/com.sun.javafx.event.CompositeEventHandler.dispatchBubblingEvent(CompositeEventHandler.java:86)
	at javafx.base/com.sun.javafx.event.EventHandlerManager.dispatchBubblingEvent(EventHandlerManager.java:234)
	at javafx.base/com.sun.javafx.event.EventHandlerManager.dispatchBubblingEvent(EventHandlerManager.java:191)
	at javafx.base/com.sun.javafx.event.CompositeEventDispatcher.dispatchBubblingEvent(CompositeEventDispatcher.java:59)
	at javafx.base/com.sun.javafx.event.BasicEventDispatcher.dispatchEvent(BasicEventDispatcher.java:58)
	at javafx.base/com.sun.javafx.event.EventDispatchChainImpl.dispatchEvent(EventDispatchChainImpl.java:114)
	at javafx.base/com.sun.javafx.event.BasicEventDispatcher.dispatchEvent(BasicEventDispatcher.java:56)
	at javafx.base/com.sun.javafx.event.EventDispatchChainImpl.dispatchEvent(EventDispatchChainImpl.java:114)
	at javafx.base/com.sun.javafx.event.BasicEventDispatcher.dispatchEvent(BasicEventDispatcher.java:56)
	at javafx.base/com.sun.javafx.event.EventDispatchChainImpl.dispatchEvent(EventDispatchChainImpl.java:114)
	at javafx.base/com.sun.javafx.event.EventUtil.fireEventImpl(EventUtil.java:74)
	at javafx.base/com.sun.javafx.event.EventUtil.fireEvent(EventUtil.java:49)
	at javafx.base/javafx.event.Event.fireEvent(Event.java:198)
	at javafx.graphics/javafx.scene.Node.fireEvent(Node.java:8792)
	at javafx.controls/javafx.scene.control.Button.fire(Button.java:203)
	at javafx.controls/com.sun.javafx.scene.control.behavior.ButtonBehavior.mouseReleased(ButtonBehavior.java:208)
	at javafx.controls/com.sun.javafx.scene.control.inputmap.InputMap.handle(InputMap.java:274)
	at javafx.base/com.sun.javafx.event.CompositeEventHandler$NormalEventHandlerRecord.handleBubblingEvent(CompositeEventHandler.java:247)
	at javafx.base/com.sun.javafx.event.CompositeEventHandler.dispatchBubblingEvent(CompositeEventHandler.java:80)
	at javafx.base/com.sun.javafx.event.EventHandlerManager.dispatchBubblingEvent(EventHandlerManager.java:234)
	at javafx.base/com.sun.javafx.event.EventHandlerManager.dispatchBubblingEvent(EventHandlerManager.java:191)
	at javafx.base/com.sun.javafx.event.CompositeEventDispatcher.dispatchBubblingEvent(CompositeEventDispatcher.java:59)
	at javafx.base/com.sun.javafx.event.BasicEventDispatcher.dispatchEvent(BasicEventDispatcher.java:58)
	at javafx.base/com.sun.javafx.event.EventDispatchChainImpl.dispatchEvent(EventDispatchChainImpl.java:114)
	at javafx.base/com.sun.javafx.event.BasicEventDispatcher.dispatchEvent(BasicEventDispatcher.java:56)
	at javafx.base/com.sun.javafx.event.EventDispatchChainImpl.dispatchEvent(EventDispatchChainImpl.java:114)
	at javafx.base/com.sun.javafx.event.BasicEventDispatcher.dispatchEvent(BasicEventDispatcher.java:56)
	at javafx.base/com.sun.javafx.event.EventDispatchChainImpl.dispatchEvent(EventDispatchChainImpl.java:114)
	at javafx.base/com.sun.javafx.event.EventUtil.fireEventImpl(EventUtil.java:74)
	at javafx.base/com.sun.javafx.event.EventUtil.fireEvent(EventUtil.java:49)
	at javafx.base/javafx.event.Event.fireEvent(Event.java:198)
	at javafx.graphics/javafx.scene.Scene$MouseHandler.process(Scene.java:3897)
	at javafx.graphics/javafx.scene.Scene.processMouseEvent(Scene.java:1878)
	at javafx.graphics/javafx.scene.Scene$ScenePeerListener.mouseEvent(Scene.java:2623)
	at javafx.graphics/com.sun.javafx.tk.quantum.GlassViewEventHandler$MouseEventNotification.run(GlassViewEventHandler.java:411)
	at javafx.graphics/com.sun.javafx.tk.quantum.GlassViewEventHandler$MouseEventNotification.run(GlassViewEventHandler.java:301)
	at java.base/java.security.AccessController.doPrivileged(AccessController.java:399)
	at javafx.graphics/com.sun.javafx.tk.quantum.GlassViewEventHandler.lambda$handleMouseEvent$2(GlassViewEventHandler.java:450)
	at javafx.graphics/com.sun.javafx.tk.quantum.QuantumToolkit.runWithoutRenderLock(QuantumToolkit.java:423)
	at javafx.graphics/com.sun.javafx.tk.quantum.GlassViewEventHandler.handleMouseEvent(GlassViewEventHandler.java:449)
	at javafx.graphics/com.sun.glass.ui.View.handleMouseEvent(View.java:551)
	at javafx.graphics/com.sun.glass.ui.View.notifyMouse(View.java:937)
	at javafx.graphics/com.sun.glass.ui.win.WinApplication._enterNestedEventLoopImpl(Native Method)
	at javafx.graphics/com.sun.glass.ui.win.WinApplication._enterNestedEventLoop(WinApplication.java:211)
	at javafx.graphics/com.sun.glass.ui.Application.enterNestedEventLoop(Application.java:515)
	at javafx.graphics/com.sun.glass.ui.EventLoop.enter(EventLoop.java:107)
	at javafx.graphics/com.sun.javafx.tk.quantum.QuantumToolkit.enterNestedEventLoop(QuantumToolkit.java:630)
	at javafx.graphics/javafx.stage.Stage.showAndWait(Stage.java:469)
	at net.etfbl.org.userControllers.UserMainWindowController.openChatDIalog(UserMainWindowController.java:380)
	at java.base/jdk.internal.reflect.NativeMethodAccessorImpl.invoke0(Native Method)
	at java.base/jdk.internal.reflect.NativeMethodAccessorImpl.invoke(NativeMethodAccessorImpl.java:77)
	at java.base/jdk.internal.reflect.DelegatingMethodAccessorImpl.invoke(DelegatingMethodAccessorImpl.java:43)
	at java.base/java.lang.reflect.Method.invoke(Method.java:568)
	at com.sun.javafx.reflect.Trampoline.invoke(MethodUtil.java:77)
	at jdk.internal.reflect.GeneratedMethodAccessor2.invoke(Unknown Source)
	at java.base/jdk.internal.reflect.DelegatingMethodAccessorImpl.invoke(DelegatingMethodAccessorImpl.java:43)
	at java.base/java.lang.reflect.Method.invoke(Method.java:568)
	at javafx.base/com.sun.javafx.reflect.MethodUtil.invoke(MethodUtil.java:275)
	at javafx.fxml/com.sun.javafx.fxml.MethodHelper.invoke(MethodHelper.java:84)
	at javafx.fxml/javafx.fxml.FXMLLoader$MethodHandler.invoke(FXMLLoader.java:1852)
	at javafx.fxml/javafx.fxml.FXMLLoader$ControllerMethodEventHandler.handle(FXMLLoader.java:1724)
	at javafx.base/com.sun.javafx.event.CompositeEventHandler.dispatchBubblingEvent(CompositeEventHandler.java:86)
	at javafx.base/com.sun.javafx.event.EventHandlerManager.dispatchBubblingEvent(EventHandlerManager.java:234)
	at javafx.base/com.sun.javafx.event.EventHandlerManager.dispatchBubblingEvent(EventHandlerManager.java:191)
	at javafx.base/com.sun.javafx.event.CompositeEventDispatcher.dispatchBubblingEvent(CompositeEventDispatcher.java:59)
	at javafx.base/com.sun.javafx.event.BasicEventDispatcher.dispatchEvent(BasicEventDispatcher.java:58)
	at javafx.base/com.sun.javafx.event.EventDispatchChainImpl.dispatchEvent(EventDispatchChainImpl.java:114)
	at javafx.base/com.sun.javafx.event.BasicEventDispatcher.dispatchEvent(BasicEventDispatcher.java:56)
	at javafx.base/com.sun.javafx.event.EventDispatchChainImpl.dispatchEvent(EventDispatchChainImpl.java:114)
	at javafx.base/com.sun.javafx.event.BasicEventDispatcher.dispatchEvent(BasicEventDispatcher.java:56)
	at javafx.base/com.sun.javafx.event.EventDispatchChainImpl.dispatchEvent(EventDispatchChainImpl.java:114)
	at javafx.base/com.sun.javafx.event.EventUtil.fireEventImpl(EventUtil.java:74)
	at javafx.base/com.sun.javafx.event.EventUtil.fireEvent(EventUtil.java:49)
	at javafx.base/javafx.event.Event.fireEvent(Event.java:198)
	at javafx.graphics/javafx.scene.Node.fireEvent(Node.java:8792)
	at javafx.controls/javafx.scene.control.Button.fire(Button.java:203)
	at javafx.controls/com.sun.javafx.scene.control.behavior.ButtonBehavior.mouseReleased(ButtonBehavior.java:208)
	at javafx.controls/com.sun.javafx.scene.control.inputmap.InputMap.handle(InputMap.java:274)
	at javafx.base/com.sun.javafx.event.CompositeEventHandler$NormalEventHandlerRecord.handleBubblingEvent(CompositeEventHandler.java:247)
	at javafx.base/com.sun.javafx.event.CompositeEventHandler.dispatchBubblingEvent(CompositeEventHandler.java:80)
	at javafx.base/com.sun.javafx.event.EventHandlerManager.dispatchBubblingEvent(EventHandlerManager.java:234)
	at javafx.base/com.sun.javafx.event.EventHandlerManager.dispatchBubblingEvent(EventHandlerManager.java:191)
	at javafx.base/com.sun.javafx.event.CompositeEventDispatcher.dispatchBubblingEvent(CompositeEventDispatcher.java:59)
	at javafx.base/com.sun.javafx.event.BasicEventDispatcher.dispatchEvent(BasicEventDispatcher.java:58)
	at javafx.base/com.sun.javafx.event.EventDispatchChainImpl.dispatchEvent(EventDispatchChainImpl.java:114)
	at javafx.base/com.sun.javafx.event.BasicEventDispatcher.dispatchEvent(BasicEventDispatcher.java:56)
	at javafx.base/com.sun.javafx.event.EventDispatchChainImpl.dispatchEvent(EventDispatchChainImpl.java:114)
	at javafx.base/com.sun.javafx.event.BasicEventDispatcher.dispatchEvent(BasicEventDispatcher.java:56)
	at javafx.base/com.sun.javafx.event.EventDispatchChainImpl.dispatchEvent(EventDispatchChainImpl.java:114)
	at javafx.base/com.sun.javafx.event.EventUtil.fireEventImpl(EventUtil.java:74)
	at javafx.base/com.sun.javafx.event.EventUtil.fireEvent(EventUtil.java:54)
	at javafx.base/javafx.event.Event.fireEvent(Event.java:198)
	at javafx.graphics/javafx.scene.Scene$MouseHandler.process(Scene.java:3897)
	at javafx.graphics/javafx.scene.Scene.processMouseEvent(Scene.java:1878)
	at javafx.graphics/javafx.scene.Scene$ScenePeerListener.mouseEvent(Scene.java:2623)
	at javafx.graphics/com.sun.javafx.tk.quantum.GlassViewEventHandler$MouseEventNotification.run(GlassViewEventHandler.java:411)
	at javafx.graphics/com.sun.javafx.tk.quantum.GlassViewEventHandler$MouseEventNotification.run(GlassViewEventHandler.java:301)
	at java.base/java.security.AccessController.doPrivileged(AccessController.java:399)
	at javafx.graphics/com.sun.javafx.tk.quantum.GlassViewEventHandler.lambda$handleMouseEvent$2(GlassViewEventHandler.java:450)
	at javafx.graphics/com.sun.javafx.tk.quantum.QuantumToolkit.runWithoutRenderLock(QuantumToolkit.java:423)
	at javafx.graphics/com.sun.javafx.tk.quantum.GlassViewEventHandler.handleMouseEvent(GlassViewEventHandler.java:449)
	at javafx.graphics/com.sun.glass.ui.View.handleMouseEvent(View.java:551)
	at javafx.graphics/com.sun.glass.ui.View.notifyMouse(View.java:937)
	at javafx.graphics/com.sun.glass.ui.win.WinApplication._runLoop(Native Method)
	at javafx.graphics/com.sun.glass.ui.win.WinApplication.lambda$runLoop$3(WinApplication.java:184)
	at java.base/java.lang.Thread.run(Thread.java:842)

нов 27, 2024 6:16:11 ПО ПОДНЕ net.etfbl.org.userControllers.ChatController sendMessage
SEVERE: 
java.net.ConnectException: Connection refused: connect
	at java.base/sun.nio.ch.Net.connect0(Native Method)
	at java.base/sun.nio.ch.Net.connect(Net.java:579)
	at java.base/sun.nio.ch.Net.connect(Net.java:568)
	at java.base/sun.nio.ch.NioSocketImpl.connect(NioSocketImpl.java:593)
	at java.base/java.net.SocksSocketImpl.connect(SocksSocketImpl.java:327)
	at java.base/java.net.Socket.connect(Socket.java:633)
	at java.base/sun.security.ssl.SSLSocketImpl.connect(SSLSocketImpl.java:304)
	at java.base/sun.security.ssl.SSLSocketImpl.<init>(SSLSocketImpl.java:163)
	at java.base/sun.security.ssl.SSLSocketFactoryImpl.createSocket(SSLSocketFactoryImpl.java:88)
	at net.etfbl.org.userControllers.ChatController.sendMessage(ChatController.java:167)
	at java.base/jdk.internal.reflect.NativeMethodAccessorImpl.invoke0(Native Method)
	at java.base/jdk.internal.reflect.NativeMethodAccessorImpl.invoke(NativeMethodAccessorImpl.java:77)
	at java.base/jdk.internal.reflect.DelegatingMethodAccessorImpl.invoke(DelegatingMethodAccessorImpl.java:43)
	at java.base/java.lang.reflect.Method.invoke(Method.java:568)
	at com.sun.javafx.reflect.Trampoline.invoke(MethodUtil.java:77)
	at jdk.internal.reflect.GeneratedMethodAccessor2.invoke(Unknown Source)
	at java.base/jdk.internal.reflect.DelegatingMethodAccessorImpl.invoke(DelegatingMethodAccessorImpl.java:43)
	at java.base/java.lang.reflect.Method.invoke(Method.java:568)
	at javafx.base/com.sun.javafx.reflect.MethodUtil.invoke(MethodUtil.java:275)
	at javafx.fxml/com.sun.javafx.fxml.MethodHelper.invoke(MethodHelper.java:84)
	at javafx.fxml/javafx.fxml.FXMLLoader$MethodHandler.invoke(FXMLLoader.java:1852)
	at javafx.fxml/javafx.fxml.FXMLLoader$ControllerMethodEventHandler.handle(FXMLLoader.java:1724)
	at javafx.base/com.sun.javafx.event.CompositeEventHandler.dispatchBubblingEvent(CompositeEventHandler.java:86)
	at javafx.base/com.sun.javafx.event.EventHandlerManager.dispatchBubblingEvent(EventHandlerManager.java:234)
	at javafx.base/com.sun.javafx.event.EventHandlerManager.dispatchBubblingEvent(EventHandlerManager.java:191)
	at javafx.base/com.sun.javafx.event.CompositeEventDispatcher.dispatchBubblingEvent(CompositeEventDispatcher.java:59)
	at javafx.base/com.sun.javafx.event.BasicEventDispatcher.dispatchEvent(BasicEventDispatcher.java:58)
	at javafx.base/com.sun.javafx.event.EventDispatchChainImpl.dispatchEvent(EventDispatchChainImpl.java:114)
	at javafx.base/com.sun.javafx.event.BasicEventDispatcher.dispatchEvent(BasicEventDispatcher.java:56)
	at javafx.base/com.sun.javafx.event.EventDispatchChainImpl.dispatchEvent(EventDispatchChainImpl.java:114)
	at javafx.base/com.sun.javafx.event.BasicEventDispatcher.dispatchEvent(BasicEventDispatcher.java:56)
	at javafx.base/com.sun.javafx.event.EventDispatchChainImpl.dispatchEvent(EventDispatchChainImpl.java:114)
	at javafx.base/com.sun.javafx.event.EventUtil.fireEventImpl(EventUtil.java:74)
	at javafx.base/com.sun.javafx.event.EventUtil.fireEvent(EventUtil.java:49)
	at javafx.base/javafx.event.Event.fireEvent(Event.java:198)
	at javafx.graphics/javafx.scene.Node.fireEvent(Node.java:8792)
	at javafx.controls/javafx.scene.control.Button.fire(Button.java:203)
	at javafx.controls/com.sun.javafx.scene.control.behavior.ButtonBehavior.mouseReleased(ButtonBehavior.java:208)
	at javafx.controls/com.sun.javafx.scene.control.inputmap.InputMap.handle(InputMap.java:274)
	at javafx.base/com.sun.javafx.event.CompositeEventHandler$NormalEventHandlerRecord.handleBubblingEvent(CompositeEventHandler.java:247)
	at javafx.base/com.sun.javafx.event.CompositeEventHandler.dispatchBubblingEvent(CompositeEventHandler.java:80)
	at javafx.base/com.sun.javafx.event.EventHandlerManager.dispatchBubblingEvent(EventHandlerManager.java:234)
	at javafx.base/com.sun.javafx.event.EventHandlerManager.dispatchBubblingEvent(EventHandlerManager.java:191)
	at javafx.base/com.sun.javafx.event.CompositeEventDispatcher.dispatchBubblingEvent(CompositeEventDispatcher.java:59)
	at javafx.base/com.sun.javafx.event.BasicEventDispatcher.dispatchEvent(BasicEventDispatcher.java:58)
	at javafx.base/com.sun.javafx.event.EventDispatchChainImpl.dispatchEvent(EventDispatchChainImpl.java:114)
	at javafx.base/com.sun.javafx.event.BasicEventDispatcher.dispatchEvent(BasicEventDispatcher.java:56)
	at javafx.base/com.sun.javafx.event.EventDispatchChainImpl.dispatchEvent(EventDispatchChainImpl.java:114)
	at javafx.base/com.sun.javafx.event.BasicEventDispatcher.dispatchEvent(BasicEventDispatcher.java:56)
	at javafx.base/com.sun.javafx.event.EventDispatchChainImpl.dispatchEvent(EventDispatchChainImpl.java:114)
	at javafx.base/com.sun.javafx.event.EventUtil.fireEventImpl(EventUtil.java:74)
	at javafx.base/com.sun.javafx.event.EventUtil.fireEvent(EventUtil.java:49)
	at javafx.base/javafx.event.Event.fireEvent(Event.java:198)
	at javafx.graphics/javafx.scene.Scene$MouseHandler.process(Scene.java:3897)
	at javafx.graphics/javafx.scene.Scene.processMouseEvent(Scene.java:1878)
	at javafx.graphics/javafx.scene.Scene$ScenePeerListener.mouseEvent(Scene.java:2623)
	at javafx.graphics/com.sun.javafx.tk.quantum.GlassViewEventHandler$MouseEventNotification.run(GlassViewEventHandler.java:411)
	at javafx.graphics/com.sun.javafx.tk.quantum.GlassViewEventHandler$MouseEventNotification.run(GlassViewEventHandler.java:301)
	at java.base/java.security.AccessController.doPrivileged(AccessController.java:399)
	at javafx.graphics/com.sun.javafx.tk.quantum.GlassViewEventHandler.lambda$handleMouseEvent$2(GlassViewEventHandler.java:450)
	at javafx.graphics/com.sun.javafx.tk.quantum.QuantumToolkit.runWithoutRenderLock(QuantumToolkit.java:423)
	at javafx.graphics/com.sun.javafx.tk.quantum.GlassViewEventHandler.handleMouseEvent(GlassViewEventHandler.java:449)
	at javafx.graphics/com.sun.glass.ui.View.handleMouseEvent(View.java:551)
	at javafx.graphics/com.sun.glass.ui.View.notifyMouse(View.java:937)
	at javafx.graphics/com.sun.glass.ui.win.WinApplication._enterNestedEventLoopImpl(Native Method)
	at javafx.graphics/com.sun.glass.ui.win.WinApplication._enterNestedEventLoop(WinApplication.java:211)
	at javafx.graphics/com.sun.glass.ui.Application.enterNestedEventLoop(Application.java:515)
	at javafx.graphics/com.sun.glass.ui.EventLoop.enter(EventLoop.java:107)
	at javafx.graphics/com.sun.javafx.tk.quantum.QuantumToolkit.enterNestedEventLoop(QuantumToolkit.java:630)
	at javafx.graphics/javafx.stage.Stage.showAndWait(Stage.java:469)
	at net.etfbl.org.userControllers.UserMainWindowController.openChatDIalog(UserMainWindowController.java:380)
	at java.base/jdk.internal.reflect.NativeMethodAccessorImpl.invoke0(Native Method)
	at java.base/jdk.internal.reflect.NativeMethodAccessorImpl.invoke(NativeMethodAccessorImpl.java:77)
	at java.base/jdk.internal.reflect.DelegatingMethodAccessorImpl.invoke(DelegatingMethodAccessorImpl.java:43)
	at java.base/java.lang.reflect.Method.invoke(Method.java:568)
	at com.sun.javafx.reflect.Trampoline.invoke(MethodUtil.java:77)
	at jdk.internal.reflect.GeneratedMethodAccessor2.invoke(Unknown Source)
	at java.base/jdk.internal.reflect.DelegatingMethodAccessorImpl.invoke(DelegatingMethodAccessorImpl.java:43)
	at java.base/java.lang.reflect.Method.invoke(Method.java:568)
	at javafx.base/com.sun.javafx.reflect.MethodUtil.invoke(MethodUtil.java:275)
	at javafx.fxml/com.sun.javafx.fxml.MethodHelper.invoke(MethodHelper.java:84)
	at javafx.fxml/javafx.fxml.FXMLLoader$MethodHandler.invoke(FXMLLoader.java:1852)
	at javafx.fxml/javafx.fxml.FXMLLoader$ControllerMethodEventHandler.handle(FXMLLoader.java:1724)
	at javafx.base/com.sun.javafx.event.CompositeEventHandler.dispatchBubblingEvent(CompositeEventHandler.java:86)
	at javafx.base/com.sun.javafx.event.EventHandlerManager.dispatchBubblingEvent(EventHandlerManager.java:234)
	at javafx.base/com.sun.javafx.event.EventHandlerManager.dispatchBubblingEvent(EventHandlerManager.java:191)
	at javafx.base/com.sun.javafx.event.CompositeEventDispatcher.dispatchBubblingEvent(CompositeEventDispatcher.java:59)
	at javafx.base/com.sun.javafx.event.BasicEventDispatcher.dispatchEvent(BasicEventDispatcher.java:58)
	at javafx.base/com.sun.javafx.event.EventDispatchChainImpl.dispatchEvent(EventDispatchChainImpl.java:114)
	at javafx.base/com.sun.javafx.event.BasicEventDispatcher.dispatchEvent(BasicEventDispatcher.java:56)
	at javafx.base/com.sun.javafx.event.EventDispatchChainImpl.dispatchEvent(EventDispatchChainImpl.java:114)
	at javafx.base/com.sun.javafx.event.BasicEventDispatcher.dispatchEvent(BasicEventDispatcher.java:56)
	at javafx.base/com.sun.javafx.event.EventDispatchChainImpl.dispatchEvent(EventDispatchChainImpl.java:114)
	at javafx.base/com.sun.javafx.event.EventUtil.fireEventImpl(EventUtil.java:74)
	at javafx.base/com.sun.javafx.event.EventUtil.fireEvent(EventUtil.java:49)
	at javafx.base/javafx.event.Event.fireEvent(Event.java:198)
	at javafx.graphics/javafx.scene.Node.fireEvent(Node.java:8792)
	at javafx.controls/javafx.scene.control.Button.fire(Button.java:203)
	at javafx.controls/com.sun.javafx.scene.control.behavior.ButtonBehavior.mouseReleased(ButtonBehavior.java:208)
	at javafx.controls/com.sun.javafx.scene.control.inputmap.InputMap.handle(InputMap.java:274)
	at javafx.base/com.sun.javafx.event.CompositeEventHandler$NormalEventHandlerRecord.handleBubblingEvent(CompositeEventHandler.java:247)
	at javafx.base/com.sun.javafx.event.CompositeEventHandler.dispatchBubblingEvent(CompositeEventHandler.java:80)
	at javafx.base/com.sun.javafx.event.EventHandlerManager.dispatchBubblingEvent(EventHandlerManager.java:234)
	at javafx.base/com.sun.javafx.event.EventHandlerManager.dispatchBubblingEvent(EventHandlerManager.java:191)
	at javafx.base/com.sun.javafx.event.CompositeEventDispatcher.dispatchBubblingEvent(CompositeEventDispatcher.java:59)
	at javafx.base/com.sun.javafx.event.BasicEventDispatcher.dispatchEvent(BasicEventDispatcher.java:58)
	at javafx.base/com.sun.javafx.event.EventDispatchChainImpl.dispatchEvent(EventDispatchChainImpl.java:114)
	at javafx.base/com.sun.javafx.event.BasicEventDispatcher.dispatchEvent(BasicEventDispatcher.java:56)
	at javafx.base/com.sun.javafx.event.EventDispatchChainImpl.dispatchEvent(EventDispatchChainImpl.java:114)
	at javafx.base/com.sun.javafx.event.BasicEventDispatcher.dispatchEvent(BasicEventDispatcher.java:56)
	at javafx.base/com.sun.javafx.event.EventDispatchChainImpl.dispatchEvent(EventDispatchChainImpl.java:114)
	at javafx.base/com.sun.javafx.event.EventUtil.fireEventImpl(EventUtil.java:74)
	at javafx.base/com.sun.javafx.event.EventUtil.fireEvent(EventUtil.java:54)
	at javafx.base/javafx.event.Event.fireEvent(Event.java:198)
	at javafx.graphics/javafx.scene.Scene$MouseHandler.process(Scene.java:3897)
	at javafx.graphics/javafx.scene.Scene.processMouseEvent(Scene.java:1878)
	at javafx.graphics/javafx.scene.Scene$ScenePeerListener.mouseEvent(Scene.java:2623)
	at javafx.graphics/com.sun.javafx.tk.quantum.GlassViewEventHandler$MouseEventNotification.run(GlassViewEventHandler.java:411)
	at javafx.graphics/com.sun.javafx.tk.quantum.GlassViewEventHandler$MouseEventNotification.run(GlassViewEventHandler.java:301)
	at java.base/java.security.AccessController.doPrivileged(AccessController.java:399)
	at javafx.graphics/com.sun.javafx.tk.quantum.GlassViewEventHandler.lambda$handleMouseEvent$2(GlassViewEventHandler.java:450)
	at javafx.graphics/com.sun.javafx.tk.quantum.QuantumToolkit.runWithoutRenderLock(QuantumToolkit.java:423)
	at javafx.graphics/com.sun.javafx.tk.quantum.GlassViewEventHandler.handleMouseEvent(GlassViewEventHandler.java:449)
	at javafx.graphics/com.sun.glass.ui.View.handleMouseEvent(View.java:551)
	at javafx.graphics/com.sun.glass.ui.View.notifyMouse(View.java:937)
	at javafx.graphics/com.sun.glass.ui.win.WinApplication._runLoop(Native Method)
	at javafx.graphics/com.sun.glass.ui.win.WinApplication.lambda$runLoop$3(WinApplication.java:184)
	at java.base/java.lang.Thread.run(Thread.java:842)

нов 27, 2024 6:17:46 ПО ПОДНЕ net.etfbl.org.userControllers.ChatController sendMessage
SEVERE: 
java.net.ConnectException: Connection refused: connect
	at java.base/sun.nio.ch.Net.connect0(Native Method)
	at java.base/sun.nio.ch.Net.connect(Net.java:579)
	at java.base/sun.nio.ch.Net.connect(Net.java:568)
	at java.base/sun.nio.ch.NioSocketImpl.connect(NioSocketImpl.java:593)
	at java.base/java.net.SocksSocketImpl.connect(SocksSocketImpl.java:327)
	at java.base/java.net.Socket.connect(Socket.java:633)
	at java.base/sun.security.ssl.SSLSocketImpl.connect(SSLSocketImpl.java:304)
	at java.base/sun.security.ssl.SSLSocketImpl.<init>(SSLSocketImpl.java:163)
	at java.base/sun.security.ssl.SSLSocketFactoryImpl.createSocket(SSLSocketFactoryImpl.java:88)
	at net.etfbl.org.userControllers.ChatController.sendMessage(ChatController.java:167)
	at java.base/jdk.internal.reflect.NativeMethodAccessorImpl.invoke0(Native Method)
	at java.base/jdk.internal.reflect.NativeMethodAccessorImpl.invoke(NativeMethodAccessorImpl.java:77)
	at java.base/jdk.internal.reflect.DelegatingMethodAccessorImpl.invoke(DelegatingMethodAccessorImpl.java:43)
	at java.base/java.lang.reflect.Method.invoke(Method.java:568)
	at com.sun.javafx.reflect.Trampoline.invoke(MethodUtil.java:77)
	at jdk.internal.reflect.GeneratedMethodAccessor2.invoke(Unknown Source)
	at java.base/jdk.internal.reflect.DelegatingMethodAccessorImpl.invoke(DelegatingMethodAccessorImpl.java:43)
	at java.base/java.lang.reflect.Method.invoke(Method.java:568)
	at javafx.base/com.sun.javafx.reflect.MethodUtil.invoke(MethodUtil.java:275)
	at javafx.fxml/com.sun.javafx.fxml.MethodHelper.invoke(MethodHelper.java:84)
	at javafx.fxml/javafx.fxml.FXMLLoader$MethodHandler.invoke(FXMLLoader.java:1852)
	at javafx.fxml/javafx.fxml.FXMLLoader$ControllerMethodEventHandler.handle(FXMLLoader.java:1724)
	at javafx.base/com.sun.javafx.event.CompositeEventHandler.dispatchBubblingEvent(CompositeEventHandler.java:86)
	at javafx.base/com.sun.javafx.event.EventHandlerManager.dispatchBubblingEvent(EventHandlerManager.java:234)
	at javafx.base/com.sun.javafx.event.EventHandlerManager.dispatchBubblingEvent(EventHandlerManager.java:191)
	at javafx.base/com.sun.javafx.event.CompositeEventDispatcher.dispatchBubblingEvent(CompositeEventDispatcher.java:59)
	at javafx.base/com.sun.javafx.event.BasicEventDispatcher.dispatchEvent(BasicEventDispatcher.java:58)
	at javafx.base/com.sun.javafx.event.EventDispatchChainImpl.dispatchEvent(EventDispatchChainImpl.java:114)
	at javafx.base/com.sun.javafx.event.BasicEventDispatcher.dispatchEvent(BasicEventDispatcher.java:56)
	at javafx.base/com.sun.javafx.event.EventDispatchChainImpl.dispatchEvent(EventDispatchChainImpl.java:114)
	at javafx.base/com.sun.javafx.event.BasicEventDispatcher.dispatchEvent(BasicEventDispatcher.java:56)
	at javafx.base/com.sun.javafx.event.EventDispatchChainImpl.dispatchEvent(EventDispatchChainImpl.java:114)
	at javafx.base/com.sun.javafx.event.EventUtil.fireEventImpl(EventUtil.java:74)
	at javafx.base/com.sun.javafx.event.EventUtil.fireEvent(EventUtil.java:49)
	at javafx.base/javafx.event.Event.fireEvent(Event.java:198)
	at javafx.graphics/javafx.scene.Node.fireEvent(Node.java:8792)
	at javafx.controls/javafx.scene.control.Button.fire(Button.java:203)
	at javafx.controls/com.sun.javafx.scene.control.behavior.ButtonBehavior.mouseReleased(ButtonBehavior.java:208)
	at javafx.controls/com.sun.javafx.scene.control.inputmap.InputMap.handle(InputMap.java:274)
	at javafx.base/com.sun.javafx.event.CompositeEventHandler$NormalEventHandlerRecord.handleBubblingEvent(CompositeEventHandler.java:247)
	at javafx.base/com.sun.javafx.event.CompositeEventHandler.dispatchBubblingEvent(CompositeEventHandler.java:80)
	at javafx.base/com.sun.javafx.event.EventHandlerManager.dispatchBubblingEvent(EventHandlerManager.java:234)
	at javafx.base/com.sun.javafx.event.EventHandlerManager.dispatchBubblingEvent(EventHandlerManager.java:191)
	at javafx.base/com.sun.javafx.event.CompositeEventDispatcher.dispatchBubblingEvent(CompositeEventDispatcher.java:59)
	at javafx.base/com.sun.javafx.event.BasicEventDispatcher.dispatchEvent(BasicEventDispatcher.java:58)
	at javafx.base/com.sun.javafx.event.EventDispatchChainImpl.dispatchEvent(EventDispatchChainImpl.java:114)
	at javafx.base/com.sun.javafx.event.BasicEventDispatcher.dispatchEvent(BasicEventDispatcher.java:56)
	at javafx.base/com.sun.javafx.event.EventDispatchChainImpl.dispatchEvent(EventDispatchChainImpl.java:114)
	at javafx.base/com.sun.javafx.event.BasicEventDispatcher.dispatchEvent(BasicEventDispatcher.java:56)
	at javafx.base/com.sun.javafx.event.EventDispatchChainImpl.dispatchEvent(EventDispatchChainImpl.java:114)
	at javafx.base/com.sun.javafx.event.EventUtil.fireEventImpl(EventUtil.java:74)
	at javafx.base/com.sun.javafx.event.EventUtil.fireEvent(EventUtil.java:49)
	at javafx.base/javafx.event.Event.fireEvent(Event.java:198)
	at javafx.graphics/javafx.scene.Scene$MouseHandler.process(Scene.java:3897)
	at javafx.graphics/javafx.scene.Scene.processMouseEvent(Scene.java:1878)
	at javafx.graphics/javafx.scene.Scene$ScenePeerListener.mouseEvent(Scene.java:2623)
	at javafx.graphics/com.sun.javafx.tk.quantum.GlassViewEventHandler$MouseEventNotification.run(GlassViewEventHandler.java:411)
	at javafx.graphics/com.sun.javafx.tk.quantum.GlassViewEventHandler$MouseEventNotification.run(GlassViewEventHandler.java:301)
	at java.base/java.security.AccessController.doPrivileged(AccessController.java:399)
	at javafx.graphics/com.sun.javafx.tk.quantum.GlassViewEventHandler.lambda$handleMouseEvent$2(GlassViewEventHandler.java:450)
	at javafx.graphics/com.sun.javafx.tk.quantum.QuantumToolkit.runWithoutRenderLock(QuantumToolkit.java:423)
	at javafx.graphics/com.sun.javafx.tk.quantum.GlassViewEventHandler.handleMouseEvent(GlassViewEventHandler.java:449)
	at javafx.graphics/com.sun.glass.ui.View.handleMouseEvent(View.java:551)
	at javafx.graphics/com.sun.glass.ui.View.notifyMouse(View.java:937)
	at javafx.graphics/com.sun.glass.ui.win.WinApplication._enterNestedEventLoopImpl(Native Method)
	at javafx.graphics/com.sun.glass.ui.win.WinApplication._enterNestedEventLoop(WinApplication.java:211)
	at javafx.graphics/com.sun.glass.ui.Application.enterNestedEventLoop(Application.java:515)
	at javafx.graphics/com.sun.glass.ui.EventLoop.enter(EventLoop.java:107)
	at javafx.graphics/com.sun.javafx.tk.quantum.QuantumToolkit.enterNestedEventLoop(QuantumToolkit.java:630)
	at javafx.graphics/javafx.stage.Stage.showAndWait(Stage.java:469)
	at net.etfbl.org.userControllers.UserMainWindowController.openChatDIalog(UserMainWindowController.java:380)
	at java.base/jdk.internal.reflect.NativeMethodAccessorImpl.invoke0(Native Method)
	at java.base/jdk.internal.reflect.NativeMethodAccessorImpl.invoke(NativeMethodAccessorImpl.java:77)
	at java.base/jdk.internal.reflect.DelegatingMethodAccessorImpl.invoke(DelegatingMethodAccessorImpl.java:43)
	at java.base/java.lang.reflect.Method.invoke(Method.java:568)
	at com.sun.javafx.reflect.Trampoline.invoke(MethodUtil.java:77)
	at jdk.internal.reflect.GeneratedMethodAccessor2.invoke(Unknown Source)
	at java.base/jdk.internal.reflect.DelegatingMethodAccessorImpl.invoke(DelegatingMethodAccessorImpl.java:43)
	at java.base/java.lang.reflect.Method.invoke(Method.java:568)
	at javafx.base/com.sun.javafx.reflect.MethodUtil.invoke(MethodUtil.java:275)
	at javafx.fxml/com.sun.javafx.fxml.MethodHelper.invoke(MethodHelper.java:84)
	at javafx.fxml/javafx.fxml.FXMLLoader$MethodHandler.invoke(FXMLLoader.java:1852)
	at javafx.fxml/javafx.fxml.FXMLLoader$ControllerMethodEventHandler.handle(FXMLLoader.java:1724)
	at javafx.base/com.sun.javafx.event.CompositeEventHandler.dispatchBubblingEvent(CompositeEventHandler.java:86)
	at javafx.base/com.sun.javafx.event.EventHandlerManager.dispatchBubblingEvent(EventHandlerManager.java:234)
	at javafx.base/com.sun.javafx.event.EventHandlerManager.dispatchBubblingEvent(EventHandlerManager.java:191)
	at javafx.base/com.sun.javafx.event.CompositeEventDispatcher.dispatchBubblingEvent(CompositeEventDispatcher.java:59)
	at javafx.base/com.sun.javafx.event.BasicEventDispatcher.dispatchEvent(BasicEventDispatcher.java:58)
	at javafx.base/com.sun.javafx.event.EventDispatchChainImpl.dispatchEvent(EventDispatchChainImpl.java:114)
	at javafx.base/com.sun.javafx.event.BasicEventDispatcher.dispatchEvent(BasicEventDispatcher.java:56)
	at javafx.base/com.sun.javafx.event.EventDispatchChainImpl.dispatchEvent(EventDispatchChainImpl.java:114)
	at javafx.base/com.sun.javafx.event.BasicEventDispatcher.dispatchEvent(BasicEventDispatcher.java:56)
	at javafx.base/com.sun.javafx.event.EventDispatchChainImpl.dispatchEvent(EventDispatchChainImpl.java:114)
	at javafx.base/com.sun.javafx.event.EventUtil.fireEventImpl(EventUtil.java:74)
	at javafx.base/com.sun.javafx.event.EventUtil.fireEvent(EventUtil.java:49)
	at javafx.base/javafx.event.Event.fireEvent(Event.java:198)
	at javafx.graphics/javafx.scene.Node.fireEvent(Node.java:8792)
	at javafx.controls/javafx.scene.control.Button.fire(Button.java:203)
	at javafx.controls/com.sun.javafx.scene.control.behavior.ButtonBehavior.mouseReleased(ButtonBehavior.java:208)
	at javafx.controls/com.sun.javafx.scene.control.inputmap.InputMap.handle(InputMap.java:274)
	at javafx.base/com.sun.javafx.event.CompositeEventHandler$NormalEventHandlerRecord.handleBubblingEvent(CompositeEventHandler.java:247)
	at javafx.base/com.sun.javafx.event.CompositeEventHandler.dispatchBubblingEvent(CompositeEventHandler.java:80)
	at javafx.base/com.sun.javafx.event.EventHandlerManager.dispatchBubblingEvent(EventHandlerManager.java:234)
	at javafx.base/com.sun.javafx.event.EventHandlerManager.dispatchBubblingEvent(EventHandlerManager.java:191)
	at javafx.base/com.sun.javafx.event.CompositeEventDispatcher.dispatchBubblingEvent(CompositeEventDispatcher.java:59)
	at javafx.base/com.sun.javafx.event.BasicEventDispatcher.dispatchEvent(BasicEventDispatcher.java:58)
	at javafx.base/com.sun.javafx.event.EventDispatchChainImpl.dispatchEvent(EventDispatchChainImpl.java:114)
	at javafx.base/com.sun.javafx.event.BasicEventDispatcher.dispatchEvent(BasicEventDispatcher.java:56)
	at javafx.base/com.sun.javafx.event.EventDispatchChainImpl.dispatchEvent(EventDispatchChainImpl.java:114)
	at javafx.base/com.sun.javafx.event.BasicEventDispatcher.dispatchEvent(BasicEventDispatcher.java:56)
	at javafx.base/com.sun.javafx.event.EventDispatchChainImpl.dispatchEvent(EventDispatchChainImpl.java:114)
	at javafx.base/com.sun.javafx.event.EventUtil.fireEventImpl(EventUtil.java:74)
	at javafx.base/com.sun.javafx.event.EventUtil.fireEvent(EventUtil.java:54)
	at javafx.base/javafx.event.Event.fireEvent(Event.java:198)
	at javafx.graphics/javafx.scene.Scene$MouseHandler.process(Scene.java:3897)
	at javafx.graphics/javafx.scene.Scene.processMouseEvent(Scene.java:1878)
	at javafx.graphics/javafx.scene.Scene$ScenePeerListener.mouseEvent(Scene.java:2623)
	at javafx.graphics/com.sun.javafx.tk.quantum.GlassViewEventHandler$MouseEventNotification.run(GlassViewEventHandler.java:411)
	at javafx.graphics/com.sun.javafx.tk.quantum.GlassViewEventHandler$MouseEventNotification.run(GlassViewEventHandler.java:301)
	at java.base/java.security.AccessController.doPrivileged(AccessController.java:399)
	at javafx.graphics/com.sun.javafx.tk.quantum.GlassViewEventHandler.lambda$handleMouseEvent$2(GlassViewEventHandler.java:450)
	at javafx.graphics/com.sun.javafx.tk.quantum.QuantumToolkit.runWithoutRenderLock(QuantumToolkit.java:423)
	at javafx.graphics/com.sun.javafx.tk.quantum.GlassViewEventHandler.handleMouseEvent(GlassViewEventHandler.java:449)
	at javafx.graphics/com.sun.glass.ui.View.handleMouseEvent(View.java:551)
	at javafx.graphics/com.sun.glass.ui.View.notifyMouse(View.java:937)
	at javafx.graphics/com.sun.glass.ui.win.WinApplication._runLoop(Native Method)
	at javafx.graphics/com.sun.glass.ui.win.WinApplication.lambda$runLoop$3(WinApplication.java:184)
	at java.base/java.lang.Thread.run(Thread.java:842)

нов 27, 2024 6:29:55 ПО ПОДНЕ net.etfbl.org.chat.ChatServer main
SEVERE: 
java.net.BindException: Address already in use: bind
	at java.base/sun.nio.ch.Net.bind0(Native Method)
	at java.base/sun.nio.ch.Net.bind(Net.java:555)
	at java.base/sun.nio.ch.Net.bind(Net.java:544)
	at java.base/sun.nio.ch.NioSocketImpl.bind(NioSocketImpl.java:648)
	at java.base/java.net.ServerSocket.bind(ServerSocket.java:388)
	at java.base/java.net.ServerSocket.<init>(ServerSocket.java:274)
	at java.base/java.net.ServerSocket.<init>(ServerSocket.java:218)
	at java.base/javax.net.ssl.SSLServerSocket.<init>(SSLServerSocket.java:136)
	at java.base/sun.security.ssl.SSLServerSocketImpl.<init>(SSLServerSocketImpl.java:72)
	at java.base/sun.security.ssl.SSLServerSocketFactoryImpl.createServerSocket(SSLServerSocketFactoryImpl.java:73)
	at net.etfbl.org.chat.ChatServer.main(ChatServer.java:27)

нов 27, 2024 7:12:51 ПО ПОДНЕ net.etfbl.org.chat.ChatServer main
SEVERE: 
java.net.BindException: Address already in use: bind
	at java.base/sun.nio.ch.Net.bind0(Native Method)
	at java.base/sun.nio.ch.Net.bind(Net.java:555)
	at java.base/sun.nio.ch.Net.bind(Net.java:544)
	at java.base/sun.nio.ch.NioSocketImpl.bind(NioSocketImpl.java:648)
	at java.base/java.net.ServerSocket.bind(ServerSocket.java:388)
	at java.base/java.net.ServerSocket.<init>(ServerSocket.java:274)
	at java.base/java.net.ServerSocket.<init>(ServerSocket.java:218)
	at java.base/javax.net.ssl.SSLServerSocket.<init>(SSLServerSocket.java:136)
	at java.base/sun.security.ssl.SSLServerSocketImpl.<init>(SSLServerSocketImpl.java:72)
	at java.base/sun.security.ssl.SSLServerSocketFactoryImpl.createServerSocket(SSLServerSocketFactoryImpl.java:73)
	at net.etfbl.org.chat.ChatServer.main(ChatServer.java:27)

нов 27, 2024 7:16:00 ПО ПОДНЕ net.etfbl.org.chat.ChatServer main
SEVERE: 
java.net.BindException: Address already in use: bind
	at java.base/sun.nio.ch.Net.bind0(Native Method)
	at java.base/sun.nio.ch.Net.bind(Net.java:555)
	at java.base/sun.nio.ch.Net.bind(Net.java:544)
	at java.base/sun.nio.ch.NioSocketImpl.bind(NioSocketImpl.java:648)
	at java.base/java.net.ServerSocket.bind(ServerSocket.java:388)
	at java.base/java.net.ServerSocket.<init>(ServerSocket.java:274)
	at java.base/java.net.ServerSocket.<init>(ServerSocket.java:218)
	at java.base/javax.net.ssl.SSLServerSocket.<init>(SSLServerSocket.java:136)
	at java.base/sun.security.ssl.SSLServerSocketImpl.<init>(SSLServerSocketImpl.java:72)
	at java.base/sun.security.ssl.SSLServerSocketFactoryImpl.createServerSocket(SSLServerSocketFactoryImpl.java:73)
	at net.etfbl.org.chat.ChatServer.main(ChatServer.java:27)

нов 27, 2024 8:30:42 ПО ПОДНЕ net.etfbl.org.chat.ChatServer main
SEVERE: 
java.net.BindException: Address already in use: bind
	at java.base/sun.nio.ch.Net.bind0(Native Method)
	at java.base/sun.nio.ch.Net.bind(Net.java:555)
	at java.base/sun.nio.ch.Net.bind(Net.java:544)
	at java.base/sun.nio.ch.NioSocketImpl.bind(NioSocketImpl.java:648)
	at java.base/java.net.ServerSocket.bind(ServerSocket.java:388)
	at java.base/java.net.ServerSocket.<init>(ServerSocket.java:274)
	at java.base/java.net.ServerSocket.<init>(ServerSocket.java:218)
	at java.base/javax.net.ssl.SSLServerSocket.<init>(SSLServerSocket.java:136)
	at java.base/sun.security.ssl.SSLServerSocketImpl.<init>(SSLServerSocketImpl.java:72)
	at java.base/sun.security.ssl.SSLServerSocketFactoryImpl.createServerSocket(SSLServerSocketFactoryImpl.java:73)
	at net.etfbl.org.chat.ChatServer.main(ChatServer.java:27)

нов 28, 2024 8:23:05 ПРИЈЕ ПОДНЕ net.etfbl.org.userControllers.UserMainWindowController showBooks
SEVERE: 
java.net.SocketException: Connection reset
	at java.base/sun.nio.ch.NioSocketImpl.implRead(NioSocketImpl.java:328)
	at java.base/sun.nio.ch.NioSocketImpl.read(NioSocketImpl.java:355)
	at java.base/sun.nio.ch.NioSocketImpl$1.read(NioSocketImpl.java:808)
	at java.base/java.net.Socket$SocketInputStream.read(Socket.java:966)
	at java.base/java.io.BufferedInputStream.fill(BufferedInputStream.java:244)
	at java.base/java.io.BufferedInputStream.read1(BufferedInputStream.java:284)
	at java.base/java.io.BufferedInputStream.read(BufferedInputStream.java:343)
	at java.base/sun.net.www.http.HttpClient.parseHTTPHeader(HttpClient.java:827)
	at java.base/sun.net.www.http.HttpClient.parseHTTP(HttpClient.java:762)
	at java.base/sun.net.www.http.HttpClient.parseHTTPHeader(HttpClient.java:952)
	at java.base/sun.net.www.http.HttpClient.parseHTTP(HttpClient.java:762)
	at java.base/sun.net.www.protocol.http.HttpURLConnection.getInputStream0(HttpURLConnection.java:1724)
	at java.base/sun.net.www.protocol.http.HttpURLConnection.getInputStream(HttpURLConnection.java:1625)
	at java.base/java.net.HttpURLConnection.getResponseCode(HttpURLConnection.java:529)
	at net.etfbl.org.userControllers.UserMainWindowController.showBooks(UserMainWindowController.java:252)
	at java.base/jdk.internal.reflect.NativeMethodAccessorImpl.invoke0(Native Method)
	at java.base/jdk.internal.reflect.NativeMethodAccessorImpl.invoke(NativeMethodAccessorImpl.java:77)
	at java.base/jdk.internal.reflect.DelegatingMethodAccessorImpl.invoke(DelegatingMethodAccessorImpl.java:43)
	at java.base/java.lang.reflect.Method.invoke(Method.java:568)
	at com.sun.javafx.reflect.Trampoline.invoke(MethodUtil.java:77)
	at jdk.internal.reflect.GeneratedMethodAccessor2.invoke(Unknown Source)
	at java.base/jdk.internal.reflect.DelegatingMethodAccessorImpl.invoke(DelegatingMethodAccessorImpl.java:43)
	at java.base/java.lang.reflect.Method.invoke(Method.java:568)
	at javafx.base/com.sun.javafx.reflect.MethodUtil.invoke(MethodUtil.java:275)
	at javafx.fxml/com.sun.javafx.fxml.MethodHelper.invoke(MethodHelper.java:84)
	at javafx.fxml/javafx.fxml.FXMLLoader$MethodHandler.invoke(FXMLLoader.java:1852)
	at javafx.fxml/javafx.fxml.FXMLLoader$ControllerMethodEventHandler.handle(FXMLLoader.java:1724)
	at javafx.base/com.sun.javafx.event.CompositeEventHandler.dispatchBubblingEvent(CompositeEventHandler.java:86)
	at javafx.base/com.sun.javafx.event.EventHandlerManager.dispatchBubblingEvent(EventHandlerManager.java:234)
	at javafx.base/com.sun.javafx.event.EventHandlerManager.dispatchBubblingEvent(EventHandlerManager.java:191)
	at javafx.base/com.sun.javafx.event.CompositeEventDispatcher.dispatchBubblingEvent(CompositeEventDispatcher.java:59)
	at javafx.base/com.sun.javafx.event.BasicEventDispatcher.dispatchEvent(BasicEventDispatcher.java:58)
	at javafx.base/com.sun.javafx.event.EventDispatchChainImpl.dispatchEvent(EventDispatchChainImpl.java:114)
	at javafx.base/com.sun.javafx.event.BasicEventDispatcher.dispatchEvent(BasicEventDispatcher.java:56)
	at javafx.base/com.sun.javafx.event.EventDispatchChainImpl.dispatchEvent(EventDispatchChainImpl.java:114)
	at javafx.base/com.sun.javafx.event.BasicEventDispatcher.dispatchEvent(BasicEventDispatcher.java:56)
	at javafx.base/com.sun.javafx.event.EventDispatchChainImpl.dispatchEvent(EventDispatchChainImpl.java:114)
	at javafx.base/com.sun.javafx.event.EventUtil.fireEventImpl(EventUtil.java:74)
	at javafx.base/com.sun.javafx.event.EventUtil.fireEvent(EventUtil.java:49)
	at javafx.base/javafx.event.Event.fireEvent(Event.java:198)
	at javafx.graphics/javafx.scene.Node.fireEvent(Node.java:8792)
	at javafx.controls/javafx.scene.control.Button.fire(Button.java:203)
	at javafx.controls/com.sun.javafx.scene.control.behavior.ButtonBehavior.mouseReleased(ButtonBehavior.java:208)
	at javafx.controls/com.sun.javafx.scene.control.inputmap.InputMap.handle(InputMap.java:274)
	at javafx.base/com.sun.javafx.event.CompositeEventHandler$NormalEventHandlerRecord.handleBubblingEvent(CompositeEventHandler.java:247)
	at javafx.base/com.sun.javafx.event.CompositeEventHandler.dispatchBubblingEvent(CompositeEventHandler.java:80)
	at javafx.base/com.sun.javafx.event.EventHandlerManager.dispatchBubblingEvent(EventHandlerManager.java:234)
	at javafx.base/com.sun.javafx.event.EventHandlerManager.dispatchBubblingEvent(EventHandlerManager.java:191)
	at javafx.base/com.sun.javafx.event.CompositeEventDispatcher.dispatchBubblingEvent(CompositeEventDispatcher.java:59)
	at javafx.base/com.sun.javafx.event.BasicEventDispatcher.dispatchEvent(BasicEventDispatcher.java:58)
	at javafx.base/com.sun.javafx.event.EventDispatchChainImpl.dispatchEvent(EventDispatchChainImpl.java:114)
	at javafx.base/com.sun.javafx.event.BasicEventDispatcher.dispatchEvent(BasicEventDispatcher.java:56)
	at javafx.base/com.sun.javafx.event.EventDispatchChainImpl.dispatchEvent(EventDispatchChainImpl.java:114)
	at javafx.base/com.sun.javafx.event.BasicEventDispatcher.dispatchEvent(BasicEventDispatcher.java:56)
	at javafx.base/com.sun.javafx.event.EventDispatchChainImpl.dispatchEvent(EventDispatchChainImpl.java:114)
	at javafx.base/com.sun.javafx.event.EventUtil.fireEventImpl(EventUtil.java:74)
	at javafx.base/com.sun.javafx.event.EventUtil.fireEvent(EventUtil.java:54)
	at javafx.base/javafx.event.Event.fireEvent(Event.java:198)
	at javafx.graphics/javafx.scene.Scene$MouseHandler.process(Scene.java:3897)
	at javafx.graphics/javafx.scene.Scene.processMouseEvent(Scene.java:1878)
	at javafx.graphics/javafx.scene.Scene$ScenePeerListener.mouseEvent(Scene.java:2623)
	at javafx.graphics/com.sun.javafx.tk.quantum.GlassViewEventHandler$MouseEventNotification.run(GlassViewEventHandler.java:411)
	at javafx.graphics/com.sun.javafx.tk.quantum.GlassViewEventHandler$MouseEventNotification.run(GlassViewEventHandler.java:301)
	at java.base/java.security.AccessController.doPrivileged(AccessController.java:399)
	at javafx.graphics/com.sun.javafx.tk.quantum.GlassViewEventHandler.lambda$handleMouseEvent$2(GlassViewEventHandler.java:450)
	at javafx.graphics/com.sun.javafx.tk.quantum.QuantumToolkit.runWithoutRenderLock(QuantumToolkit.java:423)
	at javafx.graphics/com.sun.javafx.tk.quantum.GlassViewEventHandler.handleMouseEvent(GlassViewEventHandler.java:449)
	at javafx.graphics/com.sun.glass.ui.View.handleMouseEvent(View.java:551)
	at javafx.graphics/com.sun.glass.ui.View.notifyMouse(View.java:937)
	at javafx.graphics/com.sun.glass.ui.win.WinApplication._runLoop(Native Method)
	at javafx.graphics/com.sun.glass.ui.win.WinApplication.lambda$runLoop$3(WinApplication.java:184)
	at java.base/java.lang.Thread.run(Thread.java:842)

